[0.121s] DEBUG:colcon:Command line arguments: ['/usr/bin/colcon', 'build', '--symlink-install']
[0.121s] DEBUG:colcon:Parsed command line arguments: Namespace(log_base=None, log_level=None, verb_name='build', build_base='build', install_base='install', merge_install=False, symlink_install=True, test_result_base=None, continue_on_error=False, executor='parallel', parallel_workers=12, event_handlers=None, ignore_user_meta=False, metas=['./colcon.meta'], base_paths=['.'], packages_ignore=None, packages_ignore_regex=None, paths=None, packages_up_to=None, packages_up_to_regex=None, packages_above=None, packages_above_and_dependencies=None, packages_above_depth=None, packages_select_by_dep=None, packages_skip_by_dep=None, packages_skip_up_to=None, packages_select_build_failed=False, packages_skip_build_finished=False, packages_select_test_failures=False, packages_skip_test_passed=False, packages_select=None, packages_skip=None, packages_select_regex=None, packages_skip_regex=None, packages_start=None, packages_end=None, allow_overriding=[], cmake_args=None, cmake_target=None, cmake_target_skip_unavailable=False, cmake_clean_cache=False, cmake_clean_first=False, cmake_force_configure=False, ament_cmake_args=None, catkin_cmake_args=None, catkin_skip_building_tests=False, mixin_files=None, mixin=None, verb_parser=<colcon_mixin.mixin.mixin_argument.MixinArgumentDecorator object at 0x721c1abe8d40>, verb_extension=<colcon_core.verb.build.BuildVerb object at 0x721c1ab155e0>, main=<bound method BuildVerb.main of <colcon_core.verb.build.BuildVerb object at 0x721c1ab155e0>>, mixin_verb=('build',))
[0.157s] Level 1:colcon.colcon_core.package_discovery:discover_packages(colcon_meta) check parameters
[0.157s] Level 1:colcon.colcon_core.package_discovery:discover_packages(recursive) check parameters
[0.157s] Level 1:colcon.colcon_core.package_discovery:discover_packages(ignore) check parameters
[0.157s] Level 1:colcon.colcon_core.package_discovery:discover_packages(path) check parameters
[0.157s] Level 1:colcon.colcon_core.package_discovery:discover_packages(colcon_meta) discover
[0.157s] Level 1:colcon.colcon_core.package_discovery:discover_packages(recursive) discover
[0.157s] INFO:colcon.colcon_core.package_discovery:Crawling recursively for packages in '/home/kaisar/warehouse_robot/robot'
[0.157s] Level 1:colcon.colcon_core.package_identification:_identify(.) by extensions ['ignore', 'ignore_ament_install']
[0.157s] Level 1:colcon.colcon_core.package_identification:_identify(.) by extension 'ignore'
[0.157s] Level 1:colcon.colcon_core.package_identification:_identify(.) by extension 'ignore_ament_install'
[0.157s] Level 1:colcon.colcon_core.package_identification:_identify(.) by extensions ['colcon_pkg']
[0.158s] Level 1:colcon.colcon_core.package_identification:_identify(.) by extension 'colcon_pkg'
[0.158s] Level 1:colcon.colcon_core.package_identification:_identify(.) by extensions ['colcon_meta']
[0.158s] Level 1:colcon.colcon_core.package_identification:_identify(.) by extension 'colcon_meta'
[0.158s] Level 1:colcon.colcon_core.package_identification:_identify(.) by extensions ['ros']
[0.158s] Level 1:colcon.colcon_core.package_identification:_identify(.) by extension 'ros'
[0.180s] Level 1:colcon.colcon_core.package_identification:_identify(.) by extensions ['cmake', 'python']
[0.180s] Level 1:colcon.colcon_core.package_identification:_identify(.) by extension 'cmake'
[0.180s] Level 1:colcon.colcon_core.package_identification:_identify(.) by extension 'python'
[0.180s] Level 1:colcon.colcon_core.package_identification:_identify(.) by extensions ['python_setup_py']
[0.180s] Level 1:colcon.colcon_core.package_identification:_identify(.) by extension 'python_setup_py'
[0.180s] Level 1:colcon.colcon_core.package_identification:_identify(build) by extensions ['ignore', 'ignore_ament_install']
[0.180s] Level 1:colcon.colcon_core.package_identification:_identify(build) by extension 'ignore'
[0.180s] Level 1:colcon.colcon_core.package_identification:_identify(build) ignored
[0.180s] Level 1:colcon.colcon_core.package_identification:_identify(install) by extensions ['ignore', 'ignore_ament_install']
[0.180s] Level 1:colcon.colcon_core.package_identification:_identify(install) by extension 'ignore'
[0.180s] Level 1:colcon.colcon_core.package_identification:_identify(install) ignored
[0.181s] Level 1:colcon.colcon_core.package_identification:_identify(log) by extensions ['ignore', 'ignore_ament_install']
[0.181s] Level 1:colcon.colcon_core.package_identification:_identify(log) by extension 'ignore'
[0.181s] Level 1:colcon.colcon_core.package_identification:_identify(log) ignored
[0.181s] Level 1:colcon.colcon_core.package_identification:_identify(ws) by extensions ['ignore', 'ignore_ament_install']
[0.181s] Level 1:colcon.colcon_core.package_identification:_identify(ws) by extension 'ignore'
[0.181s] Level 1:colcon.colcon_core.package_identification:_identify(ws) by extension 'ignore_ament_install'
[0.181s] Level 1:colcon.colcon_core.package_identification:_identify(ws) by extensions ['colcon_pkg']
[0.181s] Level 1:colcon.colcon_core.package_identification:_identify(ws) by extension 'colcon_pkg'
[0.181s] Level 1:colcon.colcon_core.package_identification:_identify(ws) by extensions ['colcon_meta']
[0.181s] Level 1:colcon.colcon_core.package_identification:_identify(ws) by extension 'colcon_meta'
[0.181s] Level 1:colcon.colcon_core.package_identification:_identify(ws) by extensions ['ros']
[0.181s] Level 1:colcon.colcon_core.package_identification:_identify(ws) by extension 'ros'
[0.181s] Level 1:colcon.colcon_core.package_identification:_identify(ws) by extensions ['cmake', 'python']
[0.181s] Level 1:colcon.colcon_core.package_identification:_identify(ws) by extension 'cmake'
[0.181s] Level 1:colcon.colcon_core.package_identification:_identify(ws) by extension 'python'
[0.181s] Level 1:colcon.colcon_core.package_identification:_identify(ws) by extensions ['python_setup_py']
[0.181s] Level 1:colcon.colcon_core.package_identification:_identify(ws) by extension 'python_setup_py'
[0.181s] Level 1:colcon.colcon_core.package_identification:_identify(ws/src) by extensions ['ignore', 'ignore_ament_install']
[0.181s] Level 1:colcon.colcon_core.package_identification:_identify(ws/src) by extension 'ignore'
[0.181s] Level 1:colcon.colcon_core.package_identification:_identify(ws/src) by extension 'ignore_ament_install'
[0.181s] Level 1:colcon.colcon_core.package_identification:_identify(ws/src) by extensions ['colcon_pkg']
[0.181s] Level 1:colcon.colcon_core.package_identification:_identify(ws/src) by extension 'colcon_pkg'
[0.181s] Level 1:colcon.colcon_core.package_identification:_identify(ws/src) by extensions ['colcon_meta']
[0.182s] Level 1:colcon.colcon_core.package_identification:_identify(ws/src) by extension 'colcon_meta'
[0.182s] Level 1:colcon.colcon_core.package_identification:_identify(ws/src) by extensions ['ros']
[0.182s] Level 1:colcon.colcon_core.package_identification:_identify(ws/src) by extension 'ros'
[0.182s] Level 1:colcon.colcon_core.package_identification:_identify(ws/src) by extensions ['cmake', 'python']
[0.182s] Level 1:colcon.colcon_core.package_identification:_identify(ws/src) by extension 'cmake'
[0.182s] Level 1:colcon.colcon_core.package_identification:_identify(ws/src) by extension 'python'
[0.182s] Level 1:colcon.colcon_core.package_identification:_identify(ws/src) by extensions ['python_setup_py']
[0.182s] Level 1:colcon.colcon_core.package_identification:_identify(ws/src) by extension 'python_setup_py'
[0.182s] Level 1:colcon.colcon_core.package_identification:_identify(ws/src/Stage) by extensions ['ignore', 'ignore_ament_install']
[0.182s] Level 1:colcon.colcon_core.package_identification:_identify(ws/src/Stage) by extension 'ignore'
[0.182s] Level 1:colcon.colcon_core.package_identification:_identify(ws/src/Stage) by extension 'ignore_ament_install'
[0.182s] Level 1:colcon.colcon_core.package_identification:_identify(ws/src/Stage) by extensions ['colcon_pkg']
[0.182s] Level 1:colcon.colcon_core.package_identification:_identify(ws/src/Stage) by extension 'colcon_pkg'
[0.182s] Level 1:colcon.colcon_core.package_identification:_identify(ws/src/Stage) by extensions ['colcon_meta']
[0.182s] Level 1:colcon.colcon_core.package_identification:_identify(ws/src/Stage) by extension 'colcon_meta'
[0.182s] Level 1:colcon.colcon_core.package_identification:_identify(ws/src/Stage) by extensions ['ros']
[0.182s] Level 1:colcon.colcon_core.package_identification:_identify(ws/src/Stage) by extension 'ros'
[0.184s] DEBUG:colcon.colcon_core.package_identification:Package 'ws/src/Stage' with type 'ros.catkin' and name 'stage'
[0.185s] Level 1:colcon.colcon_core.package_identification:_identify(ws/src/nav2) by extensions ['ignore', 'ignore_ament_install']
[0.185s] Level 1:colcon.colcon_core.package_identification:_identify(ws/src/nav2) by extension 'ignore'
[0.185s] Level 1:colcon.colcon_core.package_identification:_identify(ws/src/nav2) by extension 'ignore_ament_install'
[0.185s] Level 1:colcon.colcon_core.package_identification:_identify(ws/src/nav2) by extensions ['colcon_pkg']
[0.185s] Level 1:colcon.colcon_core.package_identification:_identify(ws/src/nav2) by extension 'colcon_pkg'
[0.185s] Level 1:colcon.colcon_core.package_identification:_identify(ws/src/nav2) by extensions ['colcon_meta']
[0.185s] Level 1:colcon.colcon_core.package_identification:_identify(ws/src/nav2) by extension 'colcon_meta'
[0.185s] Level 1:colcon.colcon_core.package_identification:_identify(ws/src/nav2) by extensions ['ros']
[0.185s] Level 1:colcon.colcon_core.package_identification:_identify(ws/src/nav2) by extension 'ros'
[0.187s] DEBUG:colcon.colcon_core.package_identification:Package 'ws/src/nav2' with type 'ros.ament_cmake' and name 'nav2'
[0.187s] Level 1:colcon.colcon_core.package_identification:_identify(ws/src/robot_control) by extensions ['ignore', 'ignore_ament_install']
[0.187s] Level 1:colcon.colcon_core.package_identification:_identify(ws/src/robot_control) by extension 'ignore'
[0.187s] Level 1:colcon.colcon_core.package_identification:_identify(ws/src/robot_control) by extension 'ignore_ament_install'
[0.187s] Level 1:colcon.colcon_core.package_identification:_identify(ws/src/robot_control) by extensions ['colcon_pkg']
[0.187s] Level 1:colcon.colcon_core.package_identification:_identify(ws/src/robot_control) by extension 'colcon_pkg'
[0.187s] Level 1:colcon.colcon_core.package_identification:_identify(ws/src/robot_control) by extensions ['colcon_meta']
[0.187s] Level 1:colcon.colcon_core.package_identification:_identify(ws/src/robot_control) by extension 'colcon_meta'
[0.187s] Level 1:colcon.colcon_core.package_identification:_identify(ws/src/robot_control) by extensions ['ros']
[0.187s] Level 1:colcon.colcon_core.package_identification:_identify(ws/src/robot_control) by extension 'ros'
[0.188s] DEBUG:colcon.colcon_core.package_identification:Package 'ws/src/robot_control' with type 'ros.ament_python' and name 'robot_control'
[0.188s] Level 1:colcon.colcon_core.package_identification:_identify(ws/src/robot_gateway) by extensions ['ignore', 'ignore_ament_install']
[0.188s] Level 1:colcon.colcon_core.package_identification:_identify(ws/src/robot_gateway) by extension 'ignore'
[0.188s] Level 1:colcon.colcon_core.package_identification:_identify(ws/src/robot_gateway) by extension 'ignore_ament_install'
[0.188s] Level 1:colcon.colcon_core.package_identification:_identify(ws/src/robot_gateway) by extensions ['colcon_pkg']
[0.188s] Level 1:colcon.colcon_core.package_identification:_identify(ws/src/robot_gateway) by extension 'colcon_pkg'
[0.188s] Level 1:colcon.colcon_core.package_identification:_identify(ws/src/robot_gateway) by extensions ['colcon_meta']
[0.188s] Level 1:colcon.colcon_core.package_identification:_identify(ws/src/robot_gateway) by extension 'colcon_meta'
[0.188s] Level 1:colcon.colcon_core.package_identification:_identify(ws/src/robot_gateway) by extensions ['ros']
[0.188s] Level 1:colcon.colcon_core.package_identification:_identify(ws/src/robot_gateway) by extension 'ros'
[0.189s] DEBUG:colcon.colcon_core.package_identification:Package 'ws/src/robot_gateway' with type 'ros.ament_python' and name 'robot_gateway'
[0.189s] Level 1:colcon.colcon_core.package_identification:_identify(ws/src/robot_http_api) by extensions ['ignore', 'ignore_ament_install']
[0.189s] Level 1:colcon.colcon_core.package_identification:_identify(ws/src/robot_http_api) by extension 'ignore'
[0.189s] Level 1:colcon.colcon_core.package_identification:_identify(ws/src/robot_http_api) by extension 'ignore_ament_install'
[0.189s] Level 1:colcon.colcon_core.package_identification:_identify(ws/src/robot_http_api) by extensions ['colcon_pkg']
[0.189s] Level 1:colcon.colcon_core.package_identification:_identify(ws/src/robot_http_api) by extension 'colcon_pkg'
[0.189s] Level 1:colcon.colcon_core.package_identification:_identify(ws/src/robot_http_api) by extensions ['colcon_meta']
[0.189s] Level 1:colcon.colcon_core.package_identification:_identify(ws/src/robot_http_api) by extension 'colcon_meta'
[0.189s] Level 1:colcon.colcon_core.package_identification:_identify(ws/src/robot_http_api) by extensions ['ros']
[0.189s] Level 1:colcon.colcon_core.package_identification:_identify(ws/src/robot_http_api) by extension 'ros'
[0.189s] Level 1:colcon.colcon_core.package_identification:_identify(ws/src/robot_http_api) by extensions ['cmake', 'python']
[0.189s] Level 1:colcon.colcon_core.package_identification:_identify(ws/src/robot_http_api) by extension 'cmake'
[0.189s] Level 1:colcon.colcon_core.package_identification:_identify(ws/src/robot_http_api) by extension 'python'
[0.189s] Level 1:colcon.colcon_core.package_identification:_identify(ws/src/robot_http_api) by extensions ['python_setup_py']
[0.189s] Level 1:colcon.colcon_core.package_identification:_identify(ws/src/robot_http_api) by extension 'python_setup_py'
[0.189s] Level 1:colcon.colcon_core.package_identification:_identify(ws/src/robot_http_api/resource) by extensions ['ignore', 'ignore_ament_install']
[0.189s] Level 1:colcon.colcon_core.package_identification:_identify(ws/src/robot_http_api/resource) by extension 'ignore'
[0.189s] Level 1:colcon.colcon_core.package_identification:_identify(ws/src/robot_http_api/resource) by extension 'ignore_ament_install'
[0.189s] Level 1:colcon.colcon_core.package_identification:_identify(ws/src/robot_http_api/resource) by extensions ['colcon_pkg']
[0.189s] Level 1:colcon.colcon_core.package_identification:_identify(ws/src/robot_http_api/resource) by extension 'colcon_pkg'
[0.189s] Level 1:colcon.colcon_core.package_identification:_identify(ws/src/robot_http_api/resource) by extensions ['colcon_meta']
[0.189s] Level 1:colcon.colcon_core.package_identification:_identify(ws/src/robot_http_api/resource) by extension 'colcon_meta'
[0.189s] Level 1:colcon.colcon_core.package_identification:_identify(ws/src/robot_http_api/resource) by extensions ['ros']
[0.190s] Level 1:colcon.colcon_core.package_identification:_identify(ws/src/robot_http_api/resource) by extension 'ros'
[0.190s] Level 1:colcon.colcon_core.package_identification:_identify(ws/src/robot_http_api/resource) by extensions ['cmake', 'python']
[0.190s] Level 1:colcon.colcon_core.package_identification:_identify(ws/src/robot_http_api/resource) by extension 'cmake'
[0.190s] Level 1:colcon.colcon_core.package_identification:_identify(ws/src/robot_http_api/resource) by extension 'python'
[0.190s] Level 1:colcon.colcon_core.package_identification:_identify(ws/src/robot_http_api/resource) by extensions ['python_setup_py']
[0.190s] Level 1:colcon.colcon_core.package_identification:_identify(ws/src/robot_http_api/resource) by extension 'python_setup_py'
[0.190s] Level 1:colcon.colcon_core.package_identification:_identify(ws/src/robot_http_api/robot_http_api) by extensions ['ignore', 'ignore_ament_install']
[0.190s] Level 1:colcon.colcon_core.package_identification:_identify(ws/src/robot_http_api/robot_http_api) by extension 'ignore'
[0.190s] Level 1:colcon.colcon_core.package_identification:_identify(ws/src/robot_http_api/robot_http_api) by extension 'ignore_ament_install'
[0.190s] Level 1:colcon.colcon_core.package_identification:_identify(ws/src/robot_http_api/robot_http_api) by extensions ['colcon_pkg']
[0.190s] Level 1:colcon.colcon_core.package_identification:_identify(ws/src/robot_http_api/robot_http_api) by extension 'colcon_pkg'
[0.190s] Level 1:colcon.colcon_core.package_identification:_identify(ws/src/robot_http_api/robot_http_api) by extensions ['colcon_meta']
[0.190s] Level 1:colcon.colcon_core.package_identification:_identify(ws/src/robot_http_api/robot_http_api) by extension 'colcon_meta'
[0.190s] Level 1:colcon.colcon_core.package_identification:_identify(ws/src/robot_http_api/robot_http_api) by extensions ['ros']
[0.190s] Level 1:colcon.colcon_core.package_identification:_identify(ws/src/robot_http_api/robot_http_api) by extension 'ros'
[0.190s] Level 1:colcon.colcon_core.package_identification:_identify(ws/src/robot_http_api/robot_http_api) by extensions ['cmake', 'python']
[0.190s] Level 1:colcon.colcon_core.package_identification:_identify(ws/src/robot_http_api/robot_http_api) by extension 'cmake'
[0.190s] Level 1:colcon.colcon_core.package_identification:_identify(ws/src/robot_http_api/robot_http_api) by extension 'python'
[0.190s] Level 1:colcon.colcon_core.package_identification:_identify(ws/src/robot_http_api/robot_http_api) by extensions ['python_setup_py']
[0.190s] Level 1:colcon.colcon_core.package_identification:_identify(ws/src/robot_http_api/robot_http_api) by extension 'python_setup_py'
[0.190s] Level 1:colcon.colcon_core.package_identification:_identify(ws/src/robot_http_api/robot_http_api/__pycache__) by extensions ['ignore', 'ignore_ament_install']
[0.190s] Level 1:colcon.colcon_core.package_identification:_identify(ws/src/robot_http_api/robot_http_api/__pycache__) by extension 'ignore'
[0.191s] Level 1:colcon.colcon_core.package_identification:_identify(ws/src/robot_http_api/robot_http_api/__pycache__) by extension 'ignore_ament_install'
[0.191s] Level 1:colcon.colcon_core.package_identification:_identify(ws/src/robot_http_api/robot_http_api/__pycache__) by extensions ['colcon_pkg']
[0.191s] Level 1:colcon.colcon_core.package_identification:_identify(ws/src/robot_http_api/robot_http_api/__pycache__) by extension 'colcon_pkg'
[0.191s] Level 1:colcon.colcon_core.package_identification:_identify(ws/src/robot_http_api/robot_http_api/__pycache__) by extensions ['colcon_meta']
[0.191s] Level 1:colcon.colcon_core.package_identification:_identify(ws/src/robot_http_api/robot_http_api/__pycache__) by extension 'colcon_meta'
[0.191s] Level 1:colcon.colcon_core.package_identification:_identify(ws/src/robot_http_api/robot_http_api/__pycache__) by extensions ['ros']
[0.191s] Level 1:colcon.colcon_core.package_identification:_identify(ws/src/robot_http_api/robot_http_api/__pycache__) by extension 'ros'
[0.191s] Level 1:colcon.colcon_core.package_identification:_identify(ws/src/robot_http_api/robot_http_api/__pycache__) by extensions ['cmake', 'python']
[0.191s] Level 1:colcon.colcon_core.package_identification:_identify(ws/src/robot_http_api/robot_http_api/__pycache__) by extension 'cmake'
[0.191s] Level 1:colcon.colcon_core.package_identification:_identify(ws/src/robot_http_api/robot_http_api/__pycache__) by extension 'python'
[0.191s] Level 1:colcon.colcon_core.package_identification:_identify(ws/src/robot_http_api/robot_http_api/__pycache__) by extensions ['python_setup_py']
[0.191s] Level 1:colcon.colcon_core.package_identification:_identify(ws/src/robot_http_api/robot_http_api/__pycache__) by extension 'python_setup_py'
[0.191s] Level 1:colcon.colcon_core.package_identification:_identify(ws/src/robot_http_api/robot_http_api/static) by extensions ['ignore', 'ignore_ament_install']
[0.191s] Level 1:colcon.colcon_core.package_identification:_identify(ws/src/robot_http_api/robot_http_api/static) by extension 'ignore'
[0.191s] Level 1:colcon.colcon_core.package_identification:_identify(ws/src/robot_http_api/robot_http_api/static) by extension 'ignore_ament_install'
[0.191s] Level 1:colcon.colcon_core.package_identification:_identify(ws/src/robot_http_api/robot_http_api/static) by extensions ['colcon_pkg']
[0.191s] Level 1:colcon.colcon_core.package_identification:_identify(ws/src/robot_http_api/robot_http_api/static) by extension 'colcon_pkg'
[0.191s] Level 1:colcon.colcon_core.package_identification:_identify(ws/src/robot_http_api/robot_http_api/static) by extensions ['colcon_meta']
[0.191s] Level 1:colcon.colcon_core.package_identification:_identify(ws/src/robot_http_api/robot_http_api/static) by extension 'colcon_meta'
[0.191s] Level 1:colcon.colcon_core.package_identification:_identify(ws/src/robot_http_api/robot_http_api/static) by extensions ['ros']
[0.191s] Level 1:colcon.colcon_core.package_identification:_identify(ws/src/robot_http_api/robot_http_api/static) by extension 'ros'
[0.191s] Level 1:colcon.colcon_core.package_identification:_identify(ws/src/robot_http_api/robot_http_api/static) by extensions ['cmake', 'python']
[0.191s] Level 1:colcon.colcon_core.package_identification:_identify(ws/src/robot_http_api/robot_http_api/static) by extension 'cmake'
[0.191s] Level 1:colcon.colcon_core.package_identification:_identify(ws/src/robot_http_api/robot_http_api/static) by extension 'python'
[0.191s] Level 1:colcon.colcon_core.package_identification:_identify(ws/src/robot_http_api/robot_http_api/static) by extensions ['python_setup_py']
[0.192s] Level 1:colcon.colcon_core.package_identification:_identify(ws/src/robot_http_api/robot_http_api/static) by extension 'python_setup_py'
[0.192s] Level 1:colcon.colcon_core.package_identification:_identify(ws/src/robot_msgs) by extensions ['ignore', 'ignore_ament_install']
[0.192s] Level 1:colcon.colcon_core.package_identification:_identify(ws/src/robot_msgs) by extension 'ignore'
[0.192s] Level 1:colcon.colcon_core.package_identification:_identify(ws/src/robot_msgs) by extension 'ignore_ament_install'
[0.192s] Level 1:colcon.colcon_core.package_identification:_identify(ws/src/robot_msgs) by extensions ['colcon_pkg']
[0.192s] Level 1:colcon.colcon_core.package_identification:_identify(ws/src/robot_msgs) by extension 'colcon_pkg'
[0.192s] Level 1:colcon.colcon_core.package_identification:_identify(ws/src/robot_msgs) by extensions ['colcon_meta']
[0.192s] Level 1:colcon.colcon_core.package_identification:_identify(ws/src/robot_msgs) by extension 'colcon_meta'
[0.192s] Level 1:colcon.colcon_core.package_identification:_identify(ws/src/robot_msgs) by extensions ['ros']
[0.192s] Level 1:colcon.colcon_core.package_identification:_identify(ws/src/robot_msgs) by extension 'ros'
[0.192s] DEBUG:colcon.colcon_core.package_identification:Package 'ws/src/robot_msgs' with type 'ros.ament_cmake' and name 'robot_msgs'
[0.192s] Level 1:colcon.colcon_core.package_identification:_identify(ws/src/robot_planner) by extensions ['ignore', 'ignore_ament_install']
[0.192s] Level 1:colcon.colcon_core.package_identification:_identify(ws/src/robot_planner) by extension 'ignore'
[0.193s] Level 1:colcon.colcon_core.package_identification:_identify(ws/src/robot_planner) by extension 'ignore_ament_install'
[0.193s] Level 1:colcon.colcon_core.package_identification:_identify(ws/src/robot_planner) by extensions ['colcon_pkg']
[0.193s] Level 1:colcon.colcon_core.package_identification:_identify(ws/src/robot_planner) by extension 'colcon_pkg'
[0.193s] Level 1:colcon.colcon_core.package_identification:_identify(ws/src/robot_planner) by extensions ['colcon_meta']
[0.193s] Level 1:colcon.colcon_core.package_identification:_identify(ws/src/robot_planner) by extension 'colcon_meta'
[0.193s] Level 1:colcon.colcon_core.package_identification:_identify(ws/src/robot_planner) by extensions ['ros']
[0.193s] Level 1:colcon.colcon_core.package_identification:_identify(ws/src/robot_planner) by extension 'ros'
[0.193s] DEBUG:colcon.colcon_core.package_identification:Package 'ws/src/robot_planner' with type 'ros.ament_python' and name 'robot_planner'
[0.193s] Level 1:colcon.colcon_core.package_identification:_identify(ws/src/robot_status) by extensions ['ignore', 'ignore_ament_install']
[0.193s] Level 1:colcon.colcon_core.package_identification:_identify(ws/src/robot_status) by extension 'ignore'
[0.193s] Level 1:colcon.colcon_core.package_identification:_identify(ws/src/robot_status) by extension 'ignore_ament_install'
[0.193s] Level 1:colcon.colcon_core.package_identification:_identify(ws/src/robot_status) by extensions ['colcon_pkg']
[0.193s] Level 1:colcon.colcon_core.package_identification:_identify(ws/src/robot_status) by extension 'colcon_pkg'
[0.193s] Level 1:colcon.colcon_core.package_identification:_identify(ws/src/robot_status) by extensions ['colcon_meta']
[0.193s] Level 1:colcon.colcon_core.package_identification:_identify(ws/src/robot_status) by extension 'colcon_meta'
[0.193s] Level 1:colcon.colcon_core.package_identification:_identify(ws/src/robot_status) by extensions ['ros']
[0.193s] Level 1:colcon.colcon_core.package_identification:_identify(ws/src/robot_status) by extension 'ros'
[0.194s] DEBUG:colcon.colcon_core.package_identification:Package 'ws/src/robot_status' with type 'ros.ament_python' and name 'robot_status'
[0.194s] Level 1:colcon.colcon_core.package_identification:_identify(ws/src/stage_ros2) by extensions ['ignore', 'ignore_ament_install']
[0.194s] Level 1:colcon.colcon_core.package_identification:_identify(ws/src/stage_ros2) by extension 'ignore'
[0.194s] Level 1:colcon.colcon_core.package_identification:_identify(ws/src/stage_ros2) by extension 'ignore_ament_install'
[0.194s] Level 1:colcon.colcon_core.package_identification:_identify(ws/src/stage_ros2) by extensions ['colcon_pkg']
[0.194s] Level 1:colcon.colcon_core.package_identification:_identify(ws/src/stage_ros2) by extension 'colcon_pkg'
[0.194s] Level 1:colcon.colcon_core.package_identification:_identify(ws/src/stage_ros2) by extensions ['colcon_meta']
[0.194s] Level 1:colcon.colcon_core.package_identification:_identify(ws/src/stage_ros2) by extension 'colcon_meta'
[0.194s] Level 1:colcon.colcon_core.package_identification:_identify(ws/src/stage_ros2) by extensions ['ros']
[0.194s] Level 1:colcon.colcon_core.package_identification:_identify(ws/src/stage_ros2) by extension 'ros'
[0.195s] DEBUG:colcon.colcon_core.package_identification:Package 'ws/src/stage_ros2' with type 'ros.ament_cmake' and name 'stage_ros2'
[0.195s] Level 1:colcon.colcon_core.package_identification:_identify(ws/src/trp1_description) by extensions ['ignore', 'ignore_ament_install']
[0.195s] Level 1:colcon.colcon_core.package_identification:_identify(ws/src/trp1_description) by extension 'ignore'
[0.195s] Level 1:colcon.colcon_core.package_identification:_identify(ws/src/trp1_description) by extension 'ignore_ament_install'
[0.195s] Level 1:colcon.colcon_core.package_identification:_identify(ws/src/trp1_description) by extensions ['colcon_pkg']
[0.195s] Level 1:colcon.colcon_core.package_identification:_identify(ws/src/trp1_description) by extension 'colcon_pkg'
[0.195s] Level 1:colcon.colcon_core.package_identification:_identify(ws/src/trp1_description) by extensions ['colcon_meta']
[0.195s] Level 1:colcon.colcon_core.package_identification:_identify(ws/src/trp1_description) by extension 'colcon_meta'
[0.195s] Level 1:colcon.colcon_core.package_identification:_identify(ws/src/trp1_description) by extensions ['ros']
[0.195s] Level 1:colcon.colcon_core.package_identification:_identify(ws/src/trp1_description) by extension 'ros'
[0.195s] DEBUG:colcon.colcon_core.package_identification:Package 'ws/src/trp1_description' with type 'ros.ament_cmake' and name 'trp1_description'
[0.196s] Level 1:colcon.colcon_core.package_discovery:discover_packages(recursive) using defaults
[0.196s] Level 1:colcon.colcon_core.package_discovery:discover_packages(ignore) discover
[0.196s] Level 1:colcon.colcon_core.package_discovery:discover_packages(ignore) using defaults
[0.196s] Level 1:colcon.colcon_core.package_discovery:discover_packages(path) discover
[0.196s] Level 1:colcon.colcon_core.package_discovery:discover_packages(path) using defaults
[0.216s] Level 1:colcon.colcon_core.package_discovery:discover_packages(prefix_path) check parameters
[0.216s] Level 1:colcon.colcon_core.package_discovery:discover_packages(prefix_path) discover
[0.218s] DEBUG:colcon.colcon_installed_package_information.package_discovery:Found 10 installed packages in /home/kaisar/warehouse_robot/robot/install
[0.218s] DEBUG:colcon.colcon_installed_package_information.package_discovery:Found 5 installed packages in /home/kaisar/warehouse_robot/install
[0.221s] DEBUG:colcon.colcon_installed_package_information.package_discovery:Found 498 installed packages in /opt/ros/jazzy
[0.222s] Level 1:colcon.colcon_core.package_discovery:discover_packages(prefix_path) using defaults
[0.298s] WARNING:colcon.colcon_core.package_selection:Some selected packages are already built in one or more underlay workspaces:
	'robot_planner' is in: /home/kaisar/warehouse_robot/robot/install/robot_planner
If a package in a merged underlay workspace is overridden and it installs headers, then all packages in the overlay must sort their include directories by workspace order. Failure to do so may result in build failures or undefined behavior at run time.
If the overridden package is used by another package in any underlay, then the overriding package in the overlay must be API and ABI compatible or undefined behavior at run time may occur.

If you understand the risks and want to override a package anyways, add the following to the command line:
	--allow-overriding robot_planner

This may be promoted to an error in a future release of colcon-override-check.
[0.299s] Level 5:colcon.colcon_core.verb:set package 'nav2' build argument 'cmake_args' from command line to 'None'
[0.299s] Level 5:colcon.colcon_core.verb:set package 'nav2' build argument 'cmake_target' from command line to 'None'
[0.299s] Level 5:colcon.colcon_core.verb:set package 'nav2' build argument 'cmake_target_skip_unavailable' from command line to 'False'
[0.299s] Level 5:colcon.colcon_core.verb:set package 'nav2' build argument 'cmake_clean_cache' from command line to 'False'
[0.299s] Level 5:colcon.colcon_core.verb:set package 'nav2' build argument 'cmake_clean_first' from command line to 'False'
[0.299s] Level 5:colcon.colcon_core.verb:set package 'nav2' build argument 'cmake_force_configure' from command line to 'False'
[0.299s] Level 5:colcon.colcon_core.verb:set package 'nav2' build argument 'ament_cmake_args' from command line to 'None'
[0.299s] Level 5:colcon.colcon_core.verb:set package 'nav2' build argument 'catkin_cmake_args' from command line to 'None'
[0.299s] Level 5:colcon.colcon_core.verb:set package 'nav2' build argument 'catkin_skip_building_tests' from command line to 'False'
[0.299s] DEBUG:colcon.colcon_core.verb:Building package 'nav2' with the following arguments: {'ament_cmake_args': None, 'build_base': '/home/kaisar/warehouse_robot/robot/build/nav2', 'catkin_cmake_args': None, 'catkin_skip_building_tests': False, 'cmake_args': None, 'cmake_clean_cache': False, 'cmake_clean_first': False, 'cmake_force_configure': False, 'cmake_target': None, 'cmake_target_skip_unavailable': False, 'install_base': '/home/kaisar/warehouse_robot/robot/install/nav2', 'merge_install': False, 'path': '/home/kaisar/warehouse_robot/robot/ws/src/nav2', 'symlink_install': True, 'test_result_base': None}
[0.300s] Level 5:colcon.colcon_core.verb:set package 'robot_msgs' build argument 'cmake_args' from command line to 'None'
[0.300s] Level 5:colcon.colcon_core.verb:set package 'robot_msgs' build argument 'cmake_target' from command line to 'None'
[0.300s] Level 5:colcon.colcon_core.verb:set package 'robot_msgs' build argument 'cmake_target_skip_unavailable' from command line to 'False'
[0.300s] Level 5:colcon.colcon_core.verb:set package 'robot_msgs' build argument 'cmake_clean_cache' from command line to 'False'
[0.300s] Level 5:colcon.colcon_core.verb:set package 'robot_msgs' build argument 'cmake_clean_first' from command line to 'False'
[0.300s] Level 5:colcon.colcon_core.verb:set package 'robot_msgs' build argument 'cmake_force_configure' from command line to 'False'
[0.300s] Level 5:colcon.colcon_core.verb:set package 'robot_msgs' build argument 'ament_cmake_args' from command line to 'None'
[0.300s] Level 5:colcon.colcon_core.verb:set package 'robot_msgs' build argument 'catkin_cmake_args' from command line to 'None'
[0.300s] Level 5:colcon.colcon_core.verb:set package 'robot_msgs' build argument 'catkin_skip_building_tests' from command line to 'False'
[0.300s] DEBUG:colcon.colcon_core.verb:Building package 'robot_msgs' with the following arguments: {'ament_cmake_args': None, 'build_base': '/home/kaisar/warehouse_robot/robot/build/robot_msgs', 'catkin_cmake_args': None, 'catkin_skip_building_tests': False, 'cmake_args': None, 'cmake_clean_cache': False, 'cmake_clean_first': False, 'cmake_force_configure': False, 'cmake_target': None, 'cmake_target_skip_unavailable': False, 'install_base': '/home/kaisar/warehouse_robot/robot/install/robot_msgs', 'merge_install': False, 'path': '/home/kaisar/warehouse_robot/robot/ws/src/robot_msgs', 'symlink_install': True, 'test_result_base': None}
[0.300s] Level 5:colcon.colcon_core.verb:set package 'stage' build argument 'cmake_args' from command line to 'None'
[0.300s] Level 5:colcon.colcon_core.verb:set package 'stage' build argument 'cmake_target' from command line to 'None'
[0.301s] Level 5:colcon.colcon_core.verb:set package 'stage' build argument 'cmake_target_skip_unavailable' from command line to 'False'
[0.301s] Level 5:colcon.colcon_core.verb:set package 'stage' build argument 'cmake_clean_cache' from command line to 'False'
[0.301s] Level 5:colcon.colcon_core.verb:set package 'stage' build argument 'cmake_clean_first' from command line to 'False'
[0.301s] Level 5:colcon.colcon_core.verb:set package 'stage' build argument 'cmake_force_configure' from command line to 'False'
[0.301s] Level 5:colcon.colcon_core.verb:set package 'stage' build argument 'ament_cmake_args' from command line to 'None'
[0.301s] Level 5:colcon.colcon_core.verb:set package 'stage' build argument 'catkin_cmake_args' from command line to 'None'
[0.301s] Level 5:colcon.colcon_core.verb:set package 'stage' build argument 'catkin_skip_building_tests' from command line to 'False'
[0.301s] DEBUG:colcon.colcon_core.verb:Building package 'stage' with the following arguments: {'ament_cmake_args': None, 'build_base': '/home/kaisar/warehouse_robot/robot/build/stage', 'catkin_cmake_args': None, 'catkin_skip_building_tests': False, 'cmake_args': None, 'cmake_clean_cache': False, 'cmake_clean_first': False, 'cmake_force_configure': False, 'cmake_target': None, 'cmake_target_skip_unavailable': False, 'install_base': '/home/kaisar/warehouse_robot/robot/install/stage', 'merge_install': False, 'path': '/home/kaisar/warehouse_robot/robot/ws/src/Stage', 'symlink_install': True, 'test_result_base': None}
[0.301s] Level 5:colcon.colcon_core.verb:set package 'trp1_description' build argument 'cmake_args' from command line to 'None'
[0.301s] Level 5:colcon.colcon_core.verb:set package 'trp1_description' build argument 'cmake_target' from command line to 'None'
[0.301s] Level 5:colcon.colcon_core.verb:set package 'trp1_description' build argument 'cmake_target_skip_unavailable' from command line to 'False'
[0.301s] Level 5:colcon.colcon_core.verb:set package 'trp1_description' build argument 'cmake_clean_cache' from command line to 'False'
[0.301s] Level 5:colcon.colcon_core.verb:set package 'trp1_description' build argument 'cmake_clean_first' from command line to 'False'
[0.301s] Level 5:colcon.colcon_core.verb:set package 'trp1_description' build argument 'cmake_force_configure' from command line to 'False'
[0.301s] Level 5:colcon.colcon_core.verb:set package 'trp1_description' build argument 'ament_cmake_args' from command line to 'None'
[0.301s] Level 5:colcon.colcon_core.verb:set package 'trp1_description' build argument 'catkin_cmake_args' from command line to 'None'
[0.301s] Level 5:colcon.colcon_core.verb:set package 'trp1_description' build argument 'catkin_skip_building_tests' from command line to 'False'
[0.301s] DEBUG:colcon.colcon_core.verb:Building package 'trp1_description' with the following arguments: {'ament_cmake_args': None, 'build_base': '/home/kaisar/warehouse_robot/robot/build/trp1_description', 'catkin_cmake_args': None, 'catkin_skip_building_tests': False, 'cmake_args': None, 'cmake_clean_cache': False, 'cmake_clean_first': False, 'cmake_force_configure': False, 'cmake_target': None, 'cmake_target_skip_unavailable': False, 'install_base': '/home/kaisar/warehouse_robot/robot/install/trp1_description', 'merge_install': False, 'path': '/home/kaisar/warehouse_robot/robot/ws/src/trp1_description', 'symlink_install': True, 'test_result_base': None}
[0.302s] Level 5:colcon.colcon_core.verb:set package 'robot_planner' build argument 'cmake_args' from command line to 'None'
[0.302s] Level 5:colcon.colcon_core.verb:set package 'robot_planner' build argument 'cmake_target' from command line to 'None'
[0.302s] Level 5:colcon.colcon_core.verb:set package 'robot_planner' build argument 'cmake_target_skip_unavailable' from command line to 'False'
[0.302s] Level 5:colcon.colcon_core.verb:set package 'robot_planner' build argument 'cmake_clean_cache' from command line to 'False'
[0.302s] Level 5:colcon.colcon_core.verb:set package 'robot_planner' build argument 'cmake_clean_first' from command line to 'False'
[0.302s] Level 5:colcon.colcon_core.verb:set package 'robot_planner' build argument 'cmake_force_configure' from command line to 'False'
[0.302s] Level 5:colcon.colcon_core.verb:set package 'robot_planner' build argument 'ament_cmake_args' from command line to 'None'
[0.302s] Level 5:colcon.colcon_core.verb:set package 'robot_planner' build argument 'catkin_cmake_args' from command line to 'None'
[0.302s] Level 5:colcon.colcon_core.verb:set package 'robot_planner' build argument 'catkin_skip_building_tests' from command line to 'False'
[0.302s] DEBUG:colcon.colcon_core.verb:Building package 'robot_planner' with the following arguments: {'ament_cmake_args': None, 'build_base': '/home/kaisar/warehouse_robot/robot/build/robot_planner', 'catkin_cmake_args': None, 'catkin_skip_building_tests': False, 'cmake_args': None, 'cmake_clean_cache': False, 'cmake_clean_first': False, 'cmake_force_configure': False, 'cmake_target': None, 'cmake_target_skip_unavailable': False, 'install_base': '/home/kaisar/warehouse_robot/robot/install/robot_planner', 'merge_install': False, 'path': '/home/kaisar/warehouse_robot/robot/ws/src/robot_planner', 'symlink_install': True, 'test_result_base': None}
[0.302s] Level 5:colcon.colcon_core.verb:set package 'stage_ros2' build argument 'cmake_args' from command line to 'None'
[0.302s] Level 5:colcon.colcon_core.verb:set package 'stage_ros2' build argument 'cmake_target' from command line to 'None'
[0.302s] Level 5:colcon.colcon_core.verb:set package 'stage_ros2' build argument 'cmake_target_skip_unavailable' from command line to 'False'
[0.302s] Level 5:colcon.colcon_core.verb:set package 'stage_ros2' build argument 'cmake_clean_cache' from command line to 'False'
[0.302s] Level 5:colcon.colcon_core.verb:set package 'stage_ros2' build argument 'cmake_clean_first' from command line to 'False'
[0.302s] Level 5:colcon.colcon_core.verb:set package 'stage_ros2' build argument 'cmake_force_configure' from command line to 'False'
[0.302s] Level 5:colcon.colcon_core.verb:set package 'stage_ros2' build argument 'ament_cmake_args' from command line to 'None'
[0.302s] Level 5:colcon.colcon_core.verb:set package 'stage_ros2' build argument 'catkin_cmake_args' from command line to 'None'
[0.302s] Level 5:colcon.colcon_core.verb:set package 'stage_ros2' build argument 'catkin_skip_building_tests' from command line to 'False'
[0.302s] DEBUG:colcon.colcon_core.verb:Building package 'stage_ros2' with the following arguments: {'ament_cmake_args': None, 'build_base': '/home/kaisar/warehouse_robot/robot/build/stage_ros2', 'catkin_cmake_args': None, 'catkin_skip_building_tests': False, 'cmake_args': None, 'cmake_clean_cache': False, 'cmake_clean_first': False, 'cmake_force_configure': False, 'cmake_target': None, 'cmake_target_skip_unavailable': False, 'install_base': '/home/kaisar/warehouse_robot/robot/install/stage_ros2', 'merge_install': False, 'path': '/home/kaisar/warehouse_robot/robot/ws/src/stage_ros2', 'symlink_install': True, 'test_result_base': None}
[0.302s] Level 5:colcon.colcon_core.verb:set package 'robot_control' build argument 'cmake_args' from command line to 'None'
[0.302s] Level 5:colcon.colcon_core.verb:set package 'robot_control' build argument 'cmake_target' from command line to 'None'
[0.302s] Level 5:colcon.colcon_core.verb:set package 'robot_control' build argument 'cmake_target_skip_unavailable' from command line to 'False'
[0.302s] Level 5:colcon.colcon_core.verb:set package 'robot_control' build argument 'cmake_clean_cache' from command line to 'False'
[0.302s] Level 5:colcon.colcon_core.verb:set package 'robot_control' build argument 'cmake_clean_first' from command line to 'False'
[0.303s] Level 5:colcon.colcon_core.verb:set package 'robot_control' build argument 'cmake_force_configure' from command line to 'False'
[0.303s] Level 5:colcon.colcon_core.verb:set package 'robot_control' build argument 'ament_cmake_args' from command line to 'None'
[0.303s] Level 5:colcon.colcon_core.verb:set package 'robot_control' build argument 'catkin_cmake_args' from command line to 'None'
[0.303s] Level 5:colcon.colcon_core.verb:set package 'robot_control' build argument 'catkin_skip_building_tests' from command line to 'False'
[0.303s] DEBUG:colcon.colcon_core.verb:Building package 'robot_control' with the following arguments: {'ament_cmake_args': None, 'build_base': '/home/kaisar/warehouse_robot/robot/build/robot_control', 'catkin_cmake_args': None, 'catkin_skip_building_tests': False, 'cmake_args': None, 'cmake_clean_cache': False, 'cmake_clean_first': False, 'cmake_force_configure': False, 'cmake_target': None, 'cmake_target_skip_unavailable': False, 'install_base': '/home/kaisar/warehouse_robot/robot/install/robot_control', 'merge_install': False, 'path': '/home/kaisar/warehouse_robot/robot/ws/src/robot_control', 'symlink_install': True, 'test_result_base': None}
[0.303s] Level 5:colcon.colcon_core.verb:set package 'robot_gateway' build argument 'cmake_args' from command line to 'None'
[0.303s] Level 5:colcon.colcon_core.verb:set package 'robot_gateway' build argument 'cmake_target' from command line to 'None'
[0.303s] Level 5:colcon.colcon_core.verb:set package 'robot_gateway' build argument 'cmake_target_skip_unavailable' from command line to 'False'
[0.303s] Level 5:colcon.colcon_core.verb:set package 'robot_gateway' build argument 'cmake_clean_cache' from command line to 'False'
[0.303s] Level 5:colcon.colcon_core.verb:set package 'robot_gateway' build argument 'cmake_clean_first' from command line to 'False'
[0.303s] Level 5:colcon.colcon_core.verb:set package 'robot_gateway' build argument 'cmake_force_configure' from command line to 'False'
[0.303s] Level 5:colcon.colcon_core.verb:set package 'robot_gateway' build argument 'ament_cmake_args' from command line to 'None'
[0.303s] Level 5:colcon.colcon_core.verb:set package 'robot_gateway' build argument 'catkin_cmake_args' from command line to 'None'
[0.303s] Level 5:colcon.colcon_core.verb:set package 'robot_gateway' build argument 'catkin_skip_building_tests' from command line to 'False'
[0.303s] DEBUG:colcon.colcon_core.verb:Building package 'robot_gateway' with the following arguments: {'ament_cmake_args': None, 'build_base': '/home/kaisar/warehouse_robot/robot/build/robot_gateway', 'catkin_cmake_args': None, 'catkin_skip_building_tests': False, 'cmake_args': None, 'cmake_clean_cache': False, 'cmake_clean_first': False, 'cmake_force_configure': False, 'cmake_target': None, 'cmake_target_skip_unavailable': False, 'install_base': '/home/kaisar/warehouse_robot/robot/install/robot_gateway', 'merge_install': False, 'path': '/home/kaisar/warehouse_robot/robot/ws/src/robot_gateway', 'symlink_install': True, 'test_result_base': None}
[0.303s] Level 5:colcon.colcon_core.verb:set package 'robot_status' build argument 'cmake_args' from command line to 'None'
[0.303s] Level 5:colcon.colcon_core.verb:set package 'robot_status' build argument 'cmake_target' from command line to 'None'
[0.303s] Level 5:colcon.colcon_core.verb:set package 'robot_status' build argument 'cmake_target_skip_unavailable' from command line to 'False'
[0.303s] Level 5:colcon.colcon_core.verb:set package 'robot_status' build argument 'cmake_clean_cache' from command line to 'False'
[0.303s] Level 5:colcon.colcon_core.verb:set package 'robot_status' build argument 'cmake_clean_first' from command line to 'False'
[0.303s] Level 5:colcon.colcon_core.verb:set package 'robot_status' build argument 'cmake_force_configure' from command line to 'False'
[0.303s] Level 5:colcon.colcon_core.verb:set package 'robot_status' build argument 'ament_cmake_args' from command line to 'None'
[0.303s] Level 5:colcon.colcon_core.verb:set package 'robot_status' build argument 'catkin_cmake_args' from command line to 'None'
[0.303s] Level 5:colcon.colcon_core.verb:set package 'robot_status' build argument 'catkin_skip_building_tests' from command line to 'False'
[0.303s] DEBUG:colcon.colcon_core.verb:Building package 'robot_status' with the following arguments: {'ament_cmake_args': None, 'build_base': '/home/kaisar/warehouse_robot/robot/build/robot_status', 'catkin_cmake_args': None, 'catkin_skip_building_tests': False, 'cmake_args': None, 'cmake_clean_cache': False, 'cmake_clean_first': False, 'cmake_force_configure': False, 'cmake_target': None, 'cmake_target_skip_unavailable': False, 'install_base': '/home/kaisar/warehouse_robot/robot/install/robot_status', 'merge_install': False, 'path': '/home/kaisar/warehouse_robot/robot/ws/src/robot_status', 'symlink_install': True, 'test_result_base': None}
[0.303s] INFO:colcon.colcon_core.executor:Executing jobs using 'parallel' executor
[0.304s] DEBUG:colcon.colcon_parallel_executor.executor.parallel:run_until_complete
[0.305s] INFO:colcon.colcon_ros.task.ament_cmake.build:Building ROS package in '/home/kaisar/warehouse_robot/robot/ws/src/robot_msgs' with build type 'ament_cmake'
[0.305s] INFO:colcon.colcon_cmake.task.cmake.build:Building CMake package in '/home/kaisar/warehouse_robot/robot/ws/src/robot_msgs'
[0.306s] INFO:colcon.colcon_core.plugin_system:Skipping extension 'colcon_core.shell.bat': Not used on non-Windows systems
[0.307s] INFO:colcon.colcon_core.shell:Skip shell extension 'powershell' for command environment: Not usable outside of PowerShell
[0.307s] DEBUG:colcon.colcon_core.shell:Skip shell extension 'dsv' for command environment
[0.312s] INFO:colcon.colcon_ros.task.catkin.build:Building ROS package in '/home/kaisar/warehouse_robot/robot/ws/src/Stage' with build type 'catkin'
[0.312s] INFO:colcon.colcon_cmake.task.cmake.build:Building CMake package in '/home/kaisar/warehouse_robot/robot/ws/src/Stage'
[0.312s] INFO:colcon.colcon_core.shell:Skip shell extension 'powershell' for command environment: Not usable outside of PowerShell
[0.312s] DEBUG:colcon.colcon_core.shell:Skip shell extension 'dsv' for command environment
[0.317s] INFO:colcon.colcon_ros.task.ament_cmake.build:Building ROS package in '/home/kaisar/warehouse_robot/robot/ws/src/nav2' with build type 'ament_cmake'
[0.317s] INFO:colcon.colcon_cmake.task.cmake.build:Building CMake package in '/home/kaisar/warehouse_robot/robot/ws/src/nav2'
[0.318s] INFO:colcon.colcon_core.shell:Skip shell extension 'powershell' for command environment: Not usable outside of PowerShell
[0.318s] DEBUG:colcon.colcon_core.shell:Skip shell extension 'dsv' for command environment
[0.323s] INFO:colcon.colcon_ros.task.ament_cmake.build:Building ROS package in '/home/kaisar/warehouse_robot/robot/ws/src/trp1_description' with build type 'ament_cmake'
[0.323s] INFO:colcon.colcon_cmake.task.cmake.build:Building CMake package in '/home/kaisar/warehouse_robot/robot/ws/src/trp1_description'
[0.323s] INFO:colcon.colcon_core.shell:Skip shell extension 'powershell' for command environment: Not usable outside of PowerShell
[0.323s] DEBUG:colcon.colcon_core.shell:Skip shell extension 'dsv' for command environment
[0.333s] DEBUG:colcon.colcon_core.event_handler.log_command:Invoking command in '/home/kaisar/warehouse_robot/robot/build/robot_msgs': CMAKE_PREFIX_PATH=/home/kaisar/warehouse_robot/install/trp1_description:/home/kaisar/warehouse_robot/install/stage_ros2:/home/kaisar/warehouse_robot/robot/install/robot_http_api:/home/kaisar/warehouse_robot/robot/install/robot_planner:/opt/ros/jazzy:/home/kaisar/warehouse_robot/install/stage:/home/kaisar/warehouse_robot/install/robot_msgs:/home/kaisar/warehouse_robot/install/nav2:/home/kaisar/warehouse_robot/robot/install/trp1_description:/home/kaisar/warehouse_robot/robot/install/stage_ros2:/home/kaisar/warehouse_robot/robot/install/stage:/home/kaisar/warehouse_robot/robot/install/robot_msgs:/home/kaisar/warehouse_robot/robot/install/nav2:/opt/ros/jazzy/opt/gz_sim_vendor:/opt/ros/jazzy/opt/gz_sensors_vendor:/opt/ros/jazzy/opt/gz_physics_vendor:/opt/ros/jazzy/opt/sdformat_vendor:/opt/ros/jazzy/opt/gz_gui_vendor:/opt/ros/jazzy/opt/gz_transport_vendor:/opt/ros/jazzy/opt/gz_rendering_vendor:/opt/ros/jazzy/opt/gz_plugin_vendor:/opt/ros/jazzy/opt/gz_fuel_tools_vendor:/opt/ros/jazzy/opt/gz_msgs_vendor:/opt/ros/jazzy/opt/gz_common_vendor:/opt/ros/jazzy/opt/gz_math_vendor:/opt/ros/jazzy/opt/gz_utils_vendor:/opt/ros/jazzy/opt/gz_tools_vendor:/opt/ros/jazzy/opt/gz_ogre_next_vendor:/opt/ros/jazzy/opt/gz_dartsim_vendor:/opt/ros/jazzy/opt/gz_cmake_vendor DEBUGINFOD_URLS=https://debuginfod.ubuntu.com /usr/bin/cmake /home/kaisar/warehouse_robot/robot/ws/src/robot_msgs -DAMENT_CMAKE_SYMLINK_INSTALL=1 -DCMAKE_INSTALL_PREFIX=/home/kaisar/warehouse_robot/robot/install/robot_msgs
[0.335s] DEBUG:colcon.colcon_core.event_handler.log_command:Invoking command in '/home/kaisar/warehouse_robot/robot/build/stage': DEBUGINFOD_URLS=https://debuginfod.ubuntu.com /usr/bin/cmake --build /home/kaisar/warehouse_robot/robot/build/stage -- -j12 -l12
[0.337s] DEBUG:colcon.colcon_core.event_handler.log_command:Invoking command in '/home/kaisar/warehouse_robot/robot/build/nav2': CMAKE_PREFIX_PATH=/home/kaisar/warehouse_robot/install/trp1_description:/home/kaisar/warehouse_robot/install/stage_ros2:/home/kaisar/warehouse_robot/robot/install/robot_http_api:/home/kaisar/warehouse_robot/robot/install/robot_planner:/opt/ros/jazzy:/home/kaisar/warehouse_robot/install/stage:/home/kaisar/warehouse_robot/install/robot_msgs:/home/kaisar/warehouse_robot/install/nav2:/home/kaisar/warehouse_robot/robot/install/trp1_description:/home/kaisar/warehouse_robot/robot/install/stage_ros2:/home/kaisar/warehouse_robot/robot/install/stage:/home/kaisar/warehouse_robot/robot/install/robot_msgs:/home/kaisar/warehouse_robot/robot/install/nav2:/opt/ros/jazzy/opt/gz_sim_vendor:/opt/ros/jazzy/opt/gz_sensors_vendor:/opt/ros/jazzy/opt/gz_physics_vendor:/opt/ros/jazzy/opt/sdformat_vendor:/opt/ros/jazzy/opt/gz_gui_vendor:/opt/ros/jazzy/opt/gz_transport_vendor:/opt/ros/jazzy/opt/gz_rendering_vendor:/opt/ros/jazzy/opt/gz_plugin_vendor:/opt/ros/jazzy/opt/gz_fuel_tools_vendor:/opt/ros/jazzy/opt/gz_msgs_vendor:/opt/ros/jazzy/opt/gz_common_vendor:/opt/ros/jazzy/opt/gz_math_vendor:/opt/ros/jazzy/opt/gz_utils_vendor:/opt/ros/jazzy/opt/gz_tools_vendor:/opt/ros/jazzy/opt/gz_ogre_next_vendor:/opt/ros/jazzy/opt/gz_dartsim_vendor:/opt/ros/jazzy/opt/gz_cmake_vendor DEBUGINFOD_URLS=https://debuginfod.ubuntu.com /usr/bin/cmake --build /home/kaisar/warehouse_robot/robot/build/nav2 -- -j12 -l12
[0.342s] DEBUG:colcon.colcon_core.event_handler.log_command:Invoking command in '/home/kaisar/warehouse_robot/robot/build/trp1_description': CMAKE_PREFIX_PATH=/home/kaisar/warehouse_robot/install/trp1_description:/home/kaisar/warehouse_robot/install/stage_ros2:/home/kaisar/warehouse_robot/robot/install/robot_http_api:/home/kaisar/warehouse_robot/robot/install/robot_planner:/opt/ros/jazzy:/home/kaisar/warehouse_robot/install/stage:/home/kaisar/warehouse_robot/install/robot_msgs:/home/kaisar/warehouse_robot/install/nav2:/home/kaisar/warehouse_robot/robot/install/trp1_description:/home/kaisar/warehouse_robot/robot/install/stage_ros2:/home/kaisar/warehouse_robot/robot/install/stage:/home/kaisar/warehouse_robot/robot/install/robot_msgs:/home/kaisar/warehouse_robot/robot/install/nav2:/opt/ros/jazzy/opt/gz_sim_vendor:/opt/ros/jazzy/opt/gz_sensors_vendor:/opt/ros/jazzy/opt/gz_physics_vendor:/opt/ros/jazzy/opt/sdformat_vendor:/opt/ros/jazzy/opt/gz_gui_vendor:/opt/ros/jazzy/opt/gz_transport_vendor:/opt/ros/jazzy/opt/gz_rendering_vendor:/opt/ros/jazzy/opt/gz_plugin_vendor:/opt/ros/jazzy/opt/gz_fuel_tools_vendor:/opt/ros/jazzy/opt/gz_msgs_vendor:/opt/ros/jazzy/opt/gz_common_vendor:/opt/ros/jazzy/opt/gz_math_vendor:/opt/ros/jazzy/opt/gz_utils_vendor:/opt/ros/jazzy/opt/gz_tools_vendor:/opt/ros/jazzy/opt/gz_ogre_next_vendor:/opt/ros/jazzy/opt/gz_dartsim_vendor:/opt/ros/jazzy/opt/gz_cmake_vendor DEBUGINFOD_URLS=https://debuginfod.ubuntu.com /usr/bin/cmake --build /home/kaisar/warehouse_robot/robot/build/trp1_description -- -j12 -l12
[0.389s] DEBUG:colcon.colcon_core.event_handler.log_command:Invoked command in '/home/kaisar/warehouse_robot/robot/build/nav2' returned '0': CMAKE_PREFIX_PATH=/home/kaisar/warehouse_robot/install/trp1_description:/home/kaisar/warehouse_robot/install/stage_ros2:/home/kaisar/warehouse_robot/robot/install/robot_http_api:/home/kaisar/warehouse_robot/robot/install/robot_planner:/opt/ros/jazzy:/home/kaisar/warehouse_robot/install/stage:/home/kaisar/warehouse_robot/install/robot_msgs:/home/kaisar/warehouse_robot/install/nav2:/home/kaisar/warehouse_robot/robot/install/trp1_description:/home/kaisar/warehouse_robot/robot/install/stage_ros2:/home/kaisar/warehouse_robot/robot/install/stage:/home/kaisar/warehouse_robot/robot/install/robot_msgs:/home/kaisar/warehouse_robot/robot/install/nav2:/opt/ros/jazzy/opt/gz_sim_vendor:/opt/ros/jazzy/opt/gz_sensors_vendor:/opt/ros/jazzy/opt/gz_physics_vendor:/opt/ros/jazzy/opt/sdformat_vendor:/opt/ros/jazzy/opt/gz_gui_vendor:/opt/ros/jazzy/opt/gz_transport_vendor:/opt/ros/jazzy/opt/gz_rendering_vendor:/opt/ros/jazzy/opt/gz_plugin_vendor:/opt/ros/jazzy/opt/gz_fuel_tools_vendor:/opt/ros/jazzy/opt/gz_msgs_vendor:/opt/ros/jazzy/opt/gz_common_vendor:/opt/ros/jazzy/opt/gz_math_vendor:/opt/ros/jazzy/opt/gz_utils_vendor:/opt/ros/jazzy/opt/gz_tools_vendor:/opt/ros/jazzy/opt/gz_ogre_next_vendor:/opt/ros/jazzy/opt/gz_dartsim_vendor:/opt/ros/jazzy/opt/gz_cmake_vendor DEBUGINFOD_URLS=https://debuginfod.ubuntu.com /usr/bin/cmake --build /home/kaisar/warehouse_robot/robot/build/nav2 -- -j12 -l12
[0.402s] DEBUG:colcon.colcon_core.event_handler.log_command:Invoking command in '/home/kaisar/warehouse_robot/robot/build/nav2': CMAKE_PREFIX_PATH=/home/kaisar/warehouse_robot/install/trp1_description:/home/kaisar/warehouse_robot/install/stage_ros2:/home/kaisar/warehouse_robot/robot/install/robot_http_api:/home/kaisar/warehouse_robot/robot/install/robot_planner:/opt/ros/jazzy:/home/kaisar/warehouse_robot/install/stage:/home/kaisar/warehouse_robot/install/robot_msgs:/home/kaisar/warehouse_robot/install/nav2:/home/kaisar/warehouse_robot/robot/install/trp1_description:/home/kaisar/warehouse_robot/robot/install/stage_ros2:/home/kaisar/warehouse_robot/robot/install/stage:/home/kaisar/warehouse_robot/robot/install/robot_msgs:/home/kaisar/warehouse_robot/robot/install/nav2:/opt/ros/jazzy/opt/gz_sim_vendor:/opt/ros/jazzy/opt/gz_sensors_vendor:/opt/ros/jazzy/opt/gz_physics_vendor:/opt/ros/jazzy/opt/sdformat_vendor:/opt/ros/jazzy/opt/gz_gui_vendor:/opt/ros/jazzy/opt/gz_transport_vendor:/opt/ros/jazzy/opt/gz_rendering_vendor:/opt/ros/jazzy/opt/gz_plugin_vendor:/opt/ros/jazzy/opt/gz_fuel_tools_vendor:/opt/ros/jazzy/opt/gz_msgs_vendor:/opt/ros/jazzy/opt/gz_common_vendor:/opt/ros/jazzy/opt/gz_math_vendor:/opt/ros/jazzy/opt/gz_utils_vendor:/opt/ros/jazzy/opt/gz_tools_vendor:/opt/ros/jazzy/opt/gz_ogre_next_vendor:/opt/ros/jazzy/opt/gz_dartsim_vendor:/opt/ros/jazzy/opt/gz_cmake_vendor DEBUGINFOD_URLS=https://debuginfod.ubuntu.com /usr/bin/cmake --install /home/kaisar/warehouse_robot/robot/build/nav2
[0.403s] DEBUG:colcon.colcon_core.event_handler.log_command:Invoked command in '/home/kaisar/warehouse_robot/robot/build/trp1_description' returned '0': CMAKE_PREFIX_PATH=/home/kaisar/warehouse_robot/install/trp1_description:/home/kaisar/warehouse_robot/install/stage_ros2:/home/kaisar/warehouse_robot/robot/install/robot_http_api:/home/kaisar/warehouse_robot/robot/install/robot_planner:/opt/ros/jazzy:/home/kaisar/warehouse_robot/install/stage:/home/kaisar/warehouse_robot/install/robot_msgs:/home/kaisar/warehouse_robot/install/nav2:/home/kaisar/warehouse_robot/robot/install/trp1_description:/home/kaisar/warehouse_robot/robot/install/stage_ros2:/home/kaisar/warehouse_robot/robot/install/stage:/home/kaisar/warehouse_robot/robot/install/robot_msgs:/home/kaisar/warehouse_robot/robot/install/nav2:/opt/ros/jazzy/opt/gz_sim_vendor:/opt/ros/jazzy/opt/gz_sensors_vendor:/opt/ros/jazzy/opt/gz_physics_vendor:/opt/ros/jazzy/opt/sdformat_vendor:/opt/ros/jazzy/opt/gz_gui_vendor:/opt/ros/jazzy/opt/gz_transport_vendor:/opt/ros/jazzy/opt/gz_rendering_vendor:/opt/ros/jazzy/opt/gz_plugin_vendor:/opt/ros/jazzy/opt/gz_fuel_tools_vendor:/opt/ros/jazzy/opt/gz_msgs_vendor:/opt/ros/jazzy/opt/gz_common_vendor:/opt/ros/jazzy/opt/gz_math_vendor:/opt/ros/jazzy/opt/gz_utils_vendor:/opt/ros/jazzy/opt/gz_tools_vendor:/opt/ros/jazzy/opt/gz_ogre_next_vendor:/opt/ros/jazzy/opt/gz_dartsim_vendor:/opt/ros/jazzy/opt/gz_cmake_vendor DEBUGINFOD_URLS=https://debuginfod.ubuntu.com /usr/bin/cmake --build /home/kaisar/warehouse_robot/robot/build/trp1_description -- -j12 -l12
[0.404s] DEBUG:colcon.colcon_core.event_handler.log_command:Invoking command in '/home/kaisar/warehouse_robot/robot/build/trp1_description': CMAKE_PREFIX_PATH=/home/kaisar/warehouse_robot/install/trp1_description:/home/kaisar/warehouse_robot/install/stage_ros2:/home/kaisar/warehouse_robot/robot/install/robot_http_api:/home/kaisar/warehouse_robot/robot/install/robot_planner:/opt/ros/jazzy:/home/kaisar/warehouse_robot/install/stage:/home/kaisar/warehouse_robot/install/robot_msgs:/home/kaisar/warehouse_robot/install/nav2:/home/kaisar/warehouse_robot/robot/install/trp1_description:/home/kaisar/warehouse_robot/robot/install/stage_ros2:/home/kaisar/warehouse_robot/robot/install/stage:/home/kaisar/warehouse_robot/robot/install/robot_msgs:/home/kaisar/warehouse_robot/robot/install/nav2:/opt/ros/jazzy/opt/gz_sim_vendor:/opt/ros/jazzy/opt/gz_sensors_vendor:/opt/ros/jazzy/opt/gz_physics_vendor:/opt/ros/jazzy/opt/sdformat_vendor:/opt/ros/jazzy/opt/gz_gui_vendor:/opt/ros/jazzy/opt/gz_transport_vendor:/opt/ros/jazzy/opt/gz_rendering_vendor:/opt/ros/jazzy/opt/gz_plugin_vendor:/opt/ros/jazzy/opt/gz_fuel_tools_vendor:/opt/ros/jazzy/opt/gz_msgs_vendor:/opt/ros/jazzy/opt/gz_common_vendor:/opt/ros/jazzy/opt/gz_math_vendor:/opt/ros/jazzy/opt/gz_utils_vendor:/opt/ros/jazzy/opt/gz_tools_vendor:/opt/ros/jazzy/opt/gz_ogre_next_vendor:/opt/ros/jazzy/opt/gz_dartsim_vendor:/opt/ros/jazzy/opt/gz_cmake_vendor DEBUGINFOD_URLS=https://debuginfod.ubuntu.com /usr/bin/cmake --install /home/kaisar/warehouse_robot/robot/build/trp1_description
[0.436s] Level 1:colcon.colcon_core.environment:create_environment_scripts_only(trp1_description)
[0.437s] DEBUG:colcon.colcon_core.event_handler.log_command:Invoked command in '/home/kaisar/warehouse_robot/robot/build/trp1_description' returned '0': CMAKE_PREFIX_PATH=/home/kaisar/warehouse_robot/install/trp1_description:/home/kaisar/warehouse_robot/install/stage_ros2:/home/kaisar/warehouse_robot/robot/install/robot_http_api:/home/kaisar/warehouse_robot/robot/install/robot_planner:/opt/ros/jazzy:/home/kaisar/warehouse_robot/install/stage:/home/kaisar/warehouse_robot/install/robot_msgs:/home/kaisar/warehouse_robot/install/nav2:/home/kaisar/warehouse_robot/robot/install/trp1_description:/home/kaisar/warehouse_robot/robot/install/stage_ros2:/home/kaisar/warehouse_robot/robot/install/stage:/home/kaisar/warehouse_robot/robot/install/robot_msgs:/home/kaisar/warehouse_robot/robot/install/nav2:/opt/ros/jazzy/opt/gz_sim_vendor:/opt/ros/jazzy/opt/gz_sensors_vendor:/opt/ros/jazzy/opt/gz_physics_vendor:/opt/ros/jazzy/opt/sdformat_vendor:/opt/ros/jazzy/opt/gz_gui_vendor:/opt/ros/jazzy/opt/gz_transport_vendor:/opt/ros/jazzy/opt/gz_rendering_vendor:/opt/ros/jazzy/opt/gz_plugin_vendor:/opt/ros/jazzy/opt/gz_fuel_tools_vendor:/opt/ros/jazzy/opt/gz_msgs_vendor:/opt/ros/jazzy/opt/gz_common_vendor:/opt/ros/jazzy/opt/gz_math_vendor:/opt/ros/jazzy/opt/gz_utils_vendor:/opt/ros/jazzy/opt/gz_tools_vendor:/opt/ros/jazzy/opt/gz_ogre_next_vendor:/opt/ros/jazzy/opt/gz_dartsim_vendor:/opt/ros/jazzy/opt/gz_cmake_vendor DEBUGINFOD_URLS=https://debuginfod.ubuntu.com /usr/bin/cmake --install /home/kaisar/warehouse_robot/robot/build/trp1_description
[0.444s] Level 1:colcon.colcon_core.environment:checking '/home/kaisar/warehouse_robot/robot/install/trp1_description' for CMake module files
[0.446s] Level 1:colcon.colcon_core.environment:checking '/home/kaisar/warehouse_robot/robot/install/trp1_description' for CMake config files
[0.449s] Level 1:colcon.colcon_core.shell:create_environment_hook('trp1_description', 'cmake_prefix_path')
[0.449s] INFO:colcon.colcon_core.shell:Creating environment hook '/home/kaisar/warehouse_robot/robot/install/trp1_description/share/trp1_description/hook/cmake_prefix_path.ps1'
[0.450s] INFO:colcon.colcon_core.shell:Creating environment descriptor '/home/kaisar/warehouse_robot/robot/install/trp1_description/share/trp1_description/hook/cmake_prefix_path.dsv'
[0.451s] INFO:colcon.colcon_core.shell:Creating environment hook '/home/kaisar/warehouse_robot/robot/install/trp1_description/share/trp1_description/hook/cmake_prefix_path.sh'
[0.453s] Level 1:colcon.colcon_core.environment:checking '/home/kaisar/warehouse_robot/robot/install/trp1_description/bin'
[0.453s] Level 1:colcon.colcon_core.environment:checking '/home/kaisar/warehouse_robot/robot/install/trp1_description/lib/pkgconfig/trp1_description.pc'
[0.453s] Level 1:colcon.colcon_core.environment:checking '/home/kaisar/warehouse_robot/robot/install/trp1_description/lib/python3.12/site-packages'
[0.454s] Level 1:colcon.colcon_core.environment:checking '/home/kaisar/warehouse_robot/robot/install/trp1_description/bin'
[0.454s] INFO:colcon.colcon_core.shell:Creating package script '/home/kaisar/warehouse_robot/robot/install/trp1_description/share/trp1_description/package.ps1'
[0.456s] INFO:colcon.colcon_core.shell:Creating package descriptor '/home/kaisar/warehouse_robot/robot/install/trp1_description/share/trp1_description/package.dsv'
[0.457s] INFO:colcon.colcon_core.shell:Creating package script '/home/kaisar/warehouse_robot/robot/install/trp1_description/share/trp1_description/package.sh'
[0.458s] INFO:colcon.colcon_core.shell:Creating package script '/home/kaisar/warehouse_robot/robot/install/trp1_description/share/trp1_description/package.bash'
[0.459s] INFO:colcon.colcon_core.shell:Creating package script '/home/kaisar/warehouse_robot/robot/install/trp1_description/share/trp1_description/package.zsh'
[0.462s] Level 1:colcon.colcon_core.environment:create_file_with_runtime_dependencies(/home/kaisar/warehouse_robot/robot/install/trp1_description/share/colcon-core/packages/trp1_description)
[0.463s] Level 1:colcon.colcon_core.environment:create_environment_scripts_only(trp1_description)
[0.464s] Level 1:colcon.colcon_core.environment:checking '/home/kaisar/warehouse_robot/robot/install/trp1_description' for CMake module files
[0.467s] Level 1:colcon.colcon_core.environment:checking '/home/kaisar/warehouse_robot/robot/install/trp1_description' for CMake config files
[0.467s] Level 1:colcon.colcon_core.shell:create_environment_hook('trp1_description', 'cmake_prefix_path')
[0.474s] INFO:colcon.colcon_core.shell:Creating environment hook '/home/kaisar/warehouse_robot/robot/install/trp1_description/share/trp1_description/hook/cmake_prefix_path.ps1'
[0.475s] INFO:colcon.colcon_core.shell:Creating environment descriptor '/home/kaisar/warehouse_robot/robot/install/trp1_description/share/trp1_description/hook/cmake_prefix_path.dsv'
[0.475s] INFO:colcon.colcon_core.shell:Creating environment hook '/home/kaisar/warehouse_robot/robot/install/trp1_description/share/trp1_description/hook/cmake_prefix_path.sh'
[0.476s] Level 1:colcon.colcon_core.environment:checking '/home/kaisar/warehouse_robot/robot/install/trp1_description/bin'
[0.478s] Level 1:colcon.colcon_core.environment:checking '/home/kaisar/warehouse_robot/robot/install/trp1_description/lib/pkgconfig/trp1_description.pc'
[0.478s] Level 1:colcon.colcon_core.environment:checking '/home/kaisar/warehouse_robot/robot/install/trp1_description/lib/python3.12/site-packages'
[0.479s] Level 1:colcon.colcon_core.environment:checking '/home/kaisar/warehouse_robot/robot/install/trp1_description/bin'
[0.481s] INFO:colcon.colcon_core.shell:Creating package script '/home/kaisar/warehouse_robot/robot/install/trp1_description/share/trp1_description/package.ps1'
[0.482s] INFO:colcon.colcon_core.shell:Creating package descriptor '/home/kaisar/warehouse_robot/robot/install/trp1_description/share/trp1_description/package.dsv'
[0.482s] INFO:colcon.colcon_core.shell:Creating package script '/home/kaisar/warehouse_robot/robot/install/trp1_description/share/trp1_description/package.sh'
[0.483s] INFO:colcon.colcon_core.shell:Creating package script '/home/kaisar/warehouse_robot/robot/install/trp1_description/share/trp1_description/package.bash'
[0.491s] INFO:colcon.colcon_core.shell:Creating package script '/home/kaisar/warehouse_robot/robot/install/trp1_description/share/trp1_description/package.zsh'
[0.492s] Level 1:colcon.colcon_core.environment:create_file_with_runtime_dependencies(/home/kaisar/warehouse_robot/robot/install/trp1_description/share/colcon-core/packages/trp1_description)
[0.545s] DEBUG:colcon.colcon_core.event_handler.log_command:Invoked command in '/home/kaisar/warehouse_robot/robot/build/stage' returned '0': DEBUGINFOD_URLS=https://debuginfod.ubuntu.com /usr/bin/cmake --build /home/kaisar/warehouse_robot/robot/build/stage -- -j12 -l12
[0.547s] DEBUG:colcon.colcon_core.event_handler.log_command:Invoking command in '/home/kaisar/warehouse_robot/robot/build/stage': DEBUGINFOD_URLS=https://debuginfod.ubuntu.com /usr/bin/cmake --install /home/kaisar/warehouse_robot/robot/build/stage
[0.559s] Level 1:colcon.colcon_core.environment:create_environment_scripts_only(nav2)
[0.559s] Level 1:colcon.colcon_core.environment:checking '/home/kaisar/warehouse_robot/robot/install/nav2' for CMake module files
[0.559s] DEBUG:colcon.colcon_core.event_handler.log_command:Invoked command in '/home/kaisar/warehouse_robot/robot/build/nav2' returned '0': CMAKE_PREFIX_PATH=/home/kaisar/warehouse_robot/install/trp1_description:/home/kaisar/warehouse_robot/install/stage_ros2:/home/kaisar/warehouse_robot/robot/install/robot_http_api:/home/kaisar/warehouse_robot/robot/install/robot_planner:/opt/ros/jazzy:/home/kaisar/warehouse_robot/install/stage:/home/kaisar/warehouse_robot/install/robot_msgs:/home/kaisar/warehouse_robot/install/nav2:/home/kaisar/warehouse_robot/robot/install/trp1_description:/home/kaisar/warehouse_robot/robot/install/stage_ros2:/home/kaisar/warehouse_robot/robot/install/stage:/home/kaisar/warehouse_robot/robot/install/robot_msgs:/home/kaisar/warehouse_robot/robot/install/nav2:/opt/ros/jazzy/opt/gz_sim_vendor:/opt/ros/jazzy/opt/gz_sensors_vendor:/opt/ros/jazzy/opt/gz_physics_vendor:/opt/ros/jazzy/opt/sdformat_vendor:/opt/ros/jazzy/opt/gz_gui_vendor:/opt/ros/jazzy/opt/gz_transport_vendor:/opt/ros/jazzy/opt/gz_rendering_vendor:/opt/ros/jazzy/opt/gz_plugin_vendor:/opt/ros/jazzy/opt/gz_fuel_tools_vendor:/opt/ros/jazzy/opt/gz_msgs_vendor:/opt/ros/jazzy/opt/gz_common_vendor:/opt/ros/jazzy/opt/gz_math_vendor:/opt/ros/jazzy/opt/gz_utils_vendor:/opt/ros/jazzy/opt/gz_tools_vendor:/opt/ros/jazzy/opt/gz_ogre_next_vendor:/opt/ros/jazzy/opt/gz_dartsim_vendor:/opt/ros/jazzy/opt/gz_cmake_vendor DEBUGINFOD_URLS=https://debuginfod.ubuntu.com /usr/bin/cmake --install /home/kaisar/warehouse_robot/robot/build/nav2
[0.560s] Level 1:colcon.colcon_core.environment:checking '/home/kaisar/warehouse_robot/robot/install/nav2' for CMake config files
[0.583s] Level 1:colcon.colcon_core.shell:create_environment_hook('nav2', 'cmake_prefix_path')
[0.583s] INFO:colcon.colcon_core.shell:Creating environment hook '/home/kaisar/warehouse_robot/robot/install/nav2/share/nav2/hook/cmake_prefix_path.ps1'
[0.583s] INFO:colcon.colcon_core.shell:Creating environment descriptor '/home/kaisar/warehouse_robot/robot/install/nav2/share/nav2/hook/cmake_prefix_path.dsv'
[0.584s] INFO:colcon.colcon_core.shell:Creating environment hook '/home/kaisar/warehouse_robot/robot/install/nav2/share/nav2/hook/cmake_prefix_path.sh'
[0.584s] Level 1:colcon.colcon_core.environment:checking '/home/kaisar/warehouse_robot/robot/install/nav2/bin'
[0.584s] Level 1:colcon.colcon_core.environment:checking '/home/kaisar/warehouse_robot/robot/install/nav2/lib/pkgconfig/nav2.pc'
[0.584s] Level 1:colcon.colcon_core.environment:checking '/home/kaisar/warehouse_robot/robot/install/nav2/lib/python3.12/site-packages'
[0.585s] Level 1:colcon.colcon_core.environment:checking '/home/kaisar/warehouse_robot/robot/install/nav2/bin'
[0.585s] INFO:colcon.colcon_core.shell:Creating package script '/home/kaisar/warehouse_robot/robot/install/nav2/share/nav2/package.ps1'
[0.586s] INFO:colcon.colcon_core.shell:Creating package descriptor '/home/kaisar/warehouse_robot/robot/install/nav2/share/nav2/package.dsv'
[0.586s] INFO:colcon.colcon_core.shell:Creating package script '/home/kaisar/warehouse_robot/robot/install/nav2/share/nav2/package.sh'
[0.587s] INFO:colcon.colcon_core.shell:Creating package script '/home/kaisar/warehouse_robot/robot/install/nav2/share/nav2/package.bash'
[0.587s] INFO:colcon.colcon_core.shell:Creating package script '/home/kaisar/warehouse_robot/robot/install/nav2/share/nav2/package.zsh'
[0.587s] Level 1:colcon.colcon_core.environment:create_file_with_runtime_dependencies(/home/kaisar/warehouse_robot/robot/install/nav2/share/colcon-core/packages/nav2)
[0.588s] Level 1:colcon.colcon_core.environment:create_environment_scripts_only(nav2)
[0.588s] Level 1:colcon.colcon_core.environment:checking '/home/kaisar/warehouse_robot/robot/install/nav2' for CMake module files
[0.588s] Level 1:colcon.colcon_core.environment:checking '/home/kaisar/warehouse_robot/robot/install/nav2' for CMake config files
[0.599s] Level 1:colcon.colcon_core.shell:create_environment_hook('nav2', 'cmake_prefix_path')
[0.599s] INFO:colcon.colcon_core.shell:Creating environment hook '/home/kaisar/warehouse_robot/robot/install/nav2/share/nav2/hook/cmake_prefix_path.ps1'
[0.600s] INFO:colcon.colcon_core.shell:Creating environment descriptor '/home/kaisar/warehouse_robot/robot/install/nav2/share/nav2/hook/cmake_prefix_path.dsv'
[0.600s] INFO:colcon.colcon_core.shell:Creating environment hook '/home/kaisar/warehouse_robot/robot/install/nav2/share/nav2/hook/cmake_prefix_path.sh'
[0.601s] Level 1:colcon.colcon_core.environment:checking '/home/kaisar/warehouse_robot/robot/install/nav2/bin'
[0.601s] Level 1:colcon.colcon_core.environment:checking '/home/kaisar/warehouse_robot/robot/install/nav2/lib/pkgconfig/nav2.pc'
[0.601s] Level 1:colcon.colcon_core.environment:checking '/home/kaisar/warehouse_robot/robot/install/nav2/lib/python3.12/site-packages'
[0.602s] Level 1:colcon.colcon_core.environment:checking '/home/kaisar/warehouse_robot/robot/install/nav2/bin'
[0.602s] INFO:colcon.colcon_core.shell:Creating package script '/home/kaisar/warehouse_robot/robot/install/nav2/share/nav2/package.ps1'
[0.603s] INFO:colcon.colcon_core.shell:Creating package descriptor '/home/kaisar/warehouse_robot/robot/install/nav2/share/nav2/package.dsv'
[0.604s] INFO:colcon.colcon_core.shell:Creating package script '/home/kaisar/warehouse_robot/robot/install/nav2/share/nav2/package.sh'
[0.605s] INFO:colcon.colcon_core.shell:Creating package script '/home/kaisar/warehouse_robot/robot/install/nav2/share/nav2/package.bash'
[0.605s] INFO:colcon.colcon_core.shell:Creating package script '/home/kaisar/warehouse_robot/robot/install/nav2/share/nav2/package.zsh'
[0.606s] Level 1:colcon.colcon_core.environment:create_file_with_runtime_dependencies(/home/kaisar/warehouse_robot/robot/install/nav2/share/colcon-core/packages/nav2)
[0.608s] DEBUG:colcon.colcon_core.event_handler.log_command:Invoked command in '/home/kaisar/warehouse_robot/robot/build/stage' returned '0': DEBUGINFOD_URLS=https://debuginfod.ubuntu.com /usr/bin/cmake --install /home/kaisar/warehouse_robot/robot/build/stage
[0.609s] Level 1:colcon.colcon_core.shell:create_environment_hook('stage', 'ros_package_path')
[0.609s] INFO:colcon.colcon_core.shell:Creating environment hook '/home/kaisar/warehouse_robot/robot/install/stage/share/stage/hook/ros_package_path.ps1'
[0.611s] INFO:colcon.colcon_core.shell:Creating environment descriptor '/home/kaisar/warehouse_robot/robot/install/stage/share/stage/hook/ros_package_path.dsv'
[0.611s] INFO:colcon.colcon_core.shell:Creating environment hook '/home/kaisar/warehouse_robot/robot/install/stage/share/stage/hook/ros_package_path.sh'
[0.612s] Level 1:colcon.colcon_core.shell:create_environment_hook('stage', 'pkg_config_path')
[0.613s] INFO:colcon.colcon_core.shell:Creating environment hook '/home/kaisar/warehouse_robot/robot/install/stage/share/stage/hook/pkg_config_path.ps1'
[0.613s] INFO:colcon.colcon_core.shell:Creating environment descriptor '/home/kaisar/warehouse_robot/robot/install/stage/share/stage/hook/pkg_config_path.dsv'
[0.614s] INFO:colcon.colcon_core.shell:Creating environment hook '/home/kaisar/warehouse_robot/robot/install/stage/share/stage/hook/pkg_config_path.sh'
[0.616s] Level 1:colcon.colcon_core.shell:create_environment_hook('stage', 'pkg_config_path_multiarch')
[0.616s] INFO:colcon.colcon_core.shell:Creating environment hook '/home/kaisar/warehouse_robot/robot/install/stage/share/stage/hook/pkg_config_path_multiarch.ps1'
[0.616s] INFO:colcon.colcon_core.shell:Creating environment descriptor '/home/kaisar/warehouse_robot/robot/install/stage/share/stage/hook/pkg_config_path_multiarch.dsv'
[0.616s] INFO:colcon.colcon_core.shell:Creating environment hook '/home/kaisar/warehouse_robot/robot/install/stage/share/stage/hook/pkg_config_path_multiarch.sh'
[0.617s] Level 1:colcon.colcon_core.environment:create_environment_scripts_only(stage)
[0.617s] Level 1:colcon.colcon_core.environment:checking '/home/kaisar/warehouse_robot/robot/install/stage' for CMake module files
[0.618s] Level 1:colcon.colcon_core.environment:checking '/home/kaisar/warehouse_robot/robot/install/stage' for CMake config files
[0.618s] Level 1:colcon.colcon_core.shell:create_environment_hook('stage', 'cmake_prefix_path')
[0.618s] INFO:colcon.colcon_core.shell:Creating environment hook '/home/kaisar/warehouse_robot/robot/install/stage/share/stage/hook/cmake_prefix_path.ps1'
[0.618s] INFO:colcon.colcon_core.shell:Creating environment descriptor '/home/kaisar/warehouse_robot/robot/install/stage/share/stage/hook/cmake_prefix_path.dsv'
[0.618s] INFO:colcon.colcon_core.shell:Creating environment hook '/home/kaisar/warehouse_robot/robot/install/stage/share/stage/hook/cmake_prefix_path.sh'
[0.619s] Level 1:colcon.colcon_core.environment:checking '/home/kaisar/warehouse_robot/robot/install/stage/lib'
[0.619s] Level 1:colcon.colcon_core.shell:create_environment_hook('stage', 'ld_library_path_lib')
[0.619s] INFO:colcon.colcon_core.shell:Creating environment hook '/home/kaisar/warehouse_robot/robot/install/stage/share/stage/hook/ld_library_path_lib.ps1'
[0.620s] INFO:colcon.colcon_core.shell:Creating environment descriptor '/home/kaisar/warehouse_robot/robot/install/stage/share/stage/hook/ld_library_path_lib.dsv'
[0.620s] INFO:colcon.colcon_core.shell:Creating environment hook '/home/kaisar/warehouse_robot/robot/install/stage/share/stage/hook/ld_library_path_lib.sh'
[0.620s] Level 1:colcon.colcon_core.environment:checking '/home/kaisar/warehouse_robot/robot/install/stage/bin'
[0.620s] Level 1:colcon.colcon_core.shell:create_environment_hook('stage', 'path')
[0.620s] INFO:colcon.colcon_core.shell:Creating environment hook '/home/kaisar/warehouse_robot/robot/install/stage/share/stage/hook/path.ps1'
[0.621s] INFO:colcon.colcon_core.shell:Creating environment descriptor '/home/kaisar/warehouse_robot/robot/install/stage/share/stage/hook/path.dsv'
[0.621s] INFO:colcon.colcon_core.shell:Creating environment hook '/home/kaisar/warehouse_robot/robot/install/stage/share/stage/hook/path.sh'
[0.621s] Level 1:colcon.colcon_core.environment:checking '/home/kaisar/warehouse_robot/robot/install/stage/lib/pkgconfig/stage.pc'
[0.621s] Level 1:colcon.colcon_core.shell:create_environment_hook('stage', 'pkg_config')
[0.621s] INFO:colcon.colcon_core.shell:Creating environment hook '/home/kaisar/warehouse_robot/robot/install/stage/share/stage/hook/pkg_config.ps1'
[0.622s] INFO:colcon.colcon_core.shell:Creating environment descriptor '/home/kaisar/warehouse_robot/robot/install/stage/share/stage/hook/pkg_config.dsv'
[0.622s] INFO:colcon.colcon_core.shell:Creating environment hook '/home/kaisar/warehouse_robot/robot/install/stage/share/stage/hook/pkg_config.sh'
[0.622s] Level 1:colcon.colcon_core.environment:checking '/home/kaisar/warehouse_robot/robot/install/stage/lib/python3.12/site-packages'
[0.623s] Level 1:colcon.colcon_core.environment:checking '/home/kaisar/warehouse_robot/robot/install/stage/bin'
[0.623s] Level 1:colcon.colcon_core.shell:create_environment_hook('stage', 'pythonscriptspath')
[0.623s] INFO:colcon.colcon_core.shell:Creating environment hook '/home/kaisar/warehouse_robot/robot/install/stage/share/stage/hook/pythonscriptspath.ps1'
[0.623s] INFO:colcon.colcon_core.shell:Creating environment descriptor '/home/kaisar/warehouse_robot/robot/install/stage/share/stage/hook/pythonscriptspath.dsv'
[0.624s] INFO:colcon.colcon_core.shell:Creating environment hook '/home/kaisar/warehouse_robot/robot/install/stage/share/stage/hook/pythonscriptspath.sh'
[0.624s] INFO:colcon.colcon_core.shell:Creating package script '/home/kaisar/warehouse_robot/robot/install/stage/share/stage/package.ps1'
[0.625s] INFO:colcon.colcon_core.shell:Creating package descriptor '/home/kaisar/warehouse_robot/robot/install/stage/share/stage/package.dsv'
[0.625s] INFO:colcon.colcon_core.shell:Creating package script '/home/kaisar/warehouse_robot/robot/install/stage/share/stage/package.sh'
[0.626s] INFO:colcon.colcon_core.shell:Creating package script '/home/kaisar/warehouse_robot/robot/install/stage/share/stage/package.bash'
[0.626s] INFO:colcon.colcon_core.shell:Creating package script '/home/kaisar/warehouse_robot/robot/install/stage/share/stage/package.zsh'
[0.626s] Level 1:colcon.colcon_core.environment:create_file_with_runtime_dependencies(/home/kaisar/warehouse_robot/robot/install/stage/share/colcon-core/packages/stage)
[0.627s] INFO:colcon.colcon_ros.task.ament_cmake.build:Building ROS package in '/home/kaisar/warehouse_robot/robot/ws/src/stage_ros2' with build type 'ament_cmake'
[0.627s] INFO:colcon.colcon_cmake.task.cmake.build:Building CMake package in '/home/kaisar/warehouse_robot/robot/ws/src/stage_ros2'
[0.627s] INFO:colcon.colcon_core.shell:Skip shell extension 'powershell' for command environment: Not usable outside of PowerShell
[0.627s] DEBUG:colcon.colcon_core.shell:Skip shell extension 'dsv' for command environment
[0.640s] DEBUG:colcon.colcon_core.event_handler.log_command:Invoking command in '/home/kaisar/warehouse_robot/robot/build/stage_ros2': CMAKE_PREFIX_PATH=/home/kaisar/warehouse_robot/robot/install/robot_http_api:/home/kaisar/warehouse_robot/robot/install/robot_planner:/opt/ros/jazzy:/home/kaisar/warehouse_robot/robot/install/stage:/home/kaisar/warehouse_robot/install/trp1_description:/home/kaisar/warehouse_robot/install/stage_ros2:/home/kaisar/warehouse_robot/install/stage:/home/kaisar/warehouse_robot/install/robot_msgs:/home/kaisar/warehouse_robot/install/nav2:/home/kaisar/warehouse_robot/robot/install/trp1_description:/home/kaisar/warehouse_robot/robot/install/stage_ros2:/home/kaisar/warehouse_robot/robot/install/robot_msgs:/home/kaisar/warehouse_robot/robot/install/nav2:/opt/ros/jazzy/opt/gz_sim_vendor:/opt/ros/jazzy/opt/gz_sensors_vendor:/opt/ros/jazzy/opt/gz_physics_vendor:/opt/ros/jazzy/opt/sdformat_vendor:/opt/ros/jazzy/opt/gz_gui_vendor:/opt/ros/jazzy/opt/gz_transport_vendor:/opt/ros/jazzy/opt/gz_rendering_vendor:/opt/ros/jazzy/opt/gz_plugin_vendor:/opt/ros/jazzy/opt/gz_fuel_tools_vendor:/opt/ros/jazzy/opt/gz_msgs_vendor:/opt/ros/jazzy/opt/gz_common_vendor:/opt/ros/jazzy/opt/gz_math_vendor:/opt/ros/jazzy/opt/gz_utils_vendor:/opt/ros/jazzy/opt/gz_tools_vendor:/opt/ros/jazzy/opt/gz_ogre_next_vendor:/opt/ros/jazzy/opt/gz_dartsim_vendor:/opt/ros/jazzy/opt/gz_cmake_vendor DEBUGINFOD_URLS=https://debuginfod.ubuntu.com LD_LIBRARY_PATH=/home/kaisar/warehouse_robot/robot/install/stage/lib:/home/kaisar/warehouse_robot/install/stage_ros2/lib:/home/kaisar/warehouse_robot/install/stage/lib:/home/kaisar/warehouse_robot/install/robot_msgs/lib:/home/kaisar/warehouse_robot/robot/install/stage_ros2/lib:/home/kaisar/warehouse_robot/robot/install/robot_msgs/lib:/opt/ros/jazzy/opt/gz_sim_vendor/lib:/opt/ros/jazzy/opt/gz_sensors_vendor/lib:/opt/ros/jazzy/opt/gz_physics_vendor/lib:/opt/ros/jazzy/opt/sdformat_vendor/lib:/opt/ros/jazzy/opt/rviz_ogre_vendor/lib:/opt/ros/jazzy/lib/x86_64-linux-gnu:/opt/ros/jazzy/opt/gz_gui_vendor/lib:/opt/ros/jazzy/opt/gz_transport_vendor/lib:/opt/ros/jazzy/opt/gz_rendering_vendor/lib:/opt/ros/jazzy/opt/gz_plugin_vendor/lib:/opt/ros/jazzy/opt/gz_fuel_tools_vendor/lib:/opt/ros/jazzy/opt/gz_msgs_vendor/lib:/opt/ros/jazzy/opt/gz_common_vendor/lib:/opt/ros/jazzy/opt/gz_math_vendor/lib:/opt/ros/jazzy/opt/gz_utils_vendor/lib:/opt/ros/jazzy/opt/gz_tools_vendor/lib:/opt/ros/jazzy/opt/gz_ogre_next_vendor/lib:/opt/ros/jazzy/opt/gz_dartsim_vendor/lib:/opt/ros/jazzy/opt/gz_cmake_vendor/lib:/opt/ros/jazzy/lib PATH=/home/kaisar/warehouse_robot/robot/install/stage/bin:/home/kaisar/warehouse_robot/install/stage/bin:/opt/ros/jazzy/opt/gz_msgs_vendor/bin:/opt/ros/jazzy/opt/gz_tools_vendor/bin:/opt/ros/jazzy/opt/gz_ogre_next_vendor/bin:/opt/ros/jazzy/bin:/usr/local/sbin:/usr/local/bin:/usr/sbin:/usr/bin:/sbin:/bin:/usr/games:/usr/local/games:/snap/bin:/snap/bin PKG_CONFIG_PATH=/home/kaisar/warehouse_robot/robot/install/stage/lib/x86_64-linux-gnu/pkgconfig:/home/kaisar/warehouse_robot/robot/install/stage/lib/pkgconfig:/home/kaisar/warehouse_robot/install/stage/lib/x86_64-linux-gnu/pkgconfig:/home/kaisar/warehouse_robot/install/stage/lib/pkgconfig ROS_PACKAGE_PATH=/home/kaisar/warehouse_robot/robot/install/stage/share:/home/kaisar/warehouse_robot/install/stage/share /usr/bin/cmake --build /home/kaisar/warehouse_robot/robot/build/stage_ros2 -- -j12 -l12
[0.797s] DEBUG:colcon.colcon_core.event_handler.log_command:Invoked command in '/home/kaisar/warehouse_robot/robot/build/stage_ros2' returned '0': CMAKE_PREFIX_PATH=/home/kaisar/warehouse_robot/robot/install/robot_http_api:/home/kaisar/warehouse_robot/robot/install/robot_planner:/opt/ros/jazzy:/home/kaisar/warehouse_robot/robot/install/stage:/home/kaisar/warehouse_robot/install/trp1_description:/home/kaisar/warehouse_robot/install/stage_ros2:/home/kaisar/warehouse_robot/install/stage:/home/kaisar/warehouse_robot/install/robot_msgs:/home/kaisar/warehouse_robot/install/nav2:/home/kaisar/warehouse_robot/robot/install/trp1_description:/home/kaisar/warehouse_robot/robot/install/stage_ros2:/home/kaisar/warehouse_robot/robot/install/robot_msgs:/home/kaisar/warehouse_robot/robot/install/nav2:/opt/ros/jazzy/opt/gz_sim_vendor:/opt/ros/jazzy/opt/gz_sensors_vendor:/opt/ros/jazzy/opt/gz_physics_vendor:/opt/ros/jazzy/opt/sdformat_vendor:/opt/ros/jazzy/opt/gz_gui_vendor:/opt/ros/jazzy/opt/gz_transport_vendor:/opt/ros/jazzy/opt/gz_rendering_vendor:/opt/ros/jazzy/opt/gz_plugin_vendor:/opt/ros/jazzy/opt/gz_fuel_tools_vendor:/opt/ros/jazzy/opt/gz_msgs_vendor:/opt/ros/jazzy/opt/gz_common_vendor:/opt/ros/jazzy/opt/gz_math_vendor:/opt/ros/jazzy/opt/gz_utils_vendor:/opt/ros/jazzy/opt/gz_tools_vendor:/opt/ros/jazzy/opt/gz_ogre_next_vendor:/opt/ros/jazzy/opt/gz_dartsim_vendor:/opt/ros/jazzy/opt/gz_cmake_vendor DEBUGINFOD_URLS=https://debuginfod.ubuntu.com LD_LIBRARY_PATH=/home/kaisar/warehouse_robot/robot/install/stage/lib:/home/kaisar/warehouse_robot/install/stage_ros2/lib:/home/kaisar/warehouse_robot/install/stage/lib:/home/kaisar/warehouse_robot/install/robot_msgs/lib:/home/kaisar/warehouse_robot/robot/install/stage_ros2/lib:/home/kaisar/warehouse_robot/robot/install/robot_msgs/lib:/opt/ros/jazzy/opt/gz_sim_vendor/lib:/opt/ros/jazzy/opt/gz_sensors_vendor/lib:/opt/ros/jazzy/opt/gz_physics_vendor/lib:/opt/ros/jazzy/opt/sdformat_vendor/lib:/opt/ros/jazzy/opt/rviz_ogre_vendor/lib:/opt/ros/jazzy/lib/x86_64-linux-gnu:/opt/ros/jazzy/opt/gz_gui_vendor/lib:/opt/ros/jazzy/opt/gz_transport_vendor/lib:/opt/ros/jazzy/opt/gz_rendering_vendor/lib:/opt/ros/jazzy/opt/gz_plugin_vendor/lib:/opt/ros/jazzy/opt/gz_fuel_tools_vendor/lib:/opt/ros/jazzy/opt/gz_msgs_vendor/lib:/opt/ros/jazzy/opt/gz_common_vendor/lib:/opt/ros/jazzy/opt/gz_math_vendor/lib:/opt/ros/jazzy/opt/gz_utils_vendor/lib:/opt/ros/jazzy/opt/gz_tools_vendor/lib:/opt/ros/jazzy/opt/gz_ogre_next_vendor/lib:/opt/ros/jazzy/opt/gz_dartsim_vendor/lib:/opt/ros/jazzy/opt/gz_cmake_vendor/lib:/opt/ros/jazzy/lib PATH=/home/kaisar/warehouse_robot/robot/install/stage/bin:/home/kaisar/warehouse_robot/install/stage/bin:/opt/ros/jazzy/opt/gz_msgs_vendor/bin:/opt/ros/jazzy/opt/gz_tools_vendor/bin:/opt/ros/jazzy/opt/gz_ogre_next_vendor/bin:/opt/ros/jazzy/bin:/usr/local/sbin:/usr/local/bin:/usr/sbin:/usr/bin:/sbin:/bin:/usr/games:/usr/local/games:/snap/bin:/snap/bin PKG_CONFIG_PATH=/home/kaisar/warehouse_robot/robot/install/stage/lib/x86_64-linux-gnu/pkgconfig:/home/kaisar/warehouse_robot/robot/install/stage/lib/pkgconfig:/home/kaisar/warehouse_robot/install/stage/lib/x86_64-linux-gnu/pkgconfig:/home/kaisar/warehouse_robot/install/stage/lib/pkgconfig ROS_PACKAGE_PATH=/home/kaisar/warehouse_robot/robot/install/stage/share:/home/kaisar/warehouse_robot/install/stage/share /usr/bin/cmake --build /home/kaisar/warehouse_robot/robot/build/stage_ros2 -- -j12 -l12
[0.798s] DEBUG:colcon.colcon_core.event_handler.log_command:Invoking command in '/home/kaisar/warehouse_robot/robot/build/stage_ros2': CMAKE_PREFIX_PATH=/home/kaisar/warehouse_robot/robot/install/robot_http_api:/home/kaisar/warehouse_robot/robot/install/robot_planner:/opt/ros/jazzy:/home/kaisar/warehouse_robot/robot/install/stage:/home/kaisar/warehouse_robot/install/trp1_description:/home/kaisar/warehouse_robot/install/stage_ros2:/home/kaisar/warehouse_robot/install/stage:/home/kaisar/warehouse_robot/install/robot_msgs:/home/kaisar/warehouse_robot/install/nav2:/home/kaisar/warehouse_robot/robot/install/trp1_description:/home/kaisar/warehouse_robot/robot/install/stage_ros2:/home/kaisar/warehouse_robot/robot/install/robot_msgs:/home/kaisar/warehouse_robot/robot/install/nav2:/opt/ros/jazzy/opt/gz_sim_vendor:/opt/ros/jazzy/opt/gz_sensors_vendor:/opt/ros/jazzy/opt/gz_physics_vendor:/opt/ros/jazzy/opt/sdformat_vendor:/opt/ros/jazzy/opt/gz_gui_vendor:/opt/ros/jazzy/opt/gz_transport_vendor:/opt/ros/jazzy/opt/gz_rendering_vendor:/opt/ros/jazzy/opt/gz_plugin_vendor:/opt/ros/jazzy/opt/gz_fuel_tools_vendor:/opt/ros/jazzy/opt/gz_msgs_vendor:/opt/ros/jazzy/opt/gz_common_vendor:/opt/ros/jazzy/opt/gz_math_vendor:/opt/ros/jazzy/opt/gz_utils_vendor:/opt/ros/jazzy/opt/gz_tools_vendor:/opt/ros/jazzy/opt/gz_ogre_next_vendor:/opt/ros/jazzy/opt/gz_dartsim_vendor:/opt/ros/jazzy/opt/gz_cmake_vendor DEBUGINFOD_URLS=https://debuginfod.ubuntu.com LD_LIBRARY_PATH=/home/kaisar/warehouse_robot/robot/install/stage/lib:/home/kaisar/warehouse_robot/install/stage_ros2/lib:/home/kaisar/warehouse_robot/install/stage/lib:/home/kaisar/warehouse_robot/install/robot_msgs/lib:/home/kaisar/warehouse_robot/robot/install/stage_ros2/lib:/home/kaisar/warehouse_robot/robot/install/robot_msgs/lib:/opt/ros/jazzy/opt/gz_sim_vendor/lib:/opt/ros/jazzy/opt/gz_sensors_vendor/lib:/opt/ros/jazzy/opt/gz_physics_vendor/lib:/opt/ros/jazzy/opt/sdformat_vendor/lib:/opt/ros/jazzy/opt/rviz_ogre_vendor/lib:/opt/ros/jazzy/lib/x86_64-linux-gnu:/opt/ros/jazzy/opt/gz_gui_vendor/lib:/opt/ros/jazzy/opt/gz_transport_vendor/lib:/opt/ros/jazzy/opt/gz_rendering_vendor/lib:/opt/ros/jazzy/opt/gz_plugin_vendor/lib:/opt/ros/jazzy/opt/gz_fuel_tools_vendor/lib:/opt/ros/jazzy/opt/gz_msgs_vendor/lib:/opt/ros/jazzy/opt/gz_common_vendor/lib:/opt/ros/jazzy/opt/gz_math_vendor/lib:/opt/ros/jazzy/opt/gz_utils_vendor/lib:/opt/ros/jazzy/opt/gz_tools_vendor/lib:/opt/ros/jazzy/opt/gz_ogre_next_vendor/lib:/opt/ros/jazzy/opt/gz_dartsim_vendor/lib:/opt/ros/jazzy/opt/gz_cmake_vendor/lib:/opt/ros/jazzy/lib PATH=/home/kaisar/warehouse_robot/robot/install/stage/bin:/home/kaisar/warehouse_robot/install/stage/bin:/opt/ros/jazzy/opt/gz_msgs_vendor/bin:/opt/ros/jazzy/opt/gz_tools_vendor/bin:/opt/ros/jazzy/opt/gz_ogre_next_vendor/bin:/opt/ros/jazzy/bin:/usr/local/sbin:/usr/local/bin:/usr/sbin:/usr/bin:/sbin:/bin:/usr/games:/usr/local/games:/snap/bin:/snap/bin PKG_CONFIG_PATH=/home/kaisar/warehouse_robot/robot/install/stage/lib/x86_64-linux-gnu/pkgconfig:/home/kaisar/warehouse_robot/robot/install/stage/lib/pkgconfig:/home/kaisar/warehouse_robot/install/stage/lib/x86_64-linux-gnu/pkgconfig:/home/kaisar/warehouse_robot/install/stage/lib/pkgconfig ROS_PACKAGE_PATH=/home/kaisar/warehouse_robot/robot/install/stage/share:/home/kaisar/warehouse_robot/install/stage/share /usr/bin/cmake --install /home/kaisar/warehouse_robot/robot/build/stage_ros2
[0.833s] Level 1:colcon.colcon_core.environment:create_environment_scripts_only(stage_ros2)
[0.834s] Level 1:colcon.colcon_core.environment:checking '/home/kaisar/warehouse_robot/robot/install/stage_ros2' for CMake module files
[0.834s] DEBUG:colcon.colcon_core.event_handler.log_command:Invoked command in '/home/kaisar/warehouse_robot/robot/build/stage_ros2' returned '0': CMAKE_PREFIX_PATH=/home/kaisar/warehouse_robot/robot/install/robot_http_api:/home/kaisar/warehouse_robot/robot/install/robot_planner:/opt/ros/jazzy:/home/kaisar/warehouse_robot/robot/install/stage:/home/kaisar/warehouse_robot/install/trp1_description:/home/kaisar/warehouse_robot/install/stage_ros2:/home/kaisar/warehouse_robot/install/stage:/home/kaisar/warehouse_robot/install/robot_msgs:/home/kaisar/warehouse_robot/install/nav2:/home/kaisar/warehouse_robot/robot/install/trp1_description:/home/kaisar/warehouse_robot/robot/install/stage_ros2:/home/kaisar/warehouse_robot/robot/install/robot_msgs:/home/kaisar/warehouse_robot/robot/install/nav2:/opt/ros/jazzy/opt/gz_sim_vendor:/opt/ros/jazzy/opt/gz_sensors_vendor:/opt/ros/jazzy/opt/gz_physics_vendor:/opt/ros/jazzy/opt/sdformat_vendor:/opt/ros/jazzy/opt/gz_gui_vendor:/opt/ros/jazzy/opt/gz_transport_vendor:/opt/ros/jazzy/opt/gz_rendering_vendor:/opt/ros/jazzy/opt/gz_plugin_vendor:/opt/ros/jazzy/opt/gz_fuel_tools_vendor:/opt/ros/jazzy/opt/gz_msgs_vendor:/opt/ros/jazzy/opt/gz_common_vendor:/opt/ros/jazzy/opt/gz_math_vendor:/opt/ros/jazzy/opt/gz_utils_vendor:/opt/ros/jazzy/opt/gz_tools_vendor:/opt/ros/jazzy/opt/gz_ogre_next_vendor:/opt/ros/jazzy/opt/gz_dartsim_vendor:/opt/ros/jazzy/opt/gz_cmake_vendor DEBUGINFOD_URLS=https://debuginfod.ubuntu.com LD_LIBRARY_PATH=/home/kaisar/warehouse_robot/robot/install/stage/lib:/home/kaisar/warehouse_robot/install/stage_ros2/lib:/home/kaisar/warehouse_robot/install/stage/lib:/home/kaisar/warehouse_robot/install/robot_msgs/lib:/home/kaisar/warehouse_robot/robot/install/stage_ros2/lib:/home/kaisar/warehouse_robot/robot/install/robot_msgs/lib:/opt/ros/jazzy/opt/gz_sim_vendor/lib:/opt/ros/jazzy/opt/gz_sensors_vendor/lib:/opt/ros/jazzy/opt/gz_physics_vendor/lib:/opt/ros/jazzy/opt/sdformat_vendor/lib:/opt/ros/jazzy/opt/rviz_ogre_vendor/lib:/opt/ros/jazzy/lib/x86_64-linux-gnu:/opt/ros/jazzy/opt/gz_gui_vendor/lib:/opt/ros/jazzy/opt/gz_transport_vendor/lib:/opt/ros/jazzy/opt/gz_rendering_vendor/lib:/opt/ros/jazzy/opt/gz_plugin_vendor/lib:/opt/ros/jazzy/opt/gz_fuel_tools_vendor/lib:/opt/ros/jazzy/opt/gz_msgs_vendor/lib:/opt/ros/jazzy/opt/gz_common_vendor/lib:/opt/ros/jazzy/opt/gz_math_vendor/lib:/opt/ros/jazzy/opt/gz_utils_vendor/lib:/opt/ros/jazzy/opt/gz_tools_vendor/lib:/opt/ros/jazzy/opt/gz_ogre_next_vendor/lib:/opt/ros/jazzy/opt/gz_dartsim_vendor/lib:/opt/ros/jazzy/opt/gz_cmake_vendor/lib:/opt/ros/jazzy/lib PATH=/home/kaisar/warehouse_robot/robot/install/stage/bin:/home/kaisar/warehouse_robot/install/stage/bin:/opt/ros/jazzy/opt/gz_msgs_vendor/bin:/opt/ros/jazzy/opt/gz_tools_vendor/bin:/opt/ros/jazzy/opt/gz_ogre_next_vendor/bin:/opt/ros/jazzy/bin:/usr/local/sbin:/usr/local/bin:/usr/sbin:/usr/bin:/sbin:/bin:/usr/games:/usr/local/games:/snap/bin:/snap/bin PKG_CONFIG_PATH=/home/kaisar/warehouse_robot/robot/install/stage/lib/x86_64-linux-gnu/pkgconfig:/home/kaisar/warehouse_robot/robot/install/stage/lib/pkgconfig:/home/kaisar/warehouse_robot/install/stage/lib/x86_64-linux-gnu/pkgconfig:/home/kaisar/warehouse_robot/install/stage/lib/pkgconfig ROS_PACKAGE_PATH=/home/kaisar/warehouse_robot/robot/install/stage/share:/home/kaisar/warehouse_robot/install/stage/share /usr/bin/cmake --install /home/kaisar/warehouse_robot/robot/build/stage_ros2
[0.835s] Level 1:colcon.colcon_core.environment:checking '/home/kaisar/warehouse_robot/robot/install/stage_ros2' for CMake config files
[0.835s] Level 1:colcon.colcon_core.shell:create_environment_hook('stage_ros2', 'cmake_prefix_path')
[0.836s] INFO:colcon.colcon_core.shell:Creating environment hook '/home/kaisar/warehouse_robot/robot/install/stage_ros2/share/stage_ros2/hook/cmake_prefix_path.ps1'
[0.836s] INFO:colcon.colcon_core.shell:Creating environment descriptor '/home/kaisar/warehouse_robot/robot/install/stage_ros2/share/stage_ros2/hook/cmake_prefix_path.dsv'
[0.836s] INFO:colcon.colcon_core.shell:Creating environment hook '/home/kaisar/warehouse_robot/robot/install/stage_ros2/share/stage_ros2/hook/cmake_prefix_path.sh'
[0.837s] Level 1:colcon.colcon_core.environment:checking '/home/kaisar/warehouse_robot/robot/install/stage_ros2/lib'
[0.837s] Level 1:colcon.colcon_core.shell:create_environment_hook('stage_ros2', 'ld_library_path_lib')
[0.837s] INFO:colcon.colcon_core.shell:Creating environment hook '/home/kaisar/warehouse_robot/robot/install/stage_ros2/share/stage_ros2/hook/ld_library_path_lib.ps1'
[0.837s] INFO:colcon.colcon_core.shell:Creating environment descriptor '/home/kaisar/warehouse_robot/robot/install/stage_ros2/share/stage_ros2/hook/ld_library_path_lib.dsv'
[0.838s] INFO:colcon.colcon_core.shell:Creating environment hook '/home/kaisar/warehouse_robot/robot/install/stage_ros2/share/stage_ros2/hook/ld_library_path_lib.sh'
[0.838s] Level 1:colcon.colcon_core.environment:checking '/home/kaisar/warehouse_robot/robot/install/stage_ros2/bin'
[0.838s] Level 1:colcon.colcon_core.environment:checking '/home/kaisar/warehouse_robot/robot/install/stage_ros2/lib/pkgconfig/stage_ros2.pc'
[0.838s] Level 1:colcon.colcon_core.environment:checking '/home/kaisar/warehouse_robot/robot/install/stage_ros2/lib/python3.12/site-packages'
[0.838s] Level 1:colcon.colcon_core.environment:checking '/home/kaisar/warehouse_robot/robot/install/stage_ros2/bin'
[0.839s] INFO:colcon.colcon_core.shell:Creating package script '/home/kaisar/warehouse_robot/robot/install/stage_ros2/share/stage_ros2/package.ps1'
[0.839s] INFO:colcon.colcon_core.shell:Creating package descriptor '/home/kaisar/warehouse_robot/robot/install/stage_ros2/share/stage_ros2/package.dsv'
[0.840s] INFO:colcon.colcon_core.shell:Creating package script '/home/kaisar/warehouse_robot/robot/install/stage_ros2/share/stage_ros2/package.sh'
[0.840s] INFO:colcon.colcon_core.shell:Creating package script '/home/kaisar/warehouse_robot/robot/install/stage_ros2/share/stage_ros2/package.bash'
[0.840s] INFO:colcon.colcon_core.shell:Creating package script '/home/kaisar/warehouse_robot/robot/install/stage_ros2/share/stage_ros2/package.zsh'
[0.841s] Level 1:colcon.colcon_core.environment:create_file_with_runtime_dependencies(/home/kaisar/warehouse_robot/robot/install/stage_ros2/share/colcon-core/packages/stage_ros2)
[0.841s] Level 1:colcon.colcon_core.environment:create_environment_scripts_only(stage_ros2)
[0.841s] Level 1:colcon.colcon_core.environment:checking '/home/kaisar/warehouse_robot/robot/install/stage_ros2' for CMake module files
[0.842s] Level 1:colcon.colcon_core.environment:checking '/home/kaisar/warehouse_robot/robot/install/stage_ros2' for CMake config files
[0.842s] Level 1:colcon.colcon_core.shell:create_environment_hook('stage_ros2', 'cmake_prefix_path')
[0.843s] INFO:colcon.colcon_core.shell:Creating environment hook '/home/kaisar/warehouse_robot/robot/install/stage_ros2/share/stage_ros2/hook/cmake_prefix_path.ps1'
[0.843s] INFO:colcon.colcon_core.shell:Creating environment descriptor '/home/kaisar/warehouse_robot/robot/install/stage_ros2/share/stage_ros2/hook/cmake_prefix_path.dsv'
[0.843s] INFO:colcon.colcon_core.shell:Creating environment hook '/home/kaisar/warehouse_robot/robot/install/stage_ros2/share/stage_ros2/hook/cmake_prefix_path.sh'
[0.844s] Level 1:colcon.colcon_core.environment:checking '/home/kaisar/warehouse_robot/robot/install/stage_ros2/lib'
[0.844s] Level 1:colcon.colcon_core.shell:create_environment_hook('stage_ros2', 'ld_library_path_lib')
[0.844s] INFO:colcon.colcon_core.shell:Creating environment hook '/home/kaisar/warehouse_robot/robot/install/stage_ros2/share/stage_ros2/hook/ld_library_path_lib.ps1'
[0.845s] INFO:colcon.colcon_core.shell:Creating environment descriptor '/home/kaisar/warehouse_robot/robot/install/stage_ros2/share/stage_ros2/hook/ld_library_path_lib.dsv'
[0.845s] INFO:colcon.colcon_core.shell:Creating environment hook '/home/kaisar/warehouse_robot/robot/install/stage_ros2/share/stage_ros2/hook/ld_library_path_lib.sh'
[0.845s] Level 1:colcon.colcon_core.environment:checking '/home/kaisar/warehouse_robot/robot/install/stage_ros2/bin'
[0.846s] Level 1:colcon.colcon_core.environment:checking '/home/kaisar/warehouse_robot/robot/install/stage_ros2/lib/pkgconfig/stage_ros2.pc'
[0.846s] Level 1:colcon.colcon_core.environment:checking '/home/kaisar/warehouse_robot/robot/install/stage_ros2/lib/python3.12/site-packages'
[0.846s] Level 1:colcon.colcon_core.environment:checking '/home/kaisar/warehouse_robot/robot/install/stage_ros2/bin'
[0.846s] INFO:colcon.colcon_core.shell:Creating package script '/home/kaisar/warehouse_robot/robot/install/stage_ros2/share/stage_ros2/package.ps1'
[0.847s] INFO:colcon.colcon_core.shell:Creating package descriptor '/home/kaisar/warehouse_robot/robot/install/stage_ros2/share/stage_ros2/package.dsv'
[0.847s] INFO:colcon.colcon_core.shell:Creating package script '/home/kaisar/warehouse_robot/robot/install/stage_ros2/share/stage_ros2/package.sh'
[0.848s] INFO:colcon.colcon_core.shell:Creating package script '/home/kaisar/warehouse_robot/robot/install/stage_ros2/share/stage_ros2/package.bash'
[0.848s] INFO:colcon.colcon_core.shell:Creating package script '/home/kaisar/warehouse_robot/robot/install/stage_ros2/share/stage_ros2/package.zsh'
[0.848s] Level 1:colcon.colcon_core.environment:create_file_with_runtime_dependencies(/home/kaisar/warehouse_robot/robot/install/stage_ros2/share/colcon-core/packages/stage_ros2)
[1.953s] DEBUG:colcon.colcon_core.event_handler.log_command:Invoked command in '/home/kaisar/warehouse_robot/robot/build/robot_msgs' returned '0': CMAKE_PREFIX_PATH=/home/kaisar/warehouse_robot/install/trp1_description:/home/kaisar/warehouse_robot/install/stage_ros2:/home/kaisar/warehouse_robot/robot/install/robot_http_api:/home/kaisar/warehouse_robot/robot/install/robot_planner:/opt/ros/jazzy:/home/kaisar/warehouse_robot/install/stage:/home/kaisar/warehouse_robot/install/robot_msgs:/home/kaisar/warehouse_robot/install/nav2:/home/kaisar/warehouse_robot/robot/install/trp1_description:/home/kaisar/warehouse_robot/robot/install/stage_ros2:/home/kaisar/warehouse_robot/robot/install/stage:/home/kaisar/warehouse_robot/robot/install/robot_msgs:/home/kaisar/warehouse_robot/robot/install/nav2:/opt/ros/jazzy/opt/gz_sim_vendor:/opt/ros/jazzy/opt/gz_sensors_vendor:/opt/ros/jazzy/opt/gz_physics_vendor:/opt/ros/jazzy/opt/sdformat_vendor:/opt/ros/jazzy/opt/gz_gui_vendor:/opt/ros/jazzy/opt/gz_transport_vendor:/opt/ros/jazzy/opt/gz_rendering_vendor:/opt/ros/jazzy/opt/gz_plugin_vendor:/opt/ros/jazzy/opt/gz_fuel_tools_vendor:/opt/ros/jazzy/opt/gz_msgs_vendor:/opt/ros/jazzy/opt/gz_common_vendor:/opt/ros/jazzy/opt/gz_math_vendor:/opt/ros/jazzy/opt/gz_utils_vendor:/opt/ros/jazzy/opt/gz_tools_vendor:/opt/ros/jazzy/opt/gz_ogre_next_vendor:/opt/ros/jazzy/opt/gz_dartsim_vendor:/opt/ros/jazzy/opt/gz_cmake_vendor DEBUGINFOD_URLS=https://debuginfod.ubuntu.com /usr/bin/cmake /home/kaisar/warehouse_robot/robot/ws/src/robot_msgs -DAMENT_CMAKE_SYMLINK_INSTALL=1 -DCMAKE_INSTALL_PREFIX=/home/kaisar/warehouse_robot/robot/install/robot_msgs
[1.954s] DEBUG:colcon.colcon_core.event_handler.log_command:Invoking command in '/home/kaisar/warehouse_robot/robot/build/robot_msgs': CMAKE_PREFIX_PATH=/home/kaisar/warehouse_robot/install/trp1_description:/home/kaisar/warehouse_robot/install/stage_ros2:/home/kaisar/warehouse_robot/robot/install/robot_http_api:/home/kaisar/warehouse_robot/robot/install/robot_planner:/opt/ros/jazzy:/home/kaisar/warehouse_robot/install/stage:/home/kaisar/warehouse_robot/install/robot_msgs:/home/kaisar/warehouse_robot/install/nav2:/home/kaisar/warehouse_robot/robot/install/trp1_description:/home/kaisar/warehouse_robot/robot/install/stage_ros2:/home/kaisar/warehouse_robot/robot/install/stage:/home/kaisar/warehouse_robot/robot/install/robot_msgs:/home/kaisar/warehouse_robot/robot/install/nav2:/opt/ros/jazzy/opt/gz_sim_vendor:/opt/ros/jazzy/opt/gz_sensors_vendor:/opt/ros/jazzy/opt/gz_physics_vendor:/opt/ros/jazzy/opt/sdformat_vendor:/opt/ros/jazzy/opt/gz_gui_vendor:/opt/ros/jazzy/opt/gz_transport_vendor:/opt/ros/jazzy/opt/gz_rendering_vendor:/opt/ros/jazzy/opt/gz_plugin_vendor:/opt/ros/jazzy/opt/gz_fuel_tools_vendor:/opt/ros/jazzy/opt/gz_msgs_vendor:/opt/ros/jazzy/opt/gz_common_vendor:/opt/ros/jazzy/opt/gz_math_vendor:/opt/ros/jazzy/opt/gz_utils_vendor:/opt/ros/jazzy/opt/gz_tools_vendor:/opt/ros/jazzy/opt/gz_ogre_next_vendor:/opt/ros/jazzy/opt/gz_dartsim_vendor:/opt/ros/jazzy/opt/gz_cmake_vendor DEBUGINFOD_URLS=https://debuginfod.ubuntu.com /usr/bin/cmake --build /home/kaisar/warehouse_robot/robot/build/robot_msgs -- -j12 -l12
[2.525s] DEBUG:colcon.colcon_core.event_handler.log_command:Invoked command in '/home/kaisar/warehouse_robot/robot/build/robot_msgs' returned '0': CMAKE_PREFIX_PATH=/home/kaisar/warehouse_robot/install/trp1_description:/home/kaisar/warehouse_robot/install/stage_ros2:/home/kaisar/warehouse_robot/robot/install/robot_http_api:/home/kaisar/warehouse_robot/robot/install/robot_planner:/opt/ros/jazzy:/home/kaisar/warehouse_robot/install/stage:/home/kaisar/warehouse_robot/install/robot_msgs:/home/kaisar/warehouse_robot/install/nav2:/home/kaisar/warehouse_robot/robot/install/trp1_description:/home/kaisar/warehouse_robot/robot/install/stage_ros2:/home/kaisar/warehouse_robot/robot/install/stage:/home/kaisar/warehouse_robot/robot/install/robot_msgs:/home/kaisar/warehouse_robot/robot/install/nav2:/opt/ros/jazzy/opt/gz_sim_vendor:/opt/ros/jazzy/opt/gz_sensors_vendor:/opt/ros/jazzy/opt/gz_physics_vendor:/opt/ros/jazzy/opt/sdformat_vendor:/opt/ros/jazzy/opt/gz_gui_vendor:/opt/ros/jazzy/opt/gz_transport_vendor:/opt/ros/jazzy/opt/gz_rendering_vendor:/opt/ros/jazzy/opt/gz_plugin_vendor:/opt/ros/jazzy/opt/gz_fuel_tools_vendor:/opt/ros/jazzy/opt/gz_msgs_vendor:/opt/ros/jazzy/opt/gz_common_vendor:/opt/ros/jazzy/opt/gz_math_vendor:/opt/ros/jazzy/opt/gz_utils_vendor:/opt/ros/jazzy/opt/gz_tools_vendor:/opt/ros/jazzy/opt/gz_ogre_next_vendor:/opt/ros/jazzy/opt/gz_dartsim_vendor:/opt/ros/jazzy/opt/gz_cmake_vendor DEBUGINFOD_URLS=https://debuginfod.ubuntu.com /usr/bin/cmake --build /home/kaisar/warehouse_robot/robot/build/robot_msgs -- -j12 -l12
[2.526s] DEBUG:colcon.colcon_core.event_handler.log_command:Invoking command in '/home/kaisar/warehouse_robot/robot/build/robot_msgs': CMAKE_PREFIX_PATH=/home/kaisar/warehouse_robot/install/trp1_description:/home/kaisar/warehouse_robot/install/stage_ros2:/home/kaisar/warehouse_robot/robot/install/robot_http_api:/home/kaisar/warehouse_robot/robot/install/robot_planner:/opt/ros/jazzy:/home/kaisar/warehouse_robot/install/stage:/home/kaisar/warehouse_robot/install/robot_msgs:/home/kaisar/warehouse_robot/install/nav2:/home/kaisar/warehouse_robot/robot/install/trp1_description:/home/kaisar/warehouse_robot/robot/install/stage_ros2:/home/kaisar/warehouse_robot/robot/install/stage:/home/kaisar/warehouse_robot/robot/install/robot_msgs:/home/kaisar/warehouse_robot/robot/install/nav2:/opt/ros/jazzy/opt/gz_sim_vendor:/opt/ros/jazzy/opt/gz_sensors_vendor:/opt/ros/jazzy/opt/gz_physics_vendor:/opt/ros/jazzy/opt/sdformat_vendor:/opt/ros/jazzy/opt/gz_gui_vendor:/opt/ros/jazzy/opt/gz_transport_vendor:/opt/ros/jazzy/opt/gz_rendering_vendor:/opt/ros/jazzy/opt/gz_plugin_vendor:/opt/ros/jazzy/opt/gz_fuel_tools_vendor:/opt/ros/jazzy/opt/gz_msgs_vendor:/opt/ros/jazzy/opt/gz_common_vendor:/opt/ros/jazzy/opt/gz_math_vendor:/opt/ros/jazzy/opt/gz_utils_vendor:/opt/ros/jazzy/opt/gz_tools_vendor:/opt/ros/jazzy/opt/gz_ogre_next_vendor:/opt/ros/jazzy/opt/gz_dartsim_vendor:/opt/ros/jazzy/opt/gz_cmake_vendor DEBUGINFOD_URLS=https://debuginfod.ubuntu.com /usr/bin/cmake --install /home/kaisar/warehouse_robot/robot/build/robot_msgs
[2.630s] Level 1:colcon.colcon_core.environment:create_environment_scripts_only(robot_msgs)
[2.630s] Level 1:colcon.colcon_core.environment:checking '/home/kaisar/warehouse_robot/robot/install/robot_msgs' for CMake module files
[2.631s] DEBUG:colcon.colcon_core.event_handler.log_command:Invoked command in '/home/kaisar/warehouse_robot/robot/build/robot_msgs' returned '0': CMAKE_PREFIX_PATH=/home/kaisar/warehouse_robot/install/trp1_description:/home/kaisar/warehouse_robot/install/stage_ros2:/home/kaisar/warehouse_robot/robot/install/robot_http_api:/home/kaisar/warehouse_robot/robot/install/robot_planner:/opt/ros/jazzy:/home/kaisar/warehouse_robot/install/stage:/home/kaisar/warehouse_robot/install/robot_msgs:/home/kaisar/warehouse_robot/install/nav2:/home/kaisar/warehouse_robot/robot/install/trp1_description:/home/kaisar/warehouse_robot/robot/install/stage_ros2:/home/kaisar/warehouse_robot/robot/install/stage:/home/kaisar/warehouse_robot/robot/install/robot_msgs:/home/kaisar/warehouse_robot/robot/install/nav2:/opt/ros/jazzy/opt/gz_sim_vendor:/opt/ros/jazzy/opt/gz_sensors_vendor:/opt/ros/jazzy/opt/gz_physics_vendor:/opt/ros/jazzy/opt/sdformat_vendor:/opt/ros/jazzy/opt/gz_gui_vendor:/opt/ros/jazzy/opt/gz_transport_vendor:/opt/ros/jazzy/opt/gz_rendering_vendor:/opt/ros/jazzy/opt/gz_plugin_vendor:/opt/ros/jazzy/opt/gz_fuel_tools_vendor:/opt/ros/jazzy/opt/gz_msgs_vendor:/opt/ros/jazzy/opt/gz_common_vendor:/opt/ros/jazzy/opt/gz_math_vendor:/opt/ros/jazzy/opt/gz_utils_vendor:/opt/ros/jazzy/opt/gz_tools_vendor:/opt/ros/jazzy/opt/gz_ogre_next_vendor:/opt/ros/jazzy/opt/gz_dartsim_vendor:/opt/ros/jazzy/opt/gz_cmake_vendor DEBUGINFOD_URLS=https://debuginfod.ubuntu.com /usr/bin/cmake --install /home/kaisar/warehouse_robot/robot/build/robot_msgs
[2.631s] Level 1:colcon.colcon_core.environment:checking '/home/kaisar/warehouse_robot/robot/install/robot_msgs' for CMake config files
[2.632s] Level 1:colcon.colcon_core.shell:create_environment_hook('robot_msgs', 'cmake_prefix_path')
[2.632s] INFO:colcon.colcon_core.shell:Creating environment hook '/home/kaisar/warehouse_robot/robot/install/robot_msgs/share/robot_msgs/hook/cmake_prefix_path.ps1'
[2.633s] INFO:colcon.colcon_core.shell:Creating environment descriptor '/home/kaisar/warehouse_robot/robot/install/robot_msgs/share/robot_msgs/hook/cmake_prefix_path.dsv'
[2.633s] INFO:colcon.colcon_core.shell:Creating environment hook '/home/kaisar/warehouse_robot/robot/install/robot_msgs/share/robot_msgs/hook/cmake_prefix_path.sh'
[2.633s] Level 1:colcon.colcon_core.environment:checking '/home/kaisar/warehouse_robot/robot/install/robot_msgs/lib'
[2.633s] Level 1:colcon.colcon_core.shell:create_environment_hook('robot_msgs', 'ld_library_path_lib')
[2.634s] INFO:colcon.colcon_core.shell:Creating environment hook '/home/kaisar/warehouse_robot/robot/install/robot_msgs/share/robot_msgs/hook/ld_library_path_lib.ps1'
[2.634s] INFO:colcon.colcon_core.shell:Creating environment descriptor '/home/kaisar/warehouse_robot/robot/install/robot_msgs/share/robot_msgs/hook/ld_library_path_lib.dsv'
[2.634s] INFO:colcon.colcon_core.shell:Creating environment hook '/home/kaisar/warehouse_robot/robot/install/robot_msgs/share/robot_msgs/hook/ld_library_path_lib.sh'
[2.635s] Level 1:colcon.colcon_core.environment:checking '/home/kaisar/warehouse_robot/robot/install/robot_msgs/bin'
[2.635s] Level 1:colcon.colcon_core.environment:checking '/home/kaisar/warehouse_robot/robot/install/robot_msgs/lib/pkgconfig/robot_msgs.pc'
[2.635s] Level 1:colcon.colcon_core.environment:checking '/home/kaisar/warehouse_robot/robot/install/robot_msgs/lib/python3.12/site-packages'
[2.635s] Level 1:colcon.colcon_core.shell:create_environment_hook('robot_msgs', 'pythonpath')
[2.635s] INFO:colcon.colcon_core.shell:Creating environment hook '/home/kaisar/warehouse_robot/robot/install/robot_msgs/share/robot_msgs/hook/pythonpath.ps1'
[2.635s] INFO:colcon.colcon_core.shell:Creating environment descriptor '/home/kaisar/warehouse_robot/robot/install/robot_msgs/share/robot_msgs/hook/pythonpath.dsv'
[2.636s] INFO:colcon.colcon_core.shell:Creating environment hook '/home/kaisar/warehouse_robot/robot/install/robot_msgs/share/robot_msgs/hook/pythonpath.sh'
[2.636s] Level 1:colcon.colcon_core.environment:checking '/home/kaisar/warehouse_robot/robot/install/robot_msgs/bin'
[2.636s] INFO:colcon.colcon_core.shell:Creating package script '/home/kaisar/warehouse_robot/robot/install/robot_msgs/share/robot_msgs/package.ps1'
[2.637s] INFO:colcon.colcon_core.shell:Creating package descriptor '/home/kaisar/warehouse_robot/robot/install/robot_msgs/share/robot_msgs/package.dsv'
[2.637s] INFO:colcon.colcon_core.shell:Creating package script '/home/kaisar/warehouse_robot/robot/install/robot_msgs/share/robot_msgs/package.sh'
[2.638s] INFO:colcon.colcon_core.shell:Creating package script '/home/kaisar/warehouse_robot/robot/install/robot_msgs/share/robot_msgs/package.bash'
[2.638s] INFO:colcon.colcon_core.shell:Creating package script '/home/kaisar/warehouse_robot/robot/install/robot_msgs/share/robot_msgs/package.zsh'
[2.638s] Level 1:colcon.colcon_core.environment:create_file_with_runtime_dependencies(/home/kaisar/warehouse_robot/robot/install/robot_msgs/share/colcon-core/packages/robot_msgs)
[2.639s] Level 1:colcon.colcon_core.environment:create_environment_scripts_only(robot_msgs)
[2.639s] Level 1:colcon.colcon_core.environment:checking '/home/kaisar/warehouse_robot/robot/install/robot_msgs' for CMake module files
[2.639s] Level 1:colcon.colcon_core.environment:checking '/home/kaisar/warehouse_robot/robot/install/robot_msgs' for CMake config files
[2.640s] Level 1:colcon.colcon_core.shell:create_environment_hook('robot_msgs', 'cmake_prefix_path')
[2.640s] INFO:colcon.colcon_core.shell:Creating environment hook '/home/kaisar/warehouse_robot/robot/install/robot_msgs/share/robot_msgs/hook/cmake_prefix_path.ps1'
[2.641s] INFO:colcon.colcon_core.shell:Creating environment descriptor '/home/kaisar/warehouse_robot/robot/install/robot_msgs/share/robot_msgs/hook/cmake_prefix_path.dsv'
[2.641s] INFO:colcon.colcon_core.shell:Creating environment hook '/home/kaisar/warehouse_robot/robot/install/robot_msgs/share/robot_msgs/hook/cmake_prefix_path.sh'
[2.641s] Level 1:colcon.colcon_core.environment:checking '/home/kaisar/warehouse_robot/robot/install/robot_msgs/lib'
[2.641s] Level 1:colcon.colcon_core.shell:create_environment_hook('robot_msgs', 'ld_library_path_lib')
[2.642s] INFO:colcon.colcon_core.shell:Creating environment hook '/home/kaisar/warehouse_robot/robot/install/robot_msgs/share/robot_msgs/hook/ld_library_path_lib.ps1'
[2.642s] INFO:colcon.colcon_core.shell:Creating environment descriptor '/home/kaisar/warehouse_robot/robot/install/robot_msgs/share/robot_msgs/hook/ld_library_path_lib.dsv'
[2.642s] INFO:colcon.colcon_core.shell:Creating environment hook '/home/kaisar/warehouse_robot/robot/install/robot_msgs/share/robot_msgs/hook/ld_library_path_lib.sh'
[2.642s] Level 1:colcon.colcon_core.environment:checking '/home/kaisar/warehouse_robot/robot/install/robot_msgs/bin'
[2.643s] Level 1:colcon.colcon_core.environment:checking '/home/kaisar/warehouse_robot/robot/install/robot_msgs/lib/pkgconfig/robot_msgs.pc'
[2.643s] Level 1:colcon.colcon_core.environment:checking '/home/kaisar/warehouse_robot/robot/install/robot_msgs/lib/python3.12/site-packages'
[2.643s] Level 1:colcon.colcon_core.shell:create_environment_hook('robot_msgs', 'pythonpath')
[2.643s] INFO:colcon.colcon_core.shell:Creating environment hook '/home/kaisar/warehouse_robot/robot/install/robot_msgs/share/robot_msgs/hook/pythonpath.ps1'
[2.643s] INFO:colcon.colcon_core.shell:Creating environment descriptor '/home/kaisar/warehouse_robot/robot/install/robot_msgs/share/robot_msgs/hook/pythonpath.dsv'
[2.644s] INFO:colcon.colcon_core.shell:Creating environment hook '/home/kaisar/warehouse_robot/robot/install/robot_msgs/share/robot_msgs/hook/pythonpath.sh'
[2.644s] Level 1:colcon.colcon_core.environment:checking '/home/kaisar/warehouse_robot/robot/install/robot_msgs/bin'
[2.644s] INFO:colcon.colcon_core.shell:Creating package script '/home/kaisar/warehouse_robot/robot/install/robot_msgs/share/robot_msgs/package.ps1'
[2.645s] INFO:colcon.colcon_core.shell:Creating package descriptor '/home/kaisar/warehouse_robot/robot/install/robot_msgs/share/robot_msgs/package.dsv'
[2.645s] INFO:colcon.colcon_core.shell:Creating package script '/home/kaisar/warehouse_robot/robot/install/robot_msgs/share/robot_msgs/package.sh'
[2.646s] INFO:colcon.colcon_core.shell:Creating package script '/home/kaisar/warehouse_robot/robot/install/robot_msgs/share/robot_msgs/package.bash'
[2.646s] INFO:colcon.colcon_core.shell:Creating package script '/home/kaisar/warehouse_robot/robot/install/robot_msgs/share/robot_msgs/package.zsh'
[2.646s] Level 1:colcon.colcon_core.environment:create_file_with_runtime_dependencies(/home/kaisar/warehouse_robot/robot/install/robot_msgs/share/colcon-core/packages/robot_msgs)
[2.646s] INFO:colcon.colcon_ros.task.ament_python.build:Building ROS package in '/home/kaisar/warehouse_robot/robot/ws/src/robot_planner' with build type 'ament_python'
[2.647s] Level 1:colcon.colcon_core.shell:create_environment_hook('robot_planner', 'ament_prefix_path')
[2.647s] INFO:colcon.colcon_core.shell:Creating environment hook '/home/kaisar/warehouse_robot/robot/install/robot_planner/share/robot_planner/hook/ament_prefix_path.ps1'
[2.647s] INFO:colcon.colcon_core.shell:Creating environment descriptor '/home/kaisar/warehouse_robot/robot/install/robot_planner/share/robot_planner/hook/ament_prefix_path.dsv'
[2.648s] INFO:colcon.colcon_core.shell:Creating environment hook '/home/kaisar/warehouse_robot/robot/install/robot_planner/share/robot_planner/hook/ament_prefix_path.sh'
[2.648s] INFO:colcon.colcon_core.shell:Skip shell extension 'powershell' for command environment: Not usable outside of PowerShell
[2.648s] DEBUG:colcon.colcon_core.shell:Skip shell extension 'dsv' for command environment
[2.916s] INFO:colcon.colcon_core.task.python.build:Building Python package in '/home/kaisar/warehouse_robot/robot/ws/src/robot_planner'
[2.917s] INFO:colcon.colcon_core.shell:Skip shell extension 'powershell' for command environment: Not usable outside of PowerShell
[2.917s] DEBUG:colcon.colcon_core.shell:Skip shell extension 'dsv' for command environment
[3.699s] DEBUG:colcon.colcon_core.task.python.build:While undoing a previous installation files outside the Python library path are being ignored: /home/kaisar/warehouse_robot/robot/install/robot_planner/share/ament_index/resource_index/packages/robot_planner
[3.699s] DEBUG:colcon.colcon_core.task.python.build:While undoing a previous installation files outside the Python library path are being ignored: /home/kaisar/warehouse_robot/robot/install/robot_planner/share/robot_planner/package.xml
[3.709s] DEBUG:colcon.colcon_core.event_handler.log_command:Invoking command in '/home/kaisar/warehouse_robot/robot/build/robot_planner': CMAKE_PREFIX_PATH=/home/kaisar/warehouse_robot/robot/install/robot_msgs:/home/kaisar/warehouse_robot/install/trp1_description:/home/kaisar/warehouse_robot/install/stage_ros2:/home/kaisar/warehouse_robot/install/stage:/home/kaisar/warehouse_robot/install/robot_msgs:/home/kaisar/warehouse_robot/install/nav2:/home/kaisar/warehouse_robot/robot/install/trp1_description:/home/kaisar/warehouse_robot/robot/install/stage_ros2:/home/kaisar/warehouse_robot/robot/install/stage:/home/kaisar/warehouse_robot/robot/install/nav2:/opt/ros/jazzy/opt/gz_sim_vendor:/opt/ros/jazzy/opt/gz_sensors_vendor:/opt/ros/jazzy/opt/gz_physics_vendor:/opt/ros/jazzy/opt/sdformat_vendor:/opt/ros/jazzy/opt/gz_gui_vendor:/opt/ros/jazzy/opt/gz_transport_vendor:/opt/ros/jazzy/opt/gz_rendering_vendor:/opt/ros/jazzy/opt/gz_plugin_vendor:/opt/ros/jazzy/opt/gz_fuel_tools_vendor:/opt/ros/jazzy/opt/gz_msgs_vendor:/opt/ros/jazzy/opt/gz_common_vendor:/opt/ros/jazzy/opt/gz_math_vendor:/opt/ros/jazzy/opt/gz_utils_vendor:/opt/ros/jazzy/opt/gz_tools_vendor:/opt/ros/jazzy/opt/gz_ogre_next_vendor:/opt/ros/jazzy/opt/gz_dartsim_vendor:/opt/ros/jazzy/opt/gz_cmake_vendor DEBUGINFOD_URLS=https://debuginfod.ubuntu.com LD_LIBRARY_PATH=/home/kaisar/warehouse_robot/robot/install/robot_msgs/lib:/home/kaisar/warehouse_robot/install/stage_ros2/lib:/home/kaisar/warehouse_robot/install/stage/lib:/home/kaisar/warehouse_robot/install/robot_msgs/lib:/home/kaisar/warehouse_robot/robot/install/stage_ros2/lib:/home/kaisar/warehouse_robot/robot/install/stage/lib:/opt/ros/jazzy/opt/gz_sim_vendor/lib:/opt/ros/jazzy/opt/gz_sensors_vendor/lib:/opt/ros/jazzy/opt/gz_physics_vendor/lib:/opt/ros/jazzy/opt/sdformat_vendor/lib:/opt/ros/jazzy/opt/rviz_ogre_vendor/lib:/opt/ros/jazzy/lib/x86_64-linux-gnu:/opt/ros/jazzy/opt/gz_gui_vendor/lib:/opt/ros/jazzy/opt/gz_transport_vendor/lib:/opt/ros/jazzy/opt/gz_rendering_vendor/lib:/opt/ros/jazzy/opt/gz_plugin_vendor/lib:/opt/ros/jazzy/opt/gz_fuel_tools_vendor/lib:/opt/ros/jazzy/opt/gz_msgs_vendor/lib:/opt/ros/jazzy/opt/gz_common_vendor/lib:/opt/ros/jazzy/opt/gz_math_vendor/lib:/opt/ros/jazzy/opt/gz_utils_vendor/lib:/opt/ros/jazzy/opt/gz_tools_vendor/lib:/opt/ros/jazzy/opt/gz_ogre_next_vendor/lib:/opt/ros/jazzy/opt/gz_dartsim_vendor/lib:/opt/ros/jazzy/opt/gz_cmake_vendor/lib:/opt/ros/jazzy/lib PYTHONPATH=/home/kaisar/warehouse_robot/robot/build/robot_planner/prefix_override:/usr/lib/python3/dist-packages/colcon_core/task/python/colcon_distutils_commands:/home/kaisar/warehouse_robot/robot/install/robot_planner/lib/python3.12/site-packages:/home/kaisar/warehouse_robot/robot/install/robot_msgs/lib/python3.12/site-packages:/home/kaisar/warehouse_robot/robot/build/robot_http_api:/home/kaisar/warehouse_robot/robot/install/robot_http_api/lib/python3.12/site-packages:/home/kaisar/warehouse_robot/robot/build/robot_planner:/home/kaisar/warehouse_robot/robot/install/robot_planner/lib/python3.12/site-packages:/home/kaisar/warehouse_robot/install/robot_msgs/lib/python3.12/site-packages:/opt/ros/jazzy/lib/python/site-packages:/opt/ros/jazzy/lib/python3.12/site-packages /usr/bin/python3 -W ignore:setup.py install is deprecated -W ignore:easy_install command is deprecated setup.py develop --editable --build-directory /home/kaisar/warehouse_robot/robot/build/robot_planner/build --no-deps symlink_data --force
[4.623s] Level 1:colcon.colcon_core.shell:create_environment_hook('robot_planner', 'pythonpath_develop')
[4.623s] INFO:colcon.colcon_core.shell:Creating environment hook '/home/kaisar/warehouse_robot/robot/build/robot_planner/share/robot_planner/hook/pythonpath_develop.ps1'
[4.624s] DEBUG:colcon.colcon_core.event_handler.log_command:Invoked command in '/home/kaisar/warehouse_robot/robot/build/robot_planner' returned '0': CMAKE_PREFIX_PATH=/home/kaisar/warehouse_robot/robot/install/robot_msgs:/home/kaisar/warehouse_robot/install/trp1_description:/home/kaisar/warehouse_robot/install/stage_ros2:/home/kaisar/warehouse_robot/install/stage:/home/kaisar/warehouse_robot/install/robot_msgs:/home/kaisar/warehouse_robot/install/nav2:/home/kaisar/warehouse_robot/robot/install/trp1_description:/home/kaisar/warehouse_robot/robot/install/stage_ros2:/home/kaisar/warehouse_robot/robot/install/stage:/home/kaisar/warehouse_robot/robot/install/nav2:/opt/ros/jazzy/opt/gz_sim_vendor:/opt/ros/jazzy/opt/gz_sensors_vendor:/opt/ros/jazzy/opt/gz_physics_vendor:/opt/ros/jazzy/opt/sdformat_vendor:/opt/ros/jazzy/opt/gz_gui_vendor:/opt/ros/jazzy/opt/gz_transport_vendor:/opt/ros/jazzy/opt/gz_rendering_vendor:/opt/ros/jazzy/opt/gz_plugin_vendor:/opt/ros/jazzy/opt/gz_fuel_tools_vendor:/opt/ros/jazzy/opt/gz_msgs_vendor:/opt/ros/jazzy/opt/gz_common_vendor:/opt/ros/jazzy/opt/gz_math_vendor:/opt/ros/jazzy/opt/gz_utils_vendor:/opt/ros/jazzy/opt/gz_tools_vendor:/opt/ros/jazzy/opt/gz_ogre_next_vendor:/opt/ros/jazzy/opt/gz_dartsim_vendor:/opt/ros/jazzy/opt/gz_cmake_vendor DEBUGINFOD_URLS=https://debuginfod.ubuntu.com LD_LIBRARY_PATH=/home/kaisar/warehouse_robot/robot/install/robot_msgs/lib:/home/kaisar/warehouse_robot/install/stage_ros2/lib:/home/kaisar/warehouse_robot/install/stage/lib:/home/kaisar/warehouse_robot/install/robot_msgs/lib:/home/kaisar/warehouse_robot/robot/install/stage_ros2/lib:/home/kaisar/warehouse_robot/robot/install/stage/lib:/opt/ros/jazzy/opt/gz_sim_vendor/lib:/opt/ros/jazzy/opt/gz_sensors_vendor/lib:/opt/ros/jazzy/opt/gz_physics_vendor/lib:/opt/ros/jazzy/opt/sdformat_vendor/lib:/opt/ros/jazzy/opt/rviz_ogre_vendor/lib:/opt/ros/jazzy/lib/x86_64-linux-gnu:/opt/ros/jazzy/opt/gz_gui_vendor/lib:/opt/ros/jazzy/opt/gz_transport_vendor/lib:/opt/ros/jazzy/opt/gz_rendering_vendor/lib:/opt/ros/jazzy/opt/gz_plugin_vendor/lib:/opt/ros/jazzy/opt/gz_fuel_tools_vendor/lib:/opt/ros/jazzy/opt/gz_msgs_vendor/lib:/opt/ros/jazzy/opt/gz_common_vendor/lib:/opt/ros/jazzy/opt/gz_math_vendor/lib:/opt/ros/jazzy/opt/gz_utils_vendor/lib:/opt/ros/jazzy/opt/gz_tools_vendor/lib:/opt/ros/jazzy/opt/gz_ogre_next_vendor/lib:/opt/ros/jazzy/opt/gz_dartsim_vendor/lib:/opt/ros/jazzy/opt/gz_cmake_vendor/lib:/opt/ros/jazzy/lib PYTHONPATH=/home/kaisar/warehouse_robot/robot/build/robot_planner/prefix_override:/usr/lib/python3/dist-packages/colcon_core/task/python/colcon_distutils_commands:/home/kaisar/warehouse_robot/robot/install/robot_planner/lib/python3.12/site-packages:/home/kaisar/warehouse_robot/robot/install/robot_msgs/lib/python3.12/site-packages:/home/kaisar/warehouse_robot/robot/build/robot_http_api:/home/kaisar/warehouse_robot/robot/install/robot_http_api/lib/python3.12/site-packages:/home/kaisar/warehouse_robot/robot/build/robot_planner:/home/kaisar/warehouse_robot/robot/install/robot_planner/lib/python3.12/site-packages:/home/kaisar/warehouse_robot/install/robot_msgs/lib/python3.12/site-packages:/opt/ros/jazzy/lib/python/site-packages:/opt/ros/jazzy/lib/python3.12/site-packages /usr/bin/python3 -W ignore:setup.py install is deprecated -W ignore:easy_install command is deprecated setup.py develop --editable --build-directory /home/kaisar/warehouse_robot/robot/build/robot_planner/build --no-deps symlink_data --force
[4.624s] INFO:colcon.colcon_core.shell:Creating environment descriptor '/home/kaisar/warehouse_robot/robot/build/robot_planner/share/robot_planner/hook/pythonpath_develop.dsv'
[4.624s] INFO:colcon.colcon_core.shell:Creating environment hook '/home/kaisar/warehouse_robot/robot/build/robot_planner/share/robot_planner/hook/pythonpath_develop.sh'
[4.625s] Level 1:colcon.colcon_core.environment:checking '/home/kaisar/warehouse_robot/robot/install/robot_planner' for CMake module files
[4.625s] Level 1:colcon.colcon_core.environment:checking '/home/kaisar/warehouse_robot/robot/install/robot_planner' for CMake config files
[4.626s] Level 1:colcon.colcon_core.environment:checking '/home/kaisar/warehouse_robot/robot/install/robot_planner/lib'
[4.626s] Level 1:colcon.colcon_core.environment:checking '/home/kaisar/warehouse_robot/robot/install/robot_planner/bin'
[4.626s] Level 1:colcon.colcon_core.environment:checking '/home/kaisar/warehouse_robot/robot/install/robot_planner/lib/pkgconfig/robot_planner.pc'
[4.626s] Level 1:colcon.colcon_core.environment:checking '/home/kaisar/warehouse_robot/robot/install/robot_planner/lib/python3.12/site-packages'
[4.626s] Level 1:colcon.colcon_core.shell:create_environment_hook('robot_planner', 'pythonpath')
[4.626s] INFO:colcon.colcon_core.shell:Creating environment hook '/home/kaisar/warehouse_robot/robot/install/robot_planner/share/robot_planner/hook/pythonpath.ps1'
[4.627s] INFO:colcon.colcon_core.shell:Creating environment descriptor '/home/kaisar/warehouse_robot/robot/install/robot_planner/share/robot_planner/hook/pythonpath.dsv'
[4.627s] INFO:colcon.colcon_core.shell:Creating environment hook '/home/kaisar/warehouse_robot/robot/install/robot_planner/share/robot_planner/hook/pythonpath.sh'
[4.628s] Level 1:colcon.colcon_core.environment:checking '/home/kaisar/warehouse_robot/robot/install/robot_planner/bin'
[4.628s] Level 1:colcon.colcon_core.environment:create_environment_scripts_only(robot_planner)
[4.628s] INFO:colcon.colcon_core.shell:Creating package script '/home/kaisar/warehouse_robot/robot/install/robot_planner/share/robot_planner/package.ps1'
[4.629s] INFO:colcon.colcon_core.shell:Creating package descriptor '/home/kaisar/warehouse_robot/robot/install/robot_planner/share/robot_planner/package.dsv'
[4.629s] INFO:colcon.colcon_core.shell:Creating package script '/home/kaisar/warehouse_robot/robot/install/robot_planner/share/robot_planner/package.sh'
[4.629s] INFO:colcon.colcon_core.shell:Creating package script '/home/kaisar/warehouse_robot/robot/install/robot_planner/share/robot_planner/package.bash'
[4.630s] INFO:colcon.colcon_core.shell:Creating package script '/home/kaisar/warehouse_robot/robot/install/robot_planner/share/robot_planner/package.zsh'
[4.630s] Level 1:colcon.colcon_core.environment:create_file_with_runtime_dependencies(/home/kaisar/warehouse_robot/robot/install/robot_planner/share/colcon-core/packages/robot_planner)
[4.630s] INFO:colcon.colcon_ros.task.ament_python.build:Building ROS package in '/home/kaisar/warehouse_robot/robot/ws/src/robot_control' with build type 'ament_python'
[4.630s] Level 1:colcon.colcon_core.shell:create_environment_hook('robot_control', 'ament_prefix_path')
[4.631s] INFO:colcon.colcon_core.shell:Creating environment hook '/home/kaisar/warehouse_robot/robot/install/robot_control/share/robot_control/hook/ament_prefix_path.ps1'
[4.631s] INFO:colcon.colcon_core.shell:Creating environment descriptor '/home/kaisar/warehouse_robot/robot/install/robot_control/share/robot_control/hook/ament_prefix_path.dsv'
[4.632s] INFO:colcon.colcon_core.shell:Creating environment hook '/home/kaisar/warehouse_robot/robot/install/robot_control/share/robot_control/hook/ament_prefix_path.sh'
[4.632s] INFO:colcon.colcon_core.shell:Skip shell extension 'powershell' for command environment: Not usable outside of PowerShell
[4.632s] DEBUG:colcon.colcon_core.shell:Skip shell extension 'dsv' for command environment
[4.638s] INFO:colcon.colcon_ros.task.ament_python.build:Building ROS package in '/home/kaisar/warehouse_robot/robot/ws/src/robot_gateway' with build type 'ament_python'
[4.638s] Level 1:colcon.colcon_core.shell:create_environment_hook('robot_gateway', 'ament_prefix_path')
[4.638s] INFO:colcon.colcon_core.shell:Creating environment hook '/home/kaisar/warehouse_robot/robot/install/robot_gateway/share/robot_gateway/hook/ament_prefix_path.ps1'
[4.639s] INFO:colcon.colcon_core.shell:Creating environment descriptor '/home/kaisar/warehouse_robot/robot/install/robot_gateway/share/robot_gateway/hook/ament_prefix_path.dsv'
[4.639s] INFO:colcon.colcon_core.shell:Creating environment hook '/home/kaisar/warehouse_robot/robot/install/robot_gateway/share/robot_gateway/hook/ament_prefix_path.sh'
[4.640s] INFO:colcon.colcon_core.shell:Skip shell extension 'powershell' for command environment: Not usable outside of PowerShell
[4.640s] DEBUG:colcon.colcon_core.shell:Skip shell extension 'dsv' for command environment
[4.645s] INFO:colcon.colcon_ros.task.ament_python.build:Building ROS package in '/home/kaisar/warehouse_robot/robot/ws/src/robot_status' with build type 'ament_python'
[4.645s] Level 1:colcon.colcon_core.shell:create_environment_hook('robot_status', 'ament_prefix_path')
[4.645s] INFO:colcon.colcon_core.shell:Creating environment hook '/home/kaisar/warehouse_robot/robot/install/robot_status/share/robot_status/hook/ament_prefix_path.ps1'
[4.646s] INFO:colcon.colcon_core.shell:Creating environment descriptor '/home/kaisar/warehouse_robot/robot/install/robot_status/share/robot_status/hook/ament_prefix_path.dsv'
[4.646s] INFO:colcon.colcon_core.shell:Creating environment hook '/home/kaisar/warehouse_robot/robot/install/robot_status/share/robot_status/hook/ament_prefix_path.sh'
[4.647s] INFO:colcon.colcon_core.shell:Skip shell extension 'powershell' for command environment: Not usable outside of PowerShell
[4.647s] DEBUG:colcon.colcon_core.shell:Skip shell extension 'dsv' for command environment
[4.912s] INFO:colcon.colcon_core.task.python.build:Building Python package in '/home/kaisar/warehouse_robot/robot/ws/src/robot_control'
[4.912s] INFO:colcon.colcon_core.shell:Skip shell extension 'powershell' for command environment: Not usable outside of PowerShell
[4.912s] DEBUG:colcon.colcon_core.shell:Skip shell extension 'dsv' for command environment
[5.184s] INFO:colcon.colcon_core.task.python.build:Building Python package in '/home/kaisar/warehouse_robot/robot/ws/src/robot_gateway'
[5.184s] INFO:colcon.colcon_core.shell:Skip shell extension 'powershell' for command environment: Not usable outside of PowerShell
[5.184s] DEBUG:colcon.colcon_core.shell:Skip shell extension 'dsv' for command environment
[5.452s] INFO:colcon.colcon_core.task.python.build:Building Python package in '/home/kaisar/warehouse_robot/robot/ws/src/robot_status'
[5.452s] INFO:colcon.colcon_core.shell:Skip shell extension 'powershell' for command environment: Not usable outside of PowerShell
[5.452s] DEBUG:colcon.colcon_core.shell:Skip shell extension 'dsv' for command environment
[6.259s] DEBUG:colcon.colcon_core.task.python.build:While undoing a previous installation files outside the Python library path are being ignored: /home/kaisar/warehouse_robot/robot/install/robot_status/share/ament_index/resource_index/packages/robot_status
[6.259s] DEBUG:colcon.colcon_core.task.python.build:While undoing a previous installation files outside the Python library path are being ignored: /home/kaisar/warehouse_robot/robot/install/robot_status/share/robot_status/package.xml
[6.261s] DEBUG:colcon.colcon_core.event_handler.log_command:Invoking command in '/home/kaisar/warehouse_robot/robot/build/robot_status': AMENT_PREFIX_PATH=/home/kaisar/warehouse_robot/robot/install/robot_planner:/home/kaisar/warehouse_robot/robot/install/robot_http_api:/home/kaisar/warehouse_robot/install/trp1_description:/home/kaisar/warehouse_robot/install/stage_ros2:/home/kaisar/warehouse_robot/install/robot_msgs:/home/kaisar/warehouse_robot/install/nav2:/home/kaisar/warehouse_robot/robot/install/trp1_description:/home/kaisar/warehouse_robot/robot/install/stage_ros2:/home/kaisar/warehouse_robot/robot/install/robot_msgs:/home/kaisar/warehouse_robot/robot/install/nav2:/opt/ros/jazzy CMAKE_PREFIX_PATH=/home/kaisar/warehouse_robot/robot/install/robot_msgs:/home/kaisar/warehouse_robot/install/trp1_description:/home/kaisar/warehouse_robot/install/stage_ros2:/home/kaisar/warehouse_robot/install/stage:/home/kaisar/warehouse_robot/install/robot_msgs:/home/kaisar/warehouse_robot/install/nav2:/home/kaisar/warehouse_robot/robot/install/trp1_description:/home/kaisar/warehouse_robot/robot/install/stage_ros2:/home/kaisar/warehouse_robot/robot/install/stage:/home/kaisar/warehouse_robot/robot/install/nav2:/opt/ros/jazzy/opt/gz_sim_vendor:/opt/ros/jazzy/opt/gz_sensors_vendor:/opt/ros/jazzy/opt/gz_physics_vendor:/opt/ros/jazzy/opt/sdformat_vendor:/opt/ros/jazzy/opt/gz_gui_vendor:/opt/ros/jazzy/opt/gz_transport_vendor:/opt/ros/jazzy/opt/gz_rendering_vendor:/opt/ros/jazzy/opt/gz_plugin_vendor:/opt/ros/jazzy/opt/gz_fuel_tools_vendor:/opt/ros/jazzy/opt/gz_msgs_vendor:/opt/ros/jazzy/opt/gz_common_vendor:/opt/ros/jazzy/opt/gz_math_vendor:/opt/ros/jazzy/opt/gz_utils_vendor:/opt/ros/jazzy/opt/gz_tools_vendor:/opt/ros/jazzy/opt/gz_ogre_next_vendor:/opt/ros/jazzy/opt/gz_dartsim_vendor:/opt/ros/jazzy/opt/gz_cmake_vendor DEBUGINFOD_URLS=https://debuginfod.ubuntu.com LD_LIBRARY_PATH=/home/kaisar/warehouse_robot/robot/install/robot_msgs/lib:/home/kaisar/warehouse_robot/install/stage_ros2/lib:/home/kaisar/warehouse_robot/install/stage/lib:/home/kaisar/warehouse_robot/install/robot_msgs/lib:/home/kaisar/warehouse_robot/robot/install/stage_ros2/lib:/home/kaisar/warehouse_robot/robot/install/stage/lib:/opt/ros/jazzy/opt/gz_sim_vendor/lib:/opt/ros/jazzy/opt/gz_sensors_vendor/lib:/opt/ros/jazzy/opt/gz_physics_vendor/lib:/opt/ros/jazzy/opt/sdformat_vendor/lib:/opt/ros/jazzy/opt/rviz_ogre_vendor/lib:/opt/ros/jazzy/lib/x86_64-linux-gnu:/opt/ros/jazzy/opt/gz_gui_vendor/lib:/opt/ros/jazzy/opt/gz_transport_vendor/lib:/opt/ros/jazzy/opt/gz_rendering_vendor/lib:/opt/ros/jazzy/opt/gz_plugin_vendor/lib:/opt/ros/jazzy/opt/gz_fuel_tools_vendor/lib:/opt/ros/jazzy/opt/gz_msgs_vendor/lib:/opt/ros/jazzy/opt/gz_common_vendor/lib:/opt/ros/jazzy/opt/gz_math_vendor/lib:/opt/ros/jazzy/opt/gz_utils_vendor/lib:/opt/ros/jazzy/opt/gz_tools_vendor/lib:/opt/ros/jazzy/opt/gz_ogre_next_vendor/lib:/opt/ros/jazzy/opt/gz_dartsim_vendor/lib:/opt/ros/jazzy/opt/gz_cmake_vendor/lib:/opt/ros/jazzy/lib PYTHONPATH=/home/kaisar/warehouse_robot/robot/build/robot_status/prefix_override:/usr/lib/python3/dist-packages/colcon_core/task/python/colcon_distutils_commands:/home/kaisar/warehouse_robot/robot/install/robot_status/lib/python3.12/site-packages:/home/kaisar/warehouse_robot/robot/build/robot_planner:/home/kaisar/warehouse_robot/robot/install/robot_planner/lib/python3.12/site-packages:/home/kaisar/warehouse_robot/robot/install/robot_msgs/lib/python3.12/site-packages:/home/kaisar/warehouse_robot/robot/build/robot_http_api:/home/kaisar/warehouse_robot/robot/install/robot_http_api/lib/python3.12/site-packages:/home/kaisar/warehouse_robot/install/robot_msgs/lib/python3.12/site-packages:/opt/ros/jazzy/lib/python/site-packages:/opt/ros/jazzy/lib/python3.12/site-packages /usr/bin/python3 -W ignore:setup.py install is deprecated -W ignore:easy_install command is deprecated setup.py develop --editable --build-directory /home/kaisar/warehouse_robot/robot/build/robot_status/build --no-deps symlink_data --force
[6.268s] DEBUG:colcon.colcon_core.task.python.build:While undoing a previous installation files outside the Python library path are being ignored: /home/kaisar/warehouse_robot/robot/install/robot_gateway/share/ament_index/resource_index/packages/robot_gateway
[6.268s] DEBUG:colcon.colcon_core.task.python.build:While undoing a previous installation files outside the Python library path are being ignored: /home/kaisar/warehouse_robot/robot/install/robot_gateway/share/robot_gateway/package.xml
[6.268s] DEBUG:colcon.colcon_core.task.python.build:While undoing a previous installation files outside the Python library path are being ignored: /home/kaisar/warehouse_robot/robot/install/robot_gateway/lib/robot_gateway/robot_gateway_node
[6.270s] DEBUG:colcon.colcon_core.event_handler.log_command:Invoking command in '/home/kaisar/warehouse_robot/robot/build/robot_gateway': AMENT_PREFIX_PATH=/home/kaisar/warehouse_robot/robot/install/robot_planner:/home/kaisar/warehouse_robot/robot/install/robot_http_api:/home/kaisar/warehouse_robot/install/trp1_description:/home/kaisar/warehouse_robot/install/stage_ros2:/home/kaisar/warehouse_robot/install/robot_msgs:/home/kaisar/warehouse_robot/install/nav2:/home/kaisar/warehouse_robot/robot/install/trp1_description:/home/kaisar/warehouse_robot/robot/install/stage_ros2:/home/kaisar/warehouse_robot/robot/install/robot_msgs:/home/kaisar/warehouse_robot/robot/install/nav2:/opt/ros/jazzy CMAKE_PREFIX_PATH=/home/kaisar/warehouse_robot/robot/install/robot_msgs:/home/kaisar/warehouse_robot/install/trp1_description:/home/kaisar/warehouse_robot/install/stage_ros2:/home/kaisar/warehouse_robot/install/stage:/home/kaisar/warehouse_robot/install/robot_msgs:/home/kaisar/warehouse_robot/install/nav2:/home/kaisar/warehouse_robot/robot/install/trp1_description:/home/kaisar/warehouse_robot/robot/install/stage_ros2:/home/kaisar/warehouse_robot/robot/install/stage:/home/kaisar/warehouse_robot/robot/install/nav2:/opt/ros/jazzy/opt/gz_sim_vendor:/opt/ros/jazzy/opt/gz_sensors_vendor:/opt/ros/jazzy/opt/gz_physics_vendor:/opt/ros/jazzy/opt/sdformat_vendor:/opt/ros/jazzy/opt/gz_gui_vendor:/opt/ros/jazzy/opt/gz_transport_vendor:/opt/ros/jazzy/opt/gz_rendering_vendor:/opt/ros/jazzy/opt/gz_plugin_vendor:/opt/ros/jazzy/opt/gz_fuel_tools_vendor:/opt/ros/jazzy/opt/gz_msgs_vendor:/opt/ros/jazzy/opt/gz_common_vendor:/opt/ros/jazzy/opt/gz_math_vendor:/opt/ros/jazzy/opt/gz_utils_vendor:/opt/ros/jazzy/opt/gz_tools_vendor:/opt/ros/jazzy/opt/gz_ogre_next_vendor:/opt/ros/jazzy/opt/gz_dartsim_vendor:/opt/ros/jazzy/opt/gz_cmake_vendor DEBUGINFOD_URLS=https://debuginfod.ubuntu.com LD_LIBRARY_PATH=/home/kaisar/warehouse_robot/robot/install/robot_msgs/lib:/home/kaisar/warehouse_robot/install/stage_ros2/lib:/home/kaisar/warehouse_robot/install/stage/lib:/home/kaisar/warehouse_robot/install/robot_msgs/lib:/home/kaisar/warehouse_robot/robot/install/stage_ros2/lib:/home/kaisar/warehouse_robot/robot/install/stage/lib:/opt/ros/jazzy/opt/gz_sim_vendor/lib:/opt/ros/jazzy/opt/gz_sensors_vendor/lib:/opt/ros/jazzy/opt/gz_physics_vendor/lib:/opt/ros/jazzy/opt/sdformat_vendor/lib:/opt/ros/jazzy/opt/rviz_ogre_vendor/lib:/opt/ros/jazzy/lib/x86_64-linux-gnu:/opt/ros/jazzy/opt/gz_gui_vendor/lib:/opt/ros/jazzy/opt/gz_transport_vendor/lib:/opt/ros/jazzy/opt/gz_rendering_vendor/lib:/opt/ros/jazzy/opt/gz_plugin_vendor/lib:/opt/ros/jazzy/opt/gz_fuel_tools_vendor/lib:/opt/ros/jazzy/opt/gz_msgs_vendor/lib:/opt/ros/jazzy/opt/gz_common_vendor/lib:/opt/ros/jazzy/opt/gz_math_vendor/lib:/opt/ros/jazzy/opt/gz_utils_vendor/lib:/opt/ros/jazzy/opt/gz_tools_vendor/lib:/opt/ros/jazzy/opt/gz_ogre_next_vendor/lib:/opt/ros/jazzy/opt/gz_dartsim_vendor/lib:/opt/ros/jazzy/opt/gz_cmake_vendor/lib:/opt/ros/jazzy/lib PYTHONPATH=/home/kaisar/warehouse_robot/robot/build/robot_gateway/prefix_override:/usr/lib/python3/dist-packages/colcon_core/task/python/colcon_distutils_commands:/home/kaisar/warehouse_robot/robot/install/robot_gateway/lib/python3.12/site-packages:/home/kaisar/warehouse_robot/robot/build/robot_planner:/home/kaisar/warehouse_robot/robot/install/robot_planner/lib/python3.12/site-packages:/home/kaisar/warehouse_robot/robot/install/robot_msgs/lib/python3.12/site-packages:/home/kaisar/warehouse_robot/robot/build/robot_http_api:/home/kaisar/warehouse_robot/robot/install/robot_http_api/lib/python3.12/site-packages:/home/kaisar/warehouse_robot/install/robot_msgs/lib/python3.12/site-packages:/opt/ros/jazzy/lib/python/site-packages:/opt/ros/jazzy/lib/python3.12/site-packages /usr/bin/python3 -W ignore:setup.py install is deprecated -W ignore:easy_install command is deprecated setup.py develop --editable --build-directory /home/kaisar/warehouse_robot/robot/build/robot_gateway/build --no-deps symlink_data --force
[6.277s] DEBUG:colcon.colcon_core.task.python.build:While undoing a previous installation files outside the Python library path are being ignored: /home/kaisar/warehouse_robot/robot/install/robot_control/share/ament_index/resource_index/packages/robot_control
[6.277s] DEBUG:colcon.colcon_core.task.python.build:While undoing a previous installation files outside the Python library path are being ignored: /home/kaisar/warehouse_robot/robot/install/robot_control/share/robot_control/package.xml
[6.278s] DEBUG:colcon.colcon_core.task.python.build:While undoing a previous installation files outside the Python library path are being ignored: /home/kaisar/warehouse_robot/robot/install/robot_control/lib/robot_control/robot_control_node
[6.279s] DEBUG:colcon.colcon_core.event_handler.log_command:Invoking command in '/home/kaisar/warehouse_robot/robot/build/robot_control': AMENT_PREFIX_PATH=/home/kaisar/warehouse_robot/robot/install/robot_planner:/home/kaisar/warehouse_robot/robot/install/robot_http_api:/home/kaisar/warehouse_robot/install/trp1_description:/home/kaisar/warehouse_robot/install/stage_ros2:/home/kaisar/warehouse_robot/install/robot_msgs:/home/kaisar/warehouse_robot/install/nav2:/home/kaisar/warehouse_robot/robot/install/trp1_description:/home/kaisar/warehouse_robot/robot/install/stage_ros2:/home/kaisar/warehouse_robot/robot/install/robot_msgs:/home/kaisar/warehouse_robot/robot/install/nav2:/opt/ros/jazzy CMAKE_PREFIX_PATH=/home/kaisar/warehouse_robot/robot/install/robot_msgs:/home/kaisar/warehouse_robot/install/trp1_description:/home/kaisar/warehouse_robot/install/stage_ros2:/home/kaisar/warehouse_robot/install/stage:/home/kaisar/warehouse_robot/install/robot_msgs:/home/kaisar/warehouse_robot/install/nav2:/home/kaisar/warehouse_robot/robot/install/trp1_description:/home/kaisar/warehouse_robot/robot/install/stage_ros2:/home/kaisar/warehouse_robot/robot/install/stage:/home/kaisar/warehouse_robot/robot/install/nav2:/opt/ros/jazzy/opt/gz_sim_vendor:/opt/ros/jazzy/opt/gz_sensors_vendor:/opt/ros/jazzy/opt/gz_physics_vendor:/opt/ros/jazzy/opt/sdformat_vendor:/opt/ros/jazzy/opt/gz_gui_vendor:/opt/ros/jazzy/opt/gz_transport_vendor:/opt/ros/jazzy/opt/gz_rendering_vendor:/opt/ros/jazzy/opt/gz_plugin_vendor:/opt/ros/jazzy/opt/gz_fuel_tools_vendor:/opt/ros/jazzy/opt/gz_msgs_vendor:/opt/ros/jazzy/opt/gz_common_vendor:/opt/ros/jazzy/opt/gz_math_vendor:/opt/ros/jazzy/opt/gz_utils_vendor:/opt/ros/jazzy/opt/gz_tools_vendor:/opt/ros/jazzy/opt/gz_ogre_next_vendor:/opt/ros/jazzy/opt/gz_dartsim_vendor:/opt/ros/jazzy/opt/gz_cmake_vendor DEBUGINFOD_URLS=https://debuginfod.ubuntu.com LD_LIBRARY_PATH=/home/kaisar/warehouse_robot/robot/install/robot_msgs/lib:/home/kaisar/warehouse_robot/install/stage_ros2/lib:/home/kaisar/warehouse_robot/install/stage/lib:/home/kaisar/warehouse_robot/install/robot_msgs/lib:/home/kaisar/warehouse_robot/robot/install/stage_ros2/lib:/home/kaisar/warehouse_robot/robot/install/stage/lib:/opt/ros/jazzy/opt/gz_sim_vendor/lib:/opt/ros/jazzy/opt/gz_sensors_vendor/lib:/opt/ros/jazzy/opt/gz_physics_vendor/lib:/opt/ros/jazzy/opt/sdformat_vendor/lib:/opt/ros/jazzy/opt/rviz_ogre_vendor/lib:/opt/ros/jazzy/lib/x86_64-linux-gnu:/opt/ros/jazzy/opt/gz_gui_vendor/lib:/opt/ros/jazzy/opt/gz_transport_vendor/lib:/opt/ros/jazzy/opt/gz_rendering_vendor/lib:/opt/ros/jazzy/opt/gz_plugin_vendor/lib:/opt/ros/jazzy/opt/gz_fuel_tools_vendor/lib:/opt/ros/jazzy/opt/gz_msgs_vendor/lib:/opt/ros/jazzy/opt/gz_common_vendor/lib:/opt/ros/jazzy/opt/gz_math_vendor/lib:/opt/ros/jazzy/opt/gz_utils_vendor/lib:/opt/ros/jazzy/opt/gz_tools_vendor/lib:/opt/ros/jazzy/opt/gz_ogre_next_vendor/lib:/opt/ros/jazzy/opt/gz_dartsim_vendor/lib:/opt/ros/jazzy/opt/gz_cmake_vendor/lib:/opt/ros/jazzy/lib PYTHONPATH=/home/kaisar/warehouse_robot/robot/build/robot_control/prefix_override:/usr/lib/python3/dist-packages/colcon_core/task/python/colcon_distutils_commands:/home/kaisar/warehouse_robot/robot/install/robot_control/lib/python3.12/site-packages:/home/kaisar/warehouse_robot/robot/build/robot_planner:/home/kaisar/warehouse_robot/robot/install/robot_planner/lib/python3.12/site-packages:/home/kaisar/warehouse_robot/robot/install/robot_msgs/lib/python3.12/site-packages:/home/kaisar/warehouse_robot/robot/build/robot_http_api:/home/kaisar/warehouse_robot/robot/install/robot_http_api/lib/python3.12/site-packages:/home/kaisar/warehouse_robot/install/robot_msgs/lib/python3.12/site-packages:/opt/ros/jazzy/lib/python/site-packages:/opt/ros/jazzy/lib/python3.12/site-packages /usr/bin/python3 -W ignore:setup.py install is deprecated -W ignore:easy_install command is deprecated setup.py develop --editable --build-directory /home/kaisar/warehouse_robot/robot/build/robot_control/build --no-deps symlink_data --force
[7.188s] Level 1:colcon.colcon_core.shell:create_environment_hook('robot_gateway', 'pythonpath_develop')
[7.188s] INFO:colcon.colcon_core.shell:Creating environment hook '/home/kaisar/warehouse_robot/robot/build/robot_gateway/share/robot_gateway/hook/pythonpath_develop.ps1'
[7.189s] DEBUG:colcon.colcon_core.event_handler.log_command:Invoked command in '/home/kaisar/warehouse_robot/robot/build/robot_gateway' returned '0': AMENT_PREFIX_PATH=/home/kaisar/warehouse_robot/robot/install/robot_planner:/home/kaisar/warehouse_robot/robot/install/robot_http_api:/home/kaisar/warehouse_robot/install/trp1_description:/home/kaisar/warehouse_robot/install/stage_ros2:/home/kaisar/warehouse_robot/install/robot_msgs:/home/kaisar/warehouse_robot/install/nav2:/home/kaisar/warehouse_robot/robot/install/trp1_description:/home/kaisar/warehouse_robot/robot/install/stage_ros2:/home/kaisar/warehouse_robot/robot/install/robot_msgs:/home/kaisar/warehouse_robot/robot/install/nav2:/opt/ros/jazzy CMAKE_PREFIX_PATH=/home/kaisar/warehouse_robot/robot/install/robot_msgs:/home/kaisar/warehouse_robot/install/trp1_description:/home/kaisar/warehouse_robot/install/stage_ros2:/home/kaisar/warehouse_robot/install/stage:/home/kaisar/warehouse_robot/install/robot_msgs:/home/kaisar/warehouse_robot/install/nav2:/home/kaisar/warehouse_robot/robot/install/trp1_description:/home/kaisar/warehouse_robot/robot/install/stage_ros2:/home/kaisar/warehouse_robot/robot/install/stage:/home/kaisar/warehouse_robot/robot/install/nav2:/opt/ros/jazzy/opt/gz_sim_vendor:/opt/ros/jazzy/opt/gz_sensors_vendor:/opt/ros/jazzy/opt/gz_physics_vendor:/opt/ros/jazzy/opt/sdformat_vendor:/opt/ros/jazzy/opt/gz_gui_vendor:/opt/ros/jazzy/opt/gz_transport_vendor:/opt/ros/jazzy/opt/gz_rendering_vendor:/opt/ros/jazzy/opt/gz_plugin_vendor:/opt/ros/jazzy/opt/gz_fuel_tools_vendor:/opt/ros/jazzy/opt/gz_msgs_vendor:/opt/ros/jazzy/opt/gz_common_vendor:/opt/ros/jazzy/opt/gz_math_vendor:/opt/ros/jazzy/opt/gz_utils_vendor:/opt/ros/jazzy/opt/gz_tools_vendor:/opt/ros/jazzy/opt/gz_ogre_next_vendor:/opt/ros/jazzy/opt/gz_dartsim_vendor:/opt/ros/jazzy/opt/gz_cmake_vendor DEBUGINFOD_URLS=https://debuginfod.ubuntu.com LD_LIBRARY_PATH=/home/kaisar/warehouse_robot/robot/install/robot_msgs/lib:/home/kaisar/warehouse_robot/install/stage_ros2/lib:/home/kaisar/warehouse_robot/install/stage/lib:/home/kaisar/warehouse_robot/install/robot_msgs/lib:/home/kaisar/warehouse_robot/robot/install/stage_ros2/lib:/home/kaisar/warehouse_robot/robot/install/stage/lib:/opt/ros/jazzy/opt/gz_sim_vendor/lib:/opt/ros/jazzy/opt/gz_sensors_vendor/lib:/opt/ros/jazzy/opt/gz_physics_vendor/lib:/opt/ros/jazzy/opt/sdformat_vendor/lib:/opt/ros/jazzy/opt/rviz_ogre_vendor/lib:/opt/ros/jazzy/lib/x86_64-linux-gnu:/opt/ros/jazzy/opt/gz_gui_vendor/lib:/opt/ros/jazzy/opt/gz_transport_vendor/lib:/opt/ros/jazzy/opt/gz_rendering_vendor/lib:/opt/ros/jazzy/opt/gz_plugin_vendor/lib:/opt/ros/jazzy/opt/gz_fuel_tools_vendor/lib:/opt/ros/jazzy/opt/gz_msgs_vendor/lib:/opt/ros/jazzy/opt/gz_common_vendor/lib:/opt/ros/jazzy/opt/gz_math_vendor/lib:/opt/ros/jazzy/opt/gz_utils_vendor/lib:/opt/ros/jazzy/opt/gz_tools_vendor/lib:/opt/ros/jazzy/opt/gz_ogre_next_vendor/lib:/opt/ros/jazzy/opt/gz_dartsim_vendor/lib:/opt/ros/jazzy/opt/gz_cmake_vendor/lib:/opt/ros/jazzy/lib PYTHONPATH=/home/kaisar/warehouse_robot/robot/build/robot_gateway/prefix_override:/usr/lib/python3/dist-packages/colcon_core/task/python/colcon_distutils_commands:/home/kaisar/warehouse_robot/robot/install/robot_gateway/lib/python3.12/site-packages:/home/kaisar/warehouse_robot/robot/build/robot_planner:/home/kaisar/warehouse_robot/robot/install/robot_planner/lib/python3.12/site-packages:/home/kaisar/warehouse_robot/robot/install/robot_msgs/lib/python3.12/site-packages:/home/kaisar/warehouse_robot/robot/build/robot_http_api:/home/kaisar/warehouse_robot/robot/install/robot_http_api/lib/python3.12/site-packages:/home/kaisar/warehouse_robot/install/robot_msgs/lib/python3.12/site-packages:/opt/ros/jazzy/lib/python/site-packages:/opt/ros/jazzy/lib/python3.12/site-packages /usr/bin/python3 -W ignore:setup.py install is deprecated -W ignore:easy_install command is deprecated setup.py develop --editable --build-directory /home/kaisar/warehouse_robot/robot/build/robot_gateway/build --no-deps symlink_data --force
[7.189s] INFO:colcon.colcon_core.shell:Creating environment descriptor '/home/kaisar/warehouse_robot/robot/build/robot_gateway/share/robot_gateway/hook/pythonpath_develop.dsv'
[7.190s] INFO:colcon.colcon_core.shell:Creating environment hook '/home/kaisar/warehouse_robot/robot/build/robot_gateway/share/robot_gateway/hook/pythonpath_develop.sh'
[7.190s] Level 1:colcon.colcon_core.environment:checking '/home/kaisar/warehouse_robot/robot/install/robot_gateway' for CMake module files
[7.191s] Level 1:colcon.colcon_core.environment:checking '/home/kaisar/warehouse_robot/robot/install/robot_gateway' for CMake config files
[7.191s] Level 1:colcon.colcon_core.environment:checking '/home/kaisar/warehouse_robot/robot/install/robot_gateway/lib'
[7.191s] Level 1:colcon.colcon_core.environment:checking '/home/kaisar/warehouse_robot/robot/install/robot_gateway/bin'
[7.191s] Level 1:colcon.colcon_core.environment:checking '/home/kaisar/warehouse_robot/robot/install/robot_gateway/lib/pkgconfig/robot_gateway.pc'
[7.191s] Level 1:colcon.colcon_core.environment:checking '/home/kaisar/warehouse_robot/robot/install/robot_gateway/lib/python3.12/site-packages'
[7.191s] Level 1:colcon.colcon_core.shell:create_environment_hook('robot_gateway', 'pythonpath')
[7.192s] INFO:colcon.colcon_core.shell:Creating environment hook '/home/kaisar/warehouse_robot/robot/install/robot_gateway/share/robot_gateway/hook/pythonpath.ps1'
[7.192s] INFO:colcon.colcon_core.shell:Creating environment descriptor '/home/kaisar/warehouse_robot/robot/install/robot_gateway/share/robot_gateway/hook/pythonpath.dsv'
[7.192s] INFO:colcon.colcon_core.shell:Creating environment hook '/home/kaisar/warehouse_robot/robot/install/robot_gateway/share/robot_gateway/hook/pythonpath.sh'
[7.193s] Level 1:colcon.colcon_core.environment:checking '/home/kaisar/warehouse_robot/robot/install/robot_gateway/bin'
[7.193s] Level 1:colcon.colcon_core.environment:create_environment_scripts_only(robot_gateway)
[7.194s] INFO:colcon.colcon_core.shell:Creating package script '/home/kaisar/warehouse_robot/robot/install/robot_gateway/share/robot_gateway/package.ps1'
[7.194s] INFO:colcon.colcon_core.shell:Creating package descriptor '/home/kaisar/warehouse_robot/robot/install/robot_gateway/share/robot_gateway/package.dsv'
[7.195s] INFO:colcon.colcon_core.shell:Creating package script '/home/kaisar/warehouse_robot/robot/install/robot_gateway/share/robot_gateway/package.sh'
[7.196s] INFO:colcon.colcon_core.shell:Creating package script '/home/kaisar/warehouse_robot/robot/install/robot_gateway/share/robot_gateway/package.bash'
[7.196s] INFO:colcon.colcon_core.shell:Creating package script '/home/kaisar/warehouse_robot/robot/install/robot_gateway/share/robot_gateway/package.zsh'
[7.196s] Level 1:colcon.colcon_core.environment:create_file_with_runtime_dependencies(/home/kaisar/warehouse_robot/robot/install/robot_gateway/share/colcon-core/packages/robot_gateway)
[7.236s] Level 1:colcon.colcon_core.shell:create_environment_hook('robot_control', 'pythonpath_develop')
[7.236s] INFO:colcon.colcon_core.shell:Creating environment hook '/home/kaisar/warehouse_robot/robot/build/robot_control/share/robot_control/hook/pythonpath_develop.ps1'
[7.236s] DEBUG:colcon.colcon_core.event_handler.log_command:Invoked command in '/home/kaisar/warehouse_robot/robot/build/robot_control' returned '0': AMENT_PREFIX_PATH=/home/kaisar/warehouse_robot/robot/install/robot_planner:/home/kaisar/warehouse_robot/robot/install/robot_http_api:/home/kaisar/warehouse_robot/install/trp1_description:/home/kaisar/warehouse_robot/install/stage_ros2:/home/kaisar/warehouse_robot/install/robot_msgs:/home/kaisar/warehouse_robot/install/nav2:/home/kaisar/warehouse_robot/robot/install/trp1_description:/home/kaisar/warehouse_robot/robot/install/stage_ros2:/home/kaisar/warehouse_robot/robot/install/robot_msgs:/home/kaisar/warehouse_robot/robot/install/nav2:/opt/ros/jazzy CMAKE_PREFIX_PATH=/home/kaisar/warehouse_robot/robot/install/robot_msgs:/home/kaisar/warehouse_robot/install/trp1_description:/home/kaisar/warehouse_robot/install/stage_ros2:/home/kaisar/warehouse_robot/install/stage:/home/kaisar/warehouse_robot/install/robot_msgs:/home/kaisar/warehouse_robot/install/nav2:/home/kaisar/warehouse_robot/robot/install/trp1_description:/home/kaisar/warehouse_robot/robot/install/stage_ros2:/home/kaisar/warehouse_robot/robot/install/stage:/home/kaisar/warehouse_robot/robot/install/nav2:/opt/ros/jazzy/opt/gz_sim_vendor:/opt/ros/jazzy/opt/gz_sensors_vendor:/opt/ros/jazzy/opt/gz_physics_vendor:/opt/ros/jazzy/opt/sdformat_vendor:/opt/ros/jazzy/opt/gz_gui_vendor:/opt/ros/jazzy/opt/gz_transport_vendor:/opt/ros/jazzy/opt/gz_rendering_vendor:/opt/ros/jazzy/opt/gz_plugin_vendor:/opt/ros/jazzy/opt/gz_fuel_tools_vendor:/opt/ros/jazzy/opt/gz_msgs_vendor:/opt/ros/jazzy/opt/gz_common_vendor:/opt/ros/jazzy/opt/gz_math_vendor:/opt/ros/jazzy/opt/gz_utils_vendor:/opt/ros/jazzy/opt/gz_tools_vendor:/opt/ros/jazzy/opt/gz_ogre_next_vendor:/opt/ros/jazzy/opt/gz_dartsim_vendor:/opt/ros/jazzy/opt/gz_cmake_vendor DEBUGINFOD_URLS=https://debuginfod.ubuntu.com LD_LIBRARY_PATH=/home/kaisar/warehouse_robot/robot/install/robot_msgs/lib:/home/kaisar/warehouse_robot/install/stage_ros2/lib:/home/kaisar/warehouse_robot/install/stage/lib:/home/kaisar/warehouse_robot/install/robot_msgs/lib:/home/kaisar/warehouse_robot/robot/install/stage_ros2/lib:/home/kaisar/warehouse_robot/robot/install/stage/lib:/opt/ros/jazzy/opt/gz_sim_vendor/lib:/opt/ros/jazzy/opt/gz_sensors_vendor/lib:/opt/ros/jazzy/opt/gz_physics_vendor/lib:/opt/ros/jazzy/opt/sdformat_vendor/lib:/opt/ros/jazzy/opt/rviz_ogre_vendor/lib:/opt/ros/jazzy/lib/x86_64-linux-gnu:/opt/ros/jazzy/opt/gz_gui_vendor/lib:/opt/ros/jazzy/opt/gz_transport_vendor/lib:/opt/ros/jazzy/opt/gz_rendering_vendor/lib:/opt/ros/jazzy/opt/gz_plugin_vendor/lib:/opt/ros/jazzy/opt/gz_fuel_tools_vendor/lib:/opt/ros/jazzy/opt/gz_msgs_vendor/lib:/opt/ros/jazzy/opt/gz_common_vendor/lib:/opt/ros/jazzy/opt/gz_math_vendor/lib:/opt/ros/jazzy/opt/gz_utils_vendor/lib:/opt/ros/jazzy/opt/gz_tools_vendor/lib:/opt/ros/jazzy/opt/gz_ogre_next_vendor/lib:/opt/ros/jazzy/opt/gz_dartsim_vendor/lib:/opt/ros/jazzy/opt/gz_cmake_vendor/lib:/opt/ros/jazzy/lib PYTHONPATH=/home/kaisar/warehouse_robot/robot/build/robot_control/prefix_override:/usr/lib/python3/dist-packages/colcon_core/task/python/colcon_distutils_commands:/home/kaisar/warehouse_robot/robot/install/robot_control/lib/python3.12/site-packages:/home/kaisar/warehouse_robot/robot/build/robot_planner:/home/kaisar/warehouse_robot/robot/install/robot_planner/lib/python3.12/site-packages:/home/kaisar/warehouse_robot/robot/install/robot_msgs/lib/python3.12/site-packages:/home/kaisar/warehouse_robot/robot/build/robot_http_api:/home/kaisar/warehouse_robot/robot/install/robot_http_api/lib/python3.12/site-packages:/home/kaisar/warehouse_robot/install/robot_msgs/lib/python3.12/site-packages:/opt/ros/jazzy/lib/python/site-packages:/opt/ros/jazzy/lib/python3.12/site-packages /usr/bin/python3 -W ignore:setup.py install is deprecated -W ignore:easy_install command is deprecated setup.py develop --editable --build-directory /home/kaisar/warehouse_robot/robot/build/robot_control/build --no-deps symlink_data --force
[7.237s] INFO:colcon.colcon_core.shell:Creating environment descriptor '/home/kaisar/warehouse_robot/robot/build/robot_control/share/robot_control/hook/pythonpath_develop.dsv'
[7.237s] INFO:colcon.colcon_core.shell:Creating environment hook '/home/kaisar/warehouse_robot/robot/build/robot_control/share/robot_control/hook/pythonpath_develop.sh'
[7.238s] Level 1:colcon.colcon_core.environment:checking '/home/kaisar/warehouse_robot/robot/install/robot_control' for CMake module files
[7.238s] Level 1:colcon.colcon_core.environment:checking '/home/kaisar/warehouse_robot/robot/install/robot_control' for CMake config files
[7.238s] Level 1:colcon.colcon_core.environment:checking '/home/kaisar/warehouse_robot/robot/install/robot_control/lib'
[7.238s] Level 1:colcon.colcon_core.environment:checking '/home/kaisar/warehouse_robot/robot/install/robot_control/bin'
[7.239s] Level 1:colcon.colcon_core.environment:checking '/home/kaisar/warehouse_robot/robot/install/robot_control/lib/pkgconfig/robot_control.pc'
[7.239s] Level 1:colcon.colcon_core.environment:checking '/home/kaisar/warehouse_robot/robot/install/robot_control/lib/python3.12/site-packages'
[7.239s] Level 1:colcon.colcon_core.shell:create_environment_hook('robot_control', 'pythonpath')
[7.239s] INFO:colcon.colcon_core.shell:Creating environment hook '/home/kaisar/warehouse_robot/robot/install/robot_control/share/robot_control/hook/pythonpath.ps1'
[7.239s] INFO:colcon.colcon_core.shell:Creating environment descriptor '/home/kaisar/warehouse_robot/robot/install/robot_control/share/robot_control/hook/pythonpath.dsv'
[7.240s] INFO:colcon.colcon_core.shell:Creating environment hook '/home/kaisar/warehouse_robot/robot/install/robot_control/share/robot_control/hook/pythonpath.sh'
[7.240s] Level 1:colcon.colcon_core.environment:checking '/home/kaisar/warehouse_robot/robot/install/robot_control/bin'
[7.240s] Level 1:colcon.colcon_core.environment:create_environment_scripts_only(robot_control)
[7.240s] INFO:colcon.colcon_core.shell:Creating package script '/home/kaisar/warehouse_robot/robot/install/robot_control/share/robot_control/package.ps1'
[7.241s] INFO:colcon.colcon_core.shell:Creating package descriptor '/home/kaisar/warehouse_robot/robot/install/robot_control/share/robot_control/package.dsv'
[7.241s] INFO:colcon.colcon_core.shell:Creating package script '/home/kaisar/warehouse_robot/robot/install/robot_control/share/robot_control/package.sh'
[7.242s] INFO:colcon.colcon_core.shell:Creating package script '/home/kaisar/warehouse_robot/robot/install/robot_control/share/robot_control/package.bash'
[7.242s] INFO:colcon.colcon_core.shell:Creating package script '/home/kaisar/warehouse_robot/robot/install/robot_control/share/robot_control/package.zsh'
[7.242s] Level 1:colcon.colcon_core.environment:create_file_with_runtime_dependencies(/home/kaisar/warehouse_robot/robot/install/robot_control/share/colcon-core/packages/robot_control)
[7.245s] Level 1:colcon.colcon_core.shell:create_environment_hook('robot_status', 'pythonpath_develop')
[7.245s] INFO:colcon.colcon_core.shell:Creating environment hook '/home/kaisar/warehouse_robot/robot/build/robot_status/share/robot_status/hook/pythonpath_develop.ps1'
[7.246s] DEBUG:colcon.colcon_core.event_handler.log_command:Invoked command in '/home/kaisar/warehouse_robot/robot/build/robot_status' returned '0': AMENT_PREFIX_PATH=/home/kaisar/warehouse_robot/robot/install/robot_planner:/home/kaisar/warehouse_robot/robot/install/robot_http_api:/home/kaisar/warehouse_robot/install/trp1_description:/home/kaisar/warehouse_robot/install/stage_ros2:/home/kaisar/warehouse_robot/install/robot_msgs:/home/kaisar/warehouse_robot/install/nav2:/home/kaisar/warehouse_robot/robot/install/trp1_description:/home/kaisar/warehouse_robot/robot/install/stage_ros2:/home/kaisar/warehouse_robot/robot/install/robot_msgs:/home/kaisar/warehouse_robot/robot/install/nav2:/opt/ros/jazzy CMAKE_PREFIX_PATH=/home/kaisar/warehouse_robot/robot/install/robot_msgs:/home/kaisar/warehouse_robot/install/trp1_description:/home/kaisar/warehouse_robot/install/stage_ros2:/home/kaisar/warehouse_robot/install/stage:/home/kaisar/warehouse_robot/install/robot_msgs:/home/kaisar/warehouse_robot/install/nav2:/home/kaisar/warehouse_robot/robot/install/trp1_description:/home/kaisar/warehouse_robot/robot/install/stage_ros2:/home/kaisar/warehouse_robot/robot/install/stage:/home/kaisar/warehouse_robot/robot/install/nav2:/opt/ros/jazzy/opt/gz_sim_vendor:/opt/ros/jazzy/opt/gz_sensors_vendor:/opt/ros/jazzy/opt/gz_physics_vendor:/opt/ros/jazzy/opt/sdformat_vendor:/opt/ros/jazzy/opt/gz_gui_vendor:/opt/ros/jazzy/opt/gz_transport_vendor:/opt/ros/jazzy/opt/gz_rendering_vendor:/opt/ros/jazzy/opt/gz_plugin_vendor:/opt/ros/jazzy/opt/gz_fuel_tools_vendor:/opt/ros/jazzy/opt/gz_msgs_vendor:/opt/ros/jazzy/opt/gz_common_vendor:/opt/ros/jazzy/opt/gz_math_vendor:/opt/ros/jazzy/opt/gz_utils_vendor:/opt/ros/jazzy/opt/gz_tools_vendor:/opt/ros/jazzy/opt/gz_ogre_next_vendor:/opt/ros/jazzy/opt/gz_dartsim_vendor:/opt/ros/jazzy/opt/gz_cmake_vendor DEBUGINFOD_URLS=https://debuginfod.ubuntu.com LD_LIBRARY_PATH=/home/kaisar/warehouse_robot/robot/install/robot_msgs/lib:/home/kaisar/warehouse_robot/install/stage_ros2/lib:/home/kaisar/warehouse_robot/install/stage/lib:/home/kaisar/warehouse_robot/install/robot_msgs/lib:/home/kaisar/warehouse_robot/robot/install/stage_ros2/lib:/home/kaisar/warehouse_robot/robot/install/stage/lib:/opt/ros/jazzy/opt/gz_sim_vendor/lib:/opt/ros/jazzy/opt/gz_sensors_vendor/lib:/opt/ros/jazzy/opt/gz_physics_vendor/lib:/opt/ros/jazzy/opt/sdformat_vendor/lib:/opt/ros/jazzy/opt/rviz_ogre_vendor/lib:/opt/ros/jazzy/lib/x86_64-linux-gnu:/opt/ros/jazzy/opt/gz_gui_vendor/lib:/opt/ros/jazzy/opt/gz_transport_vendor/lib:/opt/ros/jazzy/opt/gz_rendering_vendor/lib:/opt/ros/jazzy/opt/gz_plugin_vendor/lib:/opt/ros/jazzy/opt/gz_fuel_tools_vendor/lib:/opt/ros/jazzy/opt/gz_msgs_vendor/lib:/opt/ros/jazzy/opt/gz_common_vendor/lib:/opt/ros/jazzy/opt/gz_math_vendor/lib:/opt/ros/jazzy/opt/gz_utils_vendor/lib:/opt/ros/jazzy/opt/gz_tools_vendor/lib:/opt/ros/jazzy/opt/gz_ogre_next_vendor/lib:/opt/ros/jazzy/opt/gz_dartsim_vendor/lib:/opt/ros/jazzy/opt/gz_cmake_vendor/lib:/opt/ros/jazzy/lib PYTHONPATH=/home/kaisar/warehouse_robot/robot/build/robot_status/prefix_override:/usr/lib/python3/dist-packages/colcon_core/task/python/colcon_distutils_commands:/home/kaisar/warehouse_robot/robot/install/robot_status/lib/python3.12/site-packages:/home/kaisar/warehouse_robot/robot/build/robot_planner:/home/kaisar/warehouse_robot/robot/install/robot_planner/lib/python3.12/site-packages:/home/kaisar/warehouse_robot/robot/install/robot_msgs/lib/python3.12/site-packages:/home/kaisar/warehouse_robot/robot/build/robot_http_api:/home/kaisar/warehouse_robot/robot/install/robot_http_api/lib/python3.12/site-packages:/home/kaisar/warehouse_robot/install/robot_msgs/lib/python3.12/site-packages:/opt/ros/jazzy/lib/python/site-packages:/opt/ros/jazzy/lib/python3.12/site-packages /usr/bin/python3 -W ignore:setup.py install is deprecated -W ignore:easy_install command is deprecated setup.py develop --editable --build-directory /home/kaisar/warehouse_robot/robot/build/robot_status/build --no-deps symlink_data --force
[7.246s] INFO:colcon.colcon_core.shell:Creating environment descriptor '/home/kaisar/warehouse_robot/robot/build/robot_status/share/robot_status/hook/pythonpath_develop.dsv'
[7.246s] INFO:colcon.colcon_core.shell:Creating environment hook '/home/kaisar/warehouse_robot/robot/build/robot_status/share/robot_status/hook/pythonpath_develop.sh'
[7.247s] Level 1:colcon.colcon_core.environment:checking '/home/kaisar/warehouse_robot/robot/install/robot_status' for CMake module files
[7.247s] Level 1:colcon.colcon_core.environment:checking '/home/kaisar/warehouse_robot/robot/install/robot_status' for CMake config files
[7.248s] Level 1:colcon.colcon_core.environment:checking '/home/kaisar/warehouse_robot/robot/install/robot_status/lib'
[7.248s] Level 1:colcon.colcon_core.environment:checking '/home/kaisar/warehouse_robot/robot/install/robot_status/bin'
[7.248s] Level 1:colcon.colcon_core.environment:checking '/home/kaisar/warehouse_robot/robot/install/robot_status/lib/pkgconfig/robot_status.pc'
[7.248s] Level 1:colcon.colcon_core.environment:checking '/home/kaisar/warehouse_robot/robot/install/robot_status/lib/python3.12/site-packages'
[7.248s] Level 1:colcon.colcon_core.shell:create_environment_hook('robot_status', 'pythonpath')
[7.248s] INFO:colcon.colcon_core.shell:Creating environment hook '/home/kaisar/warehouse_robot/robot/install/robot_status/share/robot_status/hook/pythonpath.ps1'
[7.248s] INFO:colcon.colcon_core.shell:Creating environment descriptor '/home/kaisar/warehouse_robot/robot/install/robot_status/share/robot_status/hook/pythonpath.dsv'
[7.249s] INFO:colcon.colcon_core.shell:Creating environment hook '/home/kaisar/warehouse_robot/robot/install/robot_status/share/robot_status/hook/pythonpath.sh'
[7.249s] Level 1:colcon.colcon_core.environment:checking '/home/kaisar/warehouse_robot/robot/install/robot_status/bin'
[7.249s] Level 1:colcon.colcon_core.environment:create_environment_scripts_only(robot_status)
[7.249s] INFO:colcon.colcon_core.shell:Creating package script '/home/kaisar/warehouse_robot/robot/install/robot_status/share/robot_status/package.ps1'
[7.250s] INFO:colcon.colcon_core.shell:Creating package descriptor '/home/kaisar/warehouse_robot/robot/install/robot_status/share/robot_status/package.dsv'
[7.250s] INFO:colcon.colcon_core.shell:Creating package script '/home/kaisar/warehouse_robot/robot/install/robot_status/share/robot_status/package.sh'
[7.251s] INFO:colcon.colcon_core.shell:Creating package script '/home/kaisar/warehouse_robot/robot/install/robot_status/share/robot_status/package.bash'
[7.251s] INFO:colcon.colcon_core.shell:Creating package script '/home/kaisar/warehouse_robot/robot/install/robot_status/share/robot_status/package.zsh'
[7.251s] Level 1:colcon.colcon_core.environment:create_file_with_runtime_dependencies(/home/kaisar/warehouse_robot/robot/install/robot_status/share/colcon-core/packages/robot_status)
[7.251s] DEBUG:colcon.colcon_parallel_executor.executor.parallel:closing loop
[7.252s] DEBUG:colcon.colcon_parallel_executor.executor.parallel:loop closed
[7.252s] DEBUG:colcon.colcon_parallel_executor.executor.parallel:run_until_complete finished with '0'
[7.252s] DEBUG:colcon.colcon_core.event_reactor:joining thread
[7.257s] INFO:colcon.colcon_core.plugin_system:Skipping extension 'colcon_notification.desktop_notification.terminal_notifier': Not used on non-Darwin systems
[7.257s] INFO:colcon.colcon_core.plugin_system:Skipping extension 'colcon_notification.desktop_notification.win32': Not used on non-Windows systems
[7.257s] INFO:colcon.colcon_notification.desktop_notification:Sending desktop notification using 'notify2'
[7.270s] DEBUG:colcon.colcon_core.event_reactor:joined thread
[7.271s] INFO:colcon.colcon_core.shell:Creating prefix script '/home/kaisar/warehouse_robot/robot/install/local_setup.ps1'
[7.272s] INFO:colcon.colcon_core.shell:Creating prefix util module '/home/kaisar/warehouse_robot/robot/install/_local_setup_util_ps1.py'
[7.272s] INFO:colcon.colcon_core.shell:Creating prefix chain script '/home/kaisar/warehouse_robot/robot/install/setup.ps1'
[7.274s] INFO:colcon.colcon_core.shell:Creating prefix script '/home/kaisar/warehouse_robot/robot/install/local_setup.sh'
[7.274s] INFO:colcon.colcon_core.shell:Creating prefix util module '/home/kaisar/warehouse_robot/robot/install/_local_setup_util_sh.py'
[7.275s] INFO:colcon.colcon_core.shell:Creating prefix chain script '/home/kaisar/warehouse_robot/robot/install/setup.sh'
[7.276s] INFO:colcon.colcon_core.shell:Creating prefix script '/home/kaisar/warehouse_robot/robot/install/local_setup.bash'
[7.276s] INFO:colcon.colcon_core.shell:Creating prefix chain script '/home/kaisar/warehouse_robot/robot/install/setup.bash'
[7.277s] INFO:colcon.colcon_core.shell:Creating prefix script '/home/kaisar/warehouse_robot/robot/install/local_setup.zsh'
[7.278s] INFO:colcon.colcon_core.shell:Creating prefix chain script '/home/kaisar/warehouse_robot/robot/install/setup.zsh'
