[0.014s] Invoking command in '/home/kaisar/warehouse_robot/robot/build/nav2': CMAKE_PREFIX_PATH=${CMAKE_PREFIX_PATH}:/home/kaisar/warehouse_robot/robot/install/robot_status:/home/kaisar/warehouse_robot/robot/install/robot_gateway:/home/kaisar/warehouse_robot/robot/install/robot_control:/home/kaisar/warehouse_robot/robot/install/robot_http_api:/home/kaisar/warehouse_robot/robot/install/robot_planner:/opt/ros/jazzy DEBUGINFOD_URLS=https://debuginfod.ubuntu.com /usr/bin/cmake /home/kaisar/warehouse_robot/robot/ws/src/nav2 -DAMENT_CMAKE_SYMLINK_INSTALL=1 -DCMAKE_INSTALL_PREFIX=/home/kaisar/warehouse_robot/robot/install/nav2
[0.078s] -- The C compiler identification is GNU 13.3.0
[0.144s] -- The CXX compiler identification is GNU 13.3.0
[0.163s] -- Detecting C compiler ABI info
[0.269s] -- Detecting C compiler ABI info - done
[0.279s] -- Check for working C compiler: /usr/bin/cc - skipped
[0.279s] -- Detecting C compile features
[0.280s] -- Detecting C compile features - done
[0.291s] -- Detecting CXX compiler ABI info
[0.409s] -- Detecting CXX compiler ABI info - done
[0.419s] -- Check for working CXX compiler: /usr/bin/c++ - skipped
[0.420s] -- Detecting CXX compile features
[0.420s] -- Detecting CXX compile features - done
[0.426s] -- Found ament_cmake: 2.5.6 (/opt/ros/jazzy/share/ament_cmake/cmake)
[0.615s] -- Found Python3: /usr/bin/python3 (found version "3.12.3") found components: Interpreter 
[0.701s] -- Override CMake install command with custom implementation using symlinks instead of copying resources
[0.772s] -- Found rclcpp: 28.1.18 (/opt/ros/jazzy/share/rclcpp/cmake)
[0.841s] -- Found rosidl_generator_c: 4.6.7 (/opt/ros/jazzy/share/rosidl_generator_c/cmake)
[0.864s] -- Found rosidl_generator_cpp: 4.6.7 (/opt/ros/jazzy/share/rosidl_generator_cpp/cmake)
[0.891s] -- Using all available rosidl_typesupport_c: rosidl_typesupport_fastrtps_c;rosidl_typesupport_introspection_c
[0.919s] -- Using all available rosidl_typesupport_cpp: rosidl_typesupport_fastrtps_cpp;rosidl_typesupport_introspection_cpp
[1.033s] -- Found rmw_implementation_cmake: 7.3.3 (/opt/ros/jazzy/share/rmw_implementation_cmake/cmake)
[1.040s] -- Found rmw_fastrtps_cpp: 8.4.3 (/opt/ros/jazzy/share/rmw_fastrtps_cpp/cmake)
[1.172s] -- Found OpenSSL: /usr/lib/x86_64-linux-gnu/libcrypto.so (found version "3.0.13")  
[1.201s] -- Found FastRTPS: /opt/ros/jazzy/include (Required is at least version "2.13") 
[1.231s] -- Using RMW implementation 'rmw_fastrtps_cpp' as default
[1.350s] -- Found urdf: 2.10.0 (/opt/ros/jazzy/share/urdf/cmake)
[1.400s] -- Found xacro: 2.1.1 (/opt/ros/jazzy/share/xacro/cmake)
[1.404s] -- Found std_msgs: 5.3.7 (/opt/ros/jazzy/share/std_msgs/cmake)
[1.517s] -- Configuring done (1.5s)
[1.523s] -- Generating done (0.0s)
[1.525s] -- Build files have been written to: /home/kaisar/warehouse_robot/robot/build/nav2
[1.537s] Invoked command in '/home/kaisar/warehouse_robot/robot/build/nav2' returned '0': CMAKE_PREFIX_PATH=${CMAKE_PREFIX_PATH}:/home/kaisar/warehouse_robot/robot/install/robot_status:/home/kaisar/warehouse_robot/robot/install/robot_gateway:/home/kaisar/warehouse_robot/robot/install/robot_control:/home/kaisar/warehouse_robot/robot/install/robot_http_api:/home/kaisar/warehouse_robot/robot/install/robot_planner:/opt/ros/jazzy DEBUGINFOD_URLS=https://debuginfod.ubuntu.com /usr/bin/cmake /home/kaisar/warehouse_robot/robot/ws/src/nav2 -DAMENT_CMAKE_SYMLINK_INSTALL=1 -DCMAKE_INSTALL_PREFIX=/home/kaisar/warehouse_robot/robot/install/nav2
[1.538s] Invoking command in '/home/kaisar/warehouse_robot/robot/build/nav2': CMAKE_PREFIX_PATH=${CMAKE_PREFIX_PATH}:/home/kaisar/warehouse_robot/robot/install/robot_status:/home/kaisar/warehouse_robot/robot/install/robot_gateway:/home/kaisar/warehouse_robot/robot/install/robot_control:/home/kaisar/warehouse_robot/robot/install/robot_http_api:/home/kaisar/warehouse_robot/robot/install/robot_planner:/opt/ros/jazzy DEBUGINFOD_URLS=https://debuginfod.ubuntu.com /usr/bin/cmake --build /home/kaisar/warehouse_robot/robot/build/nav2 -- -j12 -l12
[1.591s] Invoked command in '/home/kaisar/warehouse_robot/robot/build/nav2' returned '0': CMAKE_PREFIX_PATH=${CMAKE_PREFIX_PATH}:/home/kaisar/warehouse_robot/robot/install/robot_status:/home/kaisar/warehouse_robot/robot/install/robot_gateway:/home/kaisar/warehouse_robot/robot/install/robot_control:/home/kaisar/warehouse_robot/robot/install/robot_http_api:/home/kaisar/warehouse_robot/robot/install/robot_planner:/opt/ros/jazzy DEBUGINFOD_URLS=https://debuginfod.ubuntu.com /usr/bin/cmake --build /home/kaisar/warehouse_robot/robot/build/nav2 -- -j12 -l12
[1.592s] Invoking command in '/home/kaisar/warehouse_robot/robot/build/nav2': CMAKE_PREFIX_PATH=${CMAKE_PREFIX_PATH}:/home/kaisar/warehouse_robot/robot/install/robot_status:/home/kaisar/warehouse_robot/robot/install/robot_gateway:/home/kaisar/warehouse_robot/robot/install/robot_control:/home/kaisar/warehouse_robot/robot/install/robot_http_api:/home/kaisar/warehouse_robot/robot/install/robot_planner:/opt/ros/jazzy DEBUGINFOD_URLS=https://debuginfod.ubuntu.com /usr/bin/cmake --install /home/kaisar/warehouse_robot/robot/build/nav2
[1.609s] -- Install configuration: ""
[1.610s] -- Execute custom install script
[1.611s] -- Symlinking: /home/kaisar/warehouse_robot/robot/install/nav2/share/nav2//config/apriltags_36h11.yaml
[1.639s] -- Symlinking: /home/kaisar/warehouse_robot/robot/install/nav2/share/nav2//config/ekf.yaml
[1.674s] -- Symlinking: /home/kaisar/warehouse_robot/robot/install/nav2/share/nav2//config/nav2_params.yaml
[1.713s] -- Symlinking: /home/kaisar/warehouse_robot/robot/install/nav2/share/nav2//config/navigate_to_pose_w_replanning_and_recovery.xml
[1.749s] -- Symlinking: /home/kaisar/warehouse_robot/robot/install/nav2/share/nav2//launch/__pycache__/gazebo_multi_nav2_world.launch.cpython-312.pyc
[1.784s] -- Symlinking: /home/kaisar/warehouse_robot/robot/install/nav2/share/nav2//launch/__pycache__/launch.cpython-312.pyc
[1.823s] -- Symlinking: /home/kaisar/warehouse_robot/robot/install/nav2/share/nav2//launch/__pycache__/nav2_launch.cpython-312.pyc
[1.863s] -- Symlinking: /home/kaisar/warehouse_robot/robot/install/nav2/share/nav2//launch/__pycache__/rviz_launch.cpython-312.pyc
[1.908s] -- Symlinking: /home/kaisar/warehouse_robot/robot/install/nav2/share/nav2//launch/nav2/__pycache__/localization_launch.cpython-312.pyc
[1.947s] -- Symlinking: /home/kaisar/warehouse_robot/robot/install/nav2/share/nav2//launch/nav2/__pycache__/navigation_launch.cpython-312.pyc
[2.007s] -- Symlinking: /home/kaisar/warehouse_robot/robot/install/nav2/share/nav2//launch/nav2/bringup_launch.py
[2.049s] -- Symlinking: /home/kaisar/warehouse_robot/robot/install/nav2/share/nav2//launch/nav2/localization_launch.py
[2.090s] -- Symlinking: /home/kaisar/warehouse_robot/robot/install/nav2/share/nav2//launch/nav2/navigation_launch.py
[2.143s] -- Symlinking: /home/kaisar/warehouse_robot/robot/install/nav2/share/nav2//launch/nav2_launch.py
[2.181s] -- Symlinking: /home/kaisar/warehouse_robot/robot/install/nav2/share/nav2//launch/rviz_launch.py
[2.242s] -- Symlinking: /home/kaisar/warehouse_robot/robot/install/nav2/share/nav2//world/cafe.world
[2.260s] -- Symlinking: /home/kaisar/warehouse_robot/robot/install/nav2/share/nav2//world/empty_world.world
[2.280s] -- Symlinking: /home/kaisar/warehouse_robot/robot/install/nav2/share/nav2//maps/22.05.26_smap.pgm
[2.323s] -- Symlinking: /home/kaisar/warehouse_robot/robot/install/nav2/share/nav2//maps/22.05.26_smap.yaml
[2.345s] -- Symlinking: /home/kaisar/warehouse_robot/robot/install/nav2/share/nav2//maps/LMs.yaml
[2.364s] -- Symlinking: /home/kaisar/warehouse_robot/robot/install/nav2/share/nav2//maps/cafe_world_map.pgm
[2.384s] -- Symlinking: /home/kaisar/warehouse_robot/robot/install/nav2/share/nav2//maps/cafe_world_map.yaml
[2.405s] -- Symlinking: /home/kaisar/warehouse_robot/robot/install/nav2/share/nav2//maps/graph_edges_lengths.yaml
[2.429s] -- Symlinking: /home/kaisar/warehouse_robot/robot/install/nav2/share/nav2//maps/graphs.yaml
[2.468s] -- Symlinking: /home/kaisar/warehouse_robot/robot/install/nav2/share/nav2//rviz/check_joint.rviz
[2.509s] -- Symlinking: /home/kaisar/warehouse_robot/robot/install/nav2/share/nav2//rviz/multi_nav2_default_view.rviz
[2.547s] -- Symlinking: /home/kaisar/warehouse_robot/robot/install/nav2/share/nav2//rviz/nav2_default_view.rviz
[2.594s] -- Symlinking: /home/kaisar/warehouse_robot/robot/install/nav2/share/nav2//rviz/rviz_ns.rviz
[2.662s] -- Symlinking: /home/kaisar/warehouse_robot/robot/install/nav2/share/nav2//models/Apriltag36_11_00000/materials/textures/tag36_11_00000.png
[2.701s] -- Symlinking: /home/kaisar/warehouse_robot/robot/install/nav2/share/nav2//models/Apriltag36_11_00000/meshes/tag36_11_00000.dae
[2.742s] -- Symlinking: /home/kaisar/warehouse_robot/robot/install/nav2/share/nav2//models/Apriltag36_11_00000/model.config
[2.780s] -- Symlinking: /home/kaisar/warehouse_robot/robot/install/nav2/share/nav2//models/Apriltag36_11_00000/model.sdf
[2.810s] -- Symlinking: /home/kaisar/warehouse_robot/robot/install/nav2/share/nav2//models/aws_robomaker_residential_AirconditionerA_01/materials/textures/aws_AirconditionerA_01.png
[2.849s] -- Symlinking: /home/kaisar/warehouse_robot/robot/install/nav2/share/nav2//models/aws_robomaker_residential_AirconditionerA_01/meshes/aws_AirconditionerA_01_collision.DAE
[2.893s] -- Symlinking: /home/kaisar/warehouse_robot/robot/install/nav2/share/nav2//models/aws_robomaker_residential_AirconditionerA_01/meshes/aws_AirconditionerA_01_visual.DAE
[2.933s] -- Symlinking: /home/kaisar/warehouse_robot/robot/install/nav2/share/nav2//models/aws_robomaker_residential_AirconditionerA_01/model.config
[2.975s] -- Symlinking: /home/kaisar/warehouse_robot/robot/install/nav2/share/nav2//models/aws_robomaker_residential_AirconditionerA_01/model.sdf
[3.017s] -- Symlinking: /home/kaisar/warehouse_robot/robot/install/nav2/share/nav2//models/aws_robomaker_residential_AirconditionerB_01/materials/textures/aws_AirconditionerB_01.png
[3.056s] -- Symlinking: /home/kaisar/warehouse_robot/robot/install/nav2/share/nav2//models/aws_robomaker_residential_AirconditionerB_01/meshes/aws_AirconditionerB_01_collision.DAE
[3.098s] -- Symlinking: /home/kaisar/warehouse_robot/robot/install/nav2/share/nav2//models/aws_robomaker_residential_AirconditionerB_01/meshes/aws_AirconditionerB_01_visual.DAE
[3.122s] -- Symlinking: /home/kaisar/warehouse_robot/robot/install/nav2/share/nav2//models/aws_robomaker_residential_AirconditionerB_01/model.config
[3.141s] -- Symlinking: /home/kaisar/warehouse_robot/robot/install/nav2/share/nav2//models/aws_robomaker_residential_AirconditionerB_01/model.sdf
[3.164s] -- Symlinking: /home/kaisar/warehouse_robot/robot/install/nav2/share/nav2//models/aws_robomaker_residential_BalconyTable_01/materials/textures/aws_BalconyTable_01.png
[3.183s] -- Symlinking: /home/kaisar/warehouse_robot/robot/install/nav2/share/nav2//models/aws_robomaker_residential_BalconyTable_01/meshes/aws_BalconyTable_01_collision.DAE
[3.221s] -- Symlinking: /home/kaisar/warehouse_robot/robot/install/nav2/share/nav2//models/aws_robomaker_residential_BalconyTable_01/meshes/aws_BalconyTable_01_visual.DAE
[3.257s] -- Symlinking: /home/kaisar/warehouse_robot/robot/install/nav2/share/nav2//models/aws_robomaker_residential_BalconyTable_01/model.config
[3.295s] -- Symlinking: /home/kaisar/warehouse_robot/robot/install/nav2/share/nav2//models/aws_robomaker_residential_BalconyTable_01/model.sdf
[3.335s] -- Symlinking: /home/kaisar/warehouse_robot/robot/install/nav2/share/nav2//models/aws_robomaker_residential_Ball_01/materials/textures/aws_Ball_01.png
[3.375s] -- Symlinking: /home/kaisar/warehouse_robot/robot/install/nav2/share/nav2//models/aws_robomaker_residential_Ball_01/meshes/aws_Ball_01_collision.DAE
[3.417s] -- Symlinking: /home/kaisar/warehouse_robot/robot/install/nav2/share/nav2//models/aws_robomaker_residential_Ball_01/meshes/aws_Ball_01_visual.DAE
[3.457s] -- Symlinking: /home/kaisar/warehouse_robot/robot/install/nav2/share/nav2//models/aws_robomaker_residential_Ball_01/model.config
[3.485s] -- Symlinking: /home/kaisar/warehouse_robot/robot/install/nav2/share/nav2//models/aws_robomaker_residential_Ball_01/model.sdf
[3.507s] -- Symlinking: /home/kaisar/warehouse_robot/robot/install/nav2/share/nav2//models/aws_robomaker_residential_Bed_01/materials/textures/aws_BedA_01.png
[3.530s] -- Symlinking: /home/kaisar/warehouse_robot/robot/install/nav2/share/nav2//models/aws_robomaker_residential_Bed_01/materials/textures/aws_BedB_01.png
[3.550s] -- Symlinking: /home/kaisar/warehouse_robot/robot/install/nav2/share/nav2//models/aws_robomaker_residential_Bed_01/materials/textures/aws_BedC_01.png
[3.570s] -- Symlinking: /home/kaisar/warehouse_robot/robot/install/nav2/share/nav2//models/aws_robomaker_residential_Bed_01/materials/textures/aws_Bed_01.png
[3.616s] -- Symlinking: /home/kaisar/warehouse_robot/robot/install/nav2/share/nav2//models/aws_robomaker_residential_Bed_01/meshes/aws_Bed_01_collision.DAE
[3.639s] -- Symlinking: /home/kaisar/warehouse_robot/robot/install/nav2/share/nav2//models/aws_robomaker_residential_Bed_01/meshes/aws_Bed_01_visual.DAE
[3.695s] -- Symlinking: /home/kaisar/warehouse_robot/robot/install/nav2/share/nav2//models/aws_robomaker_residential_Bed_01/model.config
[3.732s] -- Symlinking: /home/kaisar/warehouse_robot/robot/install/nav2/share/nav2//models/aws_robomaker_residential_Bed_01/model.sdf
[3.771s] -- Symlinking: /home/kaisar/warehouse_robot/robot/install/nav2/share/nav2//models/aws_robomaker_residential_Board_01/materials/textures/aws_Board_01.png
[3.814s] -- Symlinking: /home/kaisar/warehouse_robot/robot/install/nav2/share/nav2//models/aws_robomaker_residential_Board_01/meshes/aws_Board_01_collision.DAE
[3.856s] -- Symlinking: /home/kaisar/warehouse_robot/robot/install/nav2/share/nav2//models/aws_robomaker_residential_Board_01/meshes/aws_Board_01_visual.DAE
[3.893s] -- Symlinking: /home/kaisar/warehouse_robot/robot/install/nav2/share/nav2//models/aws_robomaker_residential_Board_01/model.config
[3.932s] -- Symlinking: /home/kaisar/warehouse_robot/robot/install/nav2/share/nav2//models/aws_robomaker_residential_Board_01/model.sdf
[3.969s] -- Symlinking: /home/kaisar/warehouse_robot/robot/install/nav2/share/nav2//models/aws_robomaker_residential_Carpet_01/materials/textures/aws_Carpet_01.png
[3.993s] -- Symlinking: /home/kaisar/warehouse_robot/robot/install/nav2/share/nav2//models/aws_robomaker_residential_Carpet_01/meshes/aws_Carpet_01_collision.DAE
[4.015s] -- Symlinking: /home/kaisar/warehouse_robot/robot/install/nav2/share/nav2//models/aws_robomaker_residential_Carpet_01/meshes/aws_Carpet_01_visual.DAE
[4.036s] -- Symlinking: /home/kaisar/warehouse_robot/robot/install/nav2/share/nav2//models/aws_robomaker_residential_Carpet_01/model.config
[4.057s] -- Symlinking: /home/kaisar/warehouse_robot/robot/install/nav2/share/nav2//models/aws_robomaker_residential_Carpet_01/model.sdf
[4.079s] -- Symlinking: /home/kaisar/warehouse_robot/robot/install/nav2/share/nav2//models/aws_robomaker_residential_ChairA_01/materials/textures/aws_ChairA_01.png
[4.100s] -- Symlinking: /home/kaisar/warehouse_robot/robot/install/nav2/share/nav2//models/aws_robomaker_residential_ChairA_01/meshes/aws_ChairA_01_collision.DAE
[4.122s] -- Symlinking: /home/kaisar/warehouse_robot/robot/install/nav2/share/nav2//models/aws_robomaker_residential_ChairA_01/meshes/aws_ChairA_01_visual.DAE
[4.142s] -- Symlinking: /home/kaisar/warehouse_robot/robot/install/nav2/share/nav2//models/aws_robomaker_residential_ChairA_01/model.config
[4.162s] -- Symlinking: /home/kaisar/warehouse_robot/robot/install/nav2/share/nav2//models/aws_robomaker_residential_ChairA_01/model.sdf
[4.183s] -- Symlinking: /home/kaisar/warehouse_robot/robot/install/nav2/share/nav2//models/aws_robomaker_residential_ChairD_01/materials/textures/aws_ChairD_01.png
[4.210s] -- Symlinking: /home/kaisar/warehouse_robot/robot/install/nav2/share/nav2//models/aws_robomaker_residential_ChairD_01/meshes/aws_ChairD_01_collision.DAE
[4.240s] -- Symlinking: /home/kaisar/warehouse_robot/robot/install/nav2/share/nav2//models/aws_robomaker_residential_ChairD_01/meshes/aws_ChairD_01_visual.DAE
[4.279s] -- Symlinking: /home/kaisar/warehouse_robot/robot/install/nav2/share/nav2//models/aws_robomaker_residential_ChairD_01/model.config
[4.299s] -- Symlinking: /home/kaisar/warehouse_robot/robot/install/nav2/share/nav2//models/aws_robomaker_residential_ChairD_01/model.sdf
[4.326s] -- Symlinking: /home/kaisar/warehouse_robot/robot/install/nav2/share/nav2//models/aws_robomaker_residential_Chandelier_01/materials/textures/aws_Chandelier_01.png
[4.369s] -- Symlinking: /home/kaisar/warehouse_robot/robot/install/nav2/share/nav2//models/aws_robomaker_residential_Chandelier_01/meshes/aws_Chandelier_01.DAE
[4.411s] -- Symlinking: /home/kaisar/warehouse_robot/robot/install/nav2/share/nav2//models/aws_robomaker_residential_Chandelier_01/meshes/aws_Chandelier_01_collision.DAE
[4.495s] -- Symlinking: /home/kaisar/warehouse_robot/robot/install/nav2/share/nav2//models/aws_robomaker_residential_Chandelier_01/meshes/aws_Chandelier_01_visual.DAE
[4.533s] -- Symlinking: /home/kaisar/warehouse_robot/robot/install/nav2/share/nav2//models/aws_robomaker_residential_Chandelier_01/model.config
[4.575s] -- Symlinking: /home/kaisar/warehouse_robot/robot/install/nav2/share/nav2//models/aws_robomaker_residential_Chandelier_01/model.sdf
[4.615s] -- Symlinking: /home/kaisar/warehouse_robot/robot/install/nav2/share/nav2//models/aws_robomaker_residential_CoffeeTable_01/materials/textures/aws_CoffeeTable_01.png
[4.658s] -- Symlinking: /home/kaisar/warehouse_robot/robot/install/nav2/share/nav2//models/aws_robomaker_residential_CoffeeTable_01/meshes/aws_CoffeeTable_01_collision.DAE
[4.697s] -- Symlinking: /home/kaisar/warehouse_robot/robot/install/nav2/share/nav2//models/aws_robomaker_residential_CoffeeTable_01/meshes/aws_CoffeeTable_01_visual.DAE
[4.740s] -- Symlinking: /home/kaisar/warehouse_robot/robot/install/nav2/share/nav2//models/aws_robomaker_residential_CoffeeTable_01/model.config
[4.785s] -- Symlinking: /home/kaisar/warehouse_robot/robot/install/nav2/share/nav2//models/aws_robomaker_residential_CoffeeTable_01/model.sdf
[4.819s] -- Symlinking: /home/kaisar/warehouse_robot/robot/install/nav2/share/nav2//models/aws_robomaker_residential_CookingBench_01/materials/textures/aws_CookingBench_01.png
[4.838s] -- Symlinking: /home/kaisar/warehouse_robot/robot/install/nav2/share/nav2//models/aws_robomaker_residential_CookingBench_01/meshes/aws_CookingBench_01.DAE
[4.879s] -- Symlinking: /home/kaisar/warehouse_robot/robot/install/nav2/share/nav2//models/aws_robomaker_residential_CookingBench_01/meshes/aws_CookingBench_01_collision.DAE
[4.918s] -- Symlinking: /home/kaisar/warehouse_robot/robot/install/nav2/share/nav2//models/aws_robomaker_residential_CookingBench_01/meshes/aws_CookingBench_01_visual.DAE
[4.955s] -- Symlinking: /home/kaisar/warehouse_robot/robot/install/nav2/share/nav2//models/aws_robomaker_residential_CookingBench_01/model.config
[4.989s] -- Symlinking: /home/kaisar/warehouse_robot/robot/install/nav2/share/nav2//models/aws_robomaker_residential_CookingBench_01/model.sdf
[5.011s] -- Symlinking: /home/kaisar/warehouse_robot/robot/install/nav2/share/nav2//models/aws_robomaker_residential_Curtain_01/materials/textures/aws_Curtain_01.png
[5.039s] -- Symlinking: /home/kaisar/warehouse_robot/robot/install/nav2/share/nav2//models/aws_robomaker_residential_Curtain_01/meshes/aws_Curtain_01_collision.DAE
[5.079s] -- Symlinking: /home/kaisar/warehouse_robot/robot/install/nav2/share/nav2//models/aws_robomaker_residential_Curtain_01/meshes/aws_Curtain_01_visual.DAE
[5.114s] -- Symlinking: /home/kaisar/warehouse_robot/robot/install/nav2/share/nav2//models/aws_robomaker_residential_Curtain_01/model.config
[5.137s] -- Symlinking: /home/kaisar/warehouse_robot/robot/install/nav2/share/nav2//models/aws_robomaker_residential_Curtain_01/model.sdf
[5.156s] -- Symlinking: /home/kaisar/warehouse_robot/robot/install/nav2/share/nav2//models/aws_robomaker_residential_DeskPortraitA_01/materials/textures/DeskPortraitA_01.jpg
[5.175s] -- Symlinking: /home/kaisar/warehouse_robot/robot/install/nav2/share/nav2//models/aws_robomaker_residential_DeskPortraitA_01/materials/textures/aws_DeskPortraitA_01.png
[5.195s] -- Symlinking: /home/kaisar/warehouse_robot/robot/install/nav2/share/nav2//models/aws_robomaker_residential_DeskPortraitA_01/materials/textures/aws_DeskPortraitA_02.png
[5.217s] -- Symlinking: /home/kaisar/warehouse_robot/robot/install/nav2/share/nav2//models/aws_robomaker_residential_DeskPortraitA_01/meshes/aws_DeskPortraitA_01_collision.DAE
[5.237s] -- Symlinking: /home/kaisar/warehouse_robot/robot/install/nav2/share/nav2//models/aws_robomaker_residential_DeskPortraitA_01/meshes/aws_DeskPortraitA_01_visual.DAE
[5.275s] -- Symlinking: /home/kaisar/warehouse_robot/robot/install/nav2/share/nav2//models/aws_robomaker_residential_DeskPortraitA_01/model.config
[5.308s] -- Symlinking: /home/kaisar/warehouse_robot/robot/install/nav2/share/nav2//models/aws_robomaker_residential_DeskPortraitA_01/model.sdf
[5.344s] -- Symlinking: /home/kaisar/warehouse_robot/robot/install/nav2/share/nav2//models/aws_robomaker_residential_DeskPortraitA_02/materials/textures/DeskPortraitA_02.jpg
[5.379s] -- Symlinking: /home/kaisar/warehouse_robot/robot/install/nav2/share/nav2//models/aws_robomaker_residential_DeskPortraitA_02/materials/textures/aws_DeskPortraitA_01.png
[5.414s] -- Symlinking: /home/kaisar/warehouse_robot/robot/install/nav2/share/nav2//models/aws_robomaker_residential_DeskPortraitA_02/materials/textures/aws_DeskPortraitA_02.png
[5.460s] -- Symlinking: /home/kaisar/warehouse_robot/robot/install/nav2/share/nav2//models/aws_robomaker_residential_DeskPortraitA_02/meshes/aws_DeskPortraitA_01_collision.DAE
[5.498s] -- Symlinking: /home/kaisar/warehouse_robot/robot/install/nav2/share/nav2//models/aws_robomaker_residential_DeskPortraitA_02/meshes/aws_DeskPortraitA_01_visual.DAE
[5.540s] -- Symlinking: /home/kaisar/warehouse_robot/robot/install/nav2/share/nav2//models/aws_robomaker_residential_DeskPortraitA_02/model.config
[5.576s] -- Symlinking: /home/kaisar/warehouse_robot/robot/install/nav2/share/nav2//models/aws_robomaker_residential_DeskPortraitA_02/model.sdf
[5.624s] -- Symlinking: /home/kaisar/warehouse_robot/robot/install/nav2/share/nav2//models/aws_robomaker_residential_DeskPortraitB_01/materials/textures/DeskPortraitB_01.jpg
[5.657s] -- Symlinking: /home/kaisar/warehouse_robot/robot/install/nav2/share/nav2//models/aws_robomaker_residential_DeskPortraitB_01/materials/textures/aws_DeskPortraitB_01.png
[5.700s] -- Symlinking: /home/kaisar/warehouse_robot/robot/install/nav2/share/nav2//models/aws_robomaker_residential_DeskPortraitB_01/materials/textures/aws_DeskPortraitB_02.png
[5.738s] -- Symlinking: /home/kaisar/warehouse_robot/robot/install/nav2/share/nav2//models/aws_robomaker_residential_DeskPortraitB_01/meshes/aws_DeskPortraitB_01_collision.DAE
[5.768s] -- Symlinking: /home/kaisar/warehouse_robot/robot/install/nav2/share/nav2//models/aws_robomaker_residential_DeskPortraitB_01/meshes/aws_DeskPortraitB_01_visual.DAE
[5.791s] -- Symlinking: /home/kaisar/warehouse_robot/robot/install/nav2/share/nav2//models/aws_robomaker_residential_DeskPortraitB_01/model.config
[5.822s] -- Symlinking: /home/kaisar/warehouse_robot/robot/install/nav2/share/nav2//models/aws_robomaker_residential_DeskPortraitB_01/model.sdf
[5.862s] -- Symlinking: /home/kaisar/warehouse_robot/robot/install/nav2/share/nav2//models/aws_robomaker_residential_DeskPortraitB_02/materials/textures/DeskPortraitB_02.jpg
[5.898s] -- Symlinking: /home/kaisar/warehouse_robot/robot/install/nav2/share/nav2//models/aws_robomaker_residential_DeskPortraitB_02/materials/textures/aws_DeskPortraitB_01.png
[5.939s] -- Symlinking: /home/kaisar/warehouse_robot/robot/install/nav2/share/nav2//models/aws_robomaker_residential_DeskPortraitB_02/materials/textures/aws_DeskPortraitB_02.png
[5.980s] -- Symlinking: /home/kaisar/warehouse_robot/robot/install/nav2/share/nav2//models/aws_robomaker_residential_DeskPortraitB_02/meshes/aws_DeskPortraitB_01_collision.DAE
[6.006s] -- Symlinking: /home/kaisar/warehouse_robot/robot/install/nav2/share/nav2//models/aws_robomaker_residential_DeskPortraitB_02/meshes/aws_DeskPortraitB_01_visual.DAE
[6.028s] -- Symlinking: /home/kaisar/warehouse_robot/robot/install/nav2/share/nav2//models/aws_robomaker_residential_DeskPortraitB_02/model.config
[6.070s] -- Symlinking: /home/kaisar/warehouse_robot/robot/install/nav2/share/nav2//models/aws_robomaker_residential_DeskPortraitB_02/model.sdf
[6.113s] -- Symlinking: /home/kaisar/warehouse_robot/robot/install/nav2/share/nav2//models/aws_robomaker_residential_DeskPortraitC_01/materials/textures/DeskPortraitC_01.jpg
[6.132s] -- Symlinking: /home/kaisar/warehouse_robot/robot/install/nav2/share/nav2//models/aws_robomaker_residential_DeskPortraitC_01/materials/textures/aws_DeskPortraitC_01.png
[6.153s] -- Symlinking: /home/kaisar/warehouse_robot/robot/install/nav2/share/nav2//models/aws_robomaker_residential_DeskPortraitC_01/materials/textures/aws_DeskPortraitC_02.png
[6.173s] -- Symlinking: /home/kaisar/warehouse_robot/robot/install/nav2/share/nav2//models/aws_robomaker_residential_DeskPortraitC_01/meshes/aws_DeskPortraitC_01_collision.DAE
[6.216s] -- Symlinking: /home/kaisar/warehouse_robot/robot/install/nav2/share/nav2//models/aws_robomaker_residential_DeskPortraitC_01/meshes/aws_DeskPortraitC_01_visual.DAE
[6.252s] -- Symlinking: /home/kaisar/warehouse_robot/robot/install/nav2/share/nav2//models/aws_robomaker_residential_DeskPortraitC_01/model.config
[6.282s] -- Symlinking: /home/kaisar/warehouse_robot/robot/install/nav2/share/nav2//models/aws_robomaker_residential_DeskPortraitC_01/model.sdf
[6.303s] -- Symlinking: /home/kaisar/warehouse_robot/robot/install/nav2/share/nav2//models/aws_robomaker_residential_DeskPortraitC_02/materials/textures/DeskPortraitC_02.jpg
[6.324s] -- Symlinking: /home/kaisar/warehouse_robot/robot/install/nav2/share/nav2//models/aws_robomaker_residential_DeskPortraitC_02/materials/textures/aws_DeskPortraitC_01.png
[6.348s] -- Symlinking: /home/kaisar/warehouse_robot/robot/install/nav2/share/nav2//models/aws_robomaker_residential_DeskPortraitC_02/materials/textures/aws_DeskPortraitC_02.png
[6.379s] -- Symlinking: /home/kaisar/warehouse_robot/robot/install/nav2/share/nav2//models/aws_robomaker_residential_DeskPortraitC_02/meshes/aws_DeskPortraitC_01_collision.DAE
[6.399s] -- Symlinking: /home/kaisar/warehouse_robot/robot/install/nav2/share/nav2//models/aws_robomaker_residential_DeskPortraitC_02/meshes/aws_DeskPortraitC_01_visual.DAE
[6.453s] -- Symlinking: /home/kaisar/warehouse_robot/robot/install/nav2/share/nav2//models/aws_robomaker_residential_DeskPortraitC_02/model.config
[6.493s] -- Symlinking: /home/kaisar/warehouse_robot/robot/install/nav2/share/nav2//models/aws_robomaker_residential_DeskPortraitC_02/model.sdf
[6.534s] -- Symlinking: /home/kaisar/warehouse_robot/robot/install/nav2/share/nav2//models/aws_robomaker_residential_DeskPortraitD_01/materials/textures/DeskPortraitD_01.jpg
[6.578s] -- Symlinking: /home/kaisar/warehouse_robot/robot/install/nav2/share/nav2//models/aws_robomaker_residential_DeskPortraitD_01/materials/textures/aws_DeskPortraitD_01.png
[6.623s] -- Symlinking: /home/kaisar/warehouse_robot/robot/install/nav2/share/nav2//models/aws_robomaker_residential_DeskPortraitD_01/materials/textures/aws_DeskPortraitD_02.png
[6.668s] -- Symlinking: /home/kaisar/warehouse_robot/robot/install/nav2/share/nav2//models/aws_robomaker_residential_DeskPortraitD_01/meshes/aws_DeskPortraitD_01_collision.DAE
[6.688s] -- Symlinking: /home/kaisar/warehouse_robot/robot/install/nav2/share/nav2//models/aws_robomaker_residential_DeskPortraitD_01/meshes/aws_DeskPortraitD_01_visual.DAE
[6.710s] -- Symlinking: /home/kaisar/warehouse_robot/robot/install/nav2/share/nav2//models/aws_robomaker_residential_DeskPortraitD_01/model.config
[6.744s] -- Symlinking: /home/kaisar/warehouse_robot/robot/install/nav2/share/nav2//models/aws_robomaker_residential_DeskPortraitD_01/model.sdf
[6.765s] -- Symlinking: /home/kaisar/warehouse_robot/robot/install/nav2/share/nav2//models/aws_robomaker_residential_DeskPortraitD_02/materials/textures/DeskPortraitD_02.jpg
[6.785s] -- Symlinking: /home/kaisar/warehouse_robot/robot/install/nav2/share/nav2//models/aws_robomaker_residential_DeskPortraitD_02/materials/textures/aws_DeskPortraitD_01.png
[6.807s] -- Symlinking: /home/kaisar/warehouse_robot/robot/install/nav2/share/nav2//models/aws_robomaker_residential_DeskPortraitD_02/materials/textures/aws_DeskPortraitD_02.png
[6.831s] -- Symlinking: /home/kaisar/warehouse_robot/robot/install/nav2/share/nav2//models/aws_robomaker_residential_DeskPortraitD_02/meshes/aws_DeskPortraitD_01_collision.DAE
[6.852s] -- Symlinking: /home/kaisar/warehouse_robot/robot/install/nav2/share/nav2//models/aws_robomaker_residential_DeskPortraitD_02/meshes/aws_DeskPortraitD_01_visual.DAE
[6.871s] -- Symlinking: /home/kaisar/warehouse_robot/robot/install/nav2/share/nav2//models/aws_robomaker_residential_DeskPortraitD_02/model.config
[6.891s] -- Symlinking: /home/kaisar/warehouse_robot/robot/install/nav2/share/nav2//models/aws_robomaker_residential_DeskPortraitD_02/model.sdf
[6.912s] -- Symlinking: /home/kaisar/warehouse_robot/robot/install/nav2/share/nav2//models/aws_robomaker_residential_DeskPortraitD_03/materials/textures/DeskPortraitD_03.jpg
[6.934s] -- Symlinking: /home/kaisar/warehouse_robot/robot/install/nav2/share/nav2//models/aws_robomaker_residential_DeskPortraitD_03/materials/textures/aws_DeskPortraitD_01.png
[6.957s] -- Symlinking: /home/kaisar/warehouse_robot/robot/install/nav2/share/nav2//models/aws_robomaker_residential_DeskPortraitD_03/materials/textures/aws_DeskPortraitD_02.png
[6.979s] -- Symlinking: /home/kaisar/warehouse_robot/robot/install/nav2/share/nav2//models/aws_robomaker_residential_DeskPortraitD_03/meshes/aws_DeskPortraitD_01_collision.DAE
[6.997s] -- Symlinking: /home/kaisar/warehouse_robot/robot/install/nav2/share/nav2//models/aws_robomaker_residential_DeskPortraitD_03/meshes/aws_DeskPortraitD_01_visual.DAE
[7.012s] -- Symlinking: /home/kaisar/warehouse_robot/robot/install/nav2/share/nav2//models/aws_robomaker_residential_DeskPortraitD_03/model.config
[7.027s] -- Symlinking: /home/kaisar/warehouse_robot/robot/install/nav2/share/nav2//models/aws_robomaker_residential_DeskPortraitD_03/model.sdf
[7.044s] -- Symlinking: /home/kaisar/warehouse_robot/robot/install/nav2/share/nav2//models/aws_robomaker_residential_DeskPortraitD_04/materials/textures/DeskPortraitD_04.jpg
[7.062s] -- Symlinking: /home/kaisar/warehouse_robot/robot/install/nav2/share/nav2//models/aws_robomaker_residential_DeskPortraitD_04/materials/textures/aws_DeskPortraitD_01.png
[7.077s] -- Symlinking: /home/kaisar/warehouse_robot/robot/install/nav2/share/nav2//models/aws_robomaker_residential_DeskPortraitD_04/materials/textures/aws_DeskPortraitD_02.png
[7.096s] -- Symlinking: /home/kaisar/warehouse_robot/robot/install/nav2/share/nav2//models/aws_robomaker_residential_DeskPortraitD_04/meshes/aws_DeskPortraitD_01_collision.DAE
[7.118s] -- Symlinking: /home/kaisar/warehouse_robot/robot/install/nav2/share/nav2//models/aws_robomaker_residential_DeskPortraitD_04/meshes/aws_DeskPortraitD_01_visual.DAE
[7.136s] -- Symlinking: /home/kaisar/warehouse_robot/robot/install/nav2/share/nav2//models/aws_robomaker_residential_DeskPortraitD_04/model.config
[7.156s] -- Symlinking: /home/kaisar/warehouse_robot/robot/install/nav2/share/nav2//models/aws_robomaker_residential_DeskPortraitD_04/model.sdf
[7.174s] -- Symlinking: /home/kaisar/warehouse_robot/robot/install/nav2/share/nav2//models/aws_robomaker_residential_Door_01/materials/textures/aws_Door_01.png
[7.187s] -- Symlinking: /home/kaisar/warehouse_robot/robot/install/nav2/share/nav2//models/aws_robomaker_residential_Door_01/meshes/aws_Door_01_collision.DAE
[7.200s] -- Symlinking: /home/kaisar/warehouse_robot/robot/install/nav2/share/nav2//models/aws_robomaker_residential_Door_01/meshes/aws_Door_01_visual.DAE
[7.217s] -- Symlinking: /home/kaisar/warehouse_robot/robot/install/nav2/share/nav2//models/aws_robomaker_residential_Door_01/model.config
[7.233s] -- Symlinking: /home/kaisar/warehouse_robot/robot/install/nav2/share/nav2//models/aws_robomaker_residential_Door_01/model.sdf
[7.247s] -- Symlinking: /home/kaisar/warehouse_robot/robot/install/nav2/share/nav2//models/aws_robomaker_residential_Dumbbell_01/materials/textures/aws_Dumbbell_01.png
[7.262s] -- Symlinking: /home/kaisar/warehouse_robot/robot/install/nav2/share/nav2//models/aws_robomaker_residential_Dumbbell_01/meshes/aws_Dumbbell_01_collision.DAE
[7.276s] -- Symlinking: /home/kaisar/warehouse_robot/robot/install/nav2/share/nav2//models/aws_robomaker_residential_Dumbbell_01/meshes/aws_Dumbbell_01_visual.DAE
[7.291s] -- Symlinking: /home/kaisar/warehouse_robot/robot/install/nav2/share/nav2//models/aws_robomaker_residential_Dumbbell_01/model.config
[7.308s] -- Symlinking: /home/kaisar/warehouse_robot/robot/install/nav2/share/nav2//models/aws_robomaker_residential_Dumbbell_01/model.sdf
[7.327s] -- Symlinking: /home/kaisar/warehouse_robot/robot/install/nav2/share/nav2//models/aws_robomaker_residential_FitnessEquipment_01/materials/textures/aws_FitnessEquipment_01.png
[7.345s] -- Symlinking: /home/kaisar/warehouse_robot/robot/install/nav2/share/nav2//models/aws_robomaker_residential_FitnessEquipment_01/meshes/aws_FitnessEquipment_01_collision.DAE
[7.361s] -- Symlinking: /home/kaisar/warehouse_robot/robot/install/nav2/share/nav2//models/aws_robomaker_residential_FitnessEquipment_01/meshes/aws_FitnessEquipment_01_visual.DAE
[7.379s] -- Symlinking: /home/kaisar/warehouse_robot/robot/install/nav2/share/nav2//models/aws_robomaker_residential_FitnessEquipment_01/model.config
[7.396s] -- Symlinking: /home/kaisar/warehouse_robot/robot/install/nav2/share/nav2//models/aws_robomaker_residential_FitnessEquipment_01/model.sdf
[7.413s] -- Symlinking: /home/kaisar/warehouse_robot/robot/install/nav2/share/nav2//models/aws_robomaker_residential_FloorB_01/materials/textures/aws_FloorB_01.png
[7.428s] -- Symlinking: /home/kaisar/warehouse_robot/robot/install/nav2/share/nav2//models/aws_robomaker_residential_FloorB_01/meshes/aws_FloorB_01_collision.DAE
[7.441s] -- Symlinking: /home/kaisar/warehouse_robot/robot/install/nav2/share/nav2//models/aws_robomaker_residential_FloorB_01/meshes/aws_FloorB_01_visual.DAE
[7.455s] -- Symlinking: /home/kaisar/warehouse_robot/robot/install/nav2/share/nav2//models/aws_robomaker_residential_FloorB_01/model.config
[7.471s] -- Symlinking: /home/kaisar/warehouse_robot/robot/install/nav2/share/nav2//models/aws_robomaker_residential_FloorB_01/model.sdf
[7.487s] -- Symlinking: /home/kaisar/warehouse_robot/robot/install/nav2/share/nav2//models/aws_robomaker_residential_FoldingDoor_01/materials/textures/aws_FoldingDoor_01.png
[7.499s] -- Symlinking: /home/kaisar/warehouse_robot/robot/install/nav2/share/nav2//models/aws_robomaker_residential_FoldingDoor_01/meshes/aws_FoldingDoor_01_collision.DAE
[7.511s] -- Symlinking: /home/kaisar/warehouse_robot/robot/install/nav2/share/nav2//models/aws_robomaker_residential_FoldingDoor_01/meshes/aws_FoldingDoor_01_visual.DAE
[7.523s] -- Symlinking: /home/kaisar/warehouse_robot/robot/install/nav2/share/nav2//models/aws_robomaker_residential_FoldingDoor_01/model.config
[7.535s] -- Symlinking: /home/kaisar/warehouse_robot/robot/install/nav2/share/nav2//models/aws_robomaker_residential_FoldingDoor_01/model.sdf
[7.547s] -- Symlinking: /home/kaisar/warehouse_robot/robot/install/nav2/share/nav2//models/aws_robomaker_residential_FoldingDoor_02/materials/textures/aws_FoldingDoor_02.png
[7.559s] -- Symlinking: /home/kaisar/warehouse_robot/robot/install/nav2/share/nav2//models/aws_robomaker_residential_FoldingDoor_02/meshes/aws_FoldingDoor_02_collision.DAE
[7.572s] -- Symlinking: /home/kaisar/warehouse_robot/robot/install/nav2/share/nav2//models/aws_robomaker_residential_FoldingDoor_02/meshes/aws_FoldingDoor_02_visual.DAE
[7.584s] -- Symlinking: /home/kaisar/warehouse_robot/robot/install/nav2/share/nav2//models/aws_robomaker_residential_FoldingDoor_02/model.config
[7.597s] -- Symlinking: /home/kaisar/warehouse_robot/robot/install/nav2/share/nav2//models/aws_robomaker_residential_FoldingDoor_02/model.sdf
[7.611s] -- Symlinking: /home/kaisar/warehouse_robot/robot/install/nav2/share/nav2//models/aws_robomaker_residential_Handle_01/materials/textures/aws_Handle_01.png
[7.626s] -- Symlinking: /home/kaisar/warehouse_robot/robot/install/nav2/share/nav2//models/aws_robomaker_residential_Handle_01/meshes/aws_Handle_01_collision.DAE
[7.638s] -- Symlinking: /home/kaisar/warehouse_robot/robot/install/nav2/share/nav2//models/aws_robomaker_residential_Handle_01/meshes/aws_Handle_01_visual.DAE
[7.650s] -- Symlinking: /home/kaisar/warehouse_robot/robot/install/nav2/share/nav2//models/aws_robomaker_residential_Handle_01/model.config
[7.662s] -- Symlinking: /home/kaisar/warehouse_robot/robot/install/nav2/share/nav2//models/aws_robomaker_residential_Handle_01/model.sdf
[7.675s] -- Symlinking: /home/kaisar/warehouse_robot/robot/install/nav2/share/nav2//models/aws_robomaker_residential_HouseWallB_01/materials/textures/aws_HouseWallB_01.png
[7.688s] -- Symlinking: /home/kaisar/warehouse_robot/robot/install/nav2/share/nav2//models/aws_robomaker_residential_HouseWallB_01/meshes/aws_HouseWallB_01_collision.DAE
[7.701s] -- Symlinking: /home/kaisar/warehouse_robot/robot/install/nav2/share/nav2//models/aws_robomaker_residential_HouseWallB_01/meshes/aws_HouseWallB_01_visual.DAE
[7.712s] -- Symlinking: /home/kaisar/warehouse_robot/robot/install/nav2/share/nav2//models/aws_robomaker_residential_HouseWallB_01/model.config
[7.725s] -- Symlinking: /home/kaisar/warehouse_robot/robot/install/nav2/share/nav2//models/aws_robomaker_residential_HouseWallB_01/model.sdf
[7.737s] -- Symlinking: /home/kaisar/warehouse_robot/robot/install/nav2/share/nav2//models/aws_robomaker_residential_KitchenCabinet_01/materials/textures/aws_KitchenCabinet_01.png
[7.749s] -- Symlinking: /home/kaisar/warehouse_robot/robot/install/nav2/share/nav2//models/aws_robomaker_residential_KitchenCabinet_01/meshes/aws_KitchenCabinet_01_collision.DAE
[7.763s] -- Symlinking: /home/kaisar/warehouse_robot/robot/install/nav2/share/nav2//models/aws_robomaker_residential_KitchenCabinet_01/meshes/aws_KitchenCabinet_01_visual.DAE
[7.775s] -- Symlinking: /home/kaisar/warehouse_robot/robot/install/nav2/share/nav2//models/aws_robomaker_residential_KitchenCabinet_01/model.config
[7.787s] -- Symlinking: /home/kaisar/warehouse_robot/robot/install/nav2/share/nav2//models/aws_robomaker_residential_KitchenCabinet_01/model.sdf
[7.803s] -- Symlinking: /home/kaisar/warehouse_robot/robot/install/nav2/share/nav2//models/aws_robomaker_residential_KitchenTable_01/materials/textures/aws_KitchenTable_01.png
[7.819s] -- Symlinking: /home/kaisar/warehouse_robot/robot/install/nav2/share/nav2//models/aws_robomaker_residential_KitchenTable_01/meshes/aws_KitchenTable_01_collision.DAE
[7.836s] -- Symlinking: /home/kaisar/warehouse_robot/robot/install/nav2/share/nav2//models/aws_robomaker_residential_KitchenTable_01/meshes/aws_KitchenTable_01_visual.DAE
[7.851s] -- Symlinking: /home/kaisar/warehouse_robot/robot/install/nav2/share/nav2//models/aws_robomaker_residential_KitchenTable_01/model.config
[7.864s] -- Symlinking: /home/kaisar/warehouse_robot/robot/install/nav2/share/nav2//models/aws_robomaker_residential_KitchenTable_01/model.sdf
[7.876s] -- Symlinking: /home/kaisar/warehouse_robot/robot/install/nav2/share/nav2//models/aws_robomaker_residential_KitchenUtensils_01/materials/textures/aws_KitchenUtensils_01.png
[7.889s] -- Symlinking: /home/kaisar/warehouse_robot/robot/install/nav2/share/nav2//models/aws_robomaker_residential_KitchenUtensils_01/meshes/aws_KitchenUtensils_01_collision.DAE
[7.901s] -- Symlinking: /home/kaisar/warehouse_robot/robot/install/nav2/share/nav2//models/aws_robomaker_residential_KitchenUtensils_01/meshes/aws_KitchenUtensils_01_visual.DAE
[7.912s] -- Symlinking: /home/kaisar/warehouse_robot/robot/install/nav2/share/nav2//models/aws_robomaker_residential_KitchenUtensils_01/model.config
[7.925s] -- Symlinking: /home/kaisar/warehouse_robot/robot/install/nav2/share/nav2//models/aws_robomaker_residential_KitchenUtensils_01/model.sdf
[7.937s] -- Symlinking: /home/kaisar/warehouse_robot/robot/install/nav2/share/nav2//models/aws_robomaker_residential_LightC_01/materials/textures/aws_LightC_01.png
[7.948s] -- Symlinking: /home/kaisar/warehouse_robot/robot/install/nav2/share/nav2//models/aws_robomaker_residential_LightC_01/meshes/aws_LightC_01_collision.DAE
[7.960s] -- Symlinking: /home/kaisar/warehouse_robot/robot/install/nav2/share/nav2//models/aws_robomaker_residential_LightC_01/meshes/aws_LightC_01_visual.DAE
[7.972s] -- Symlinking: /home/kaisar/warehouse_robot/robot/install/nav2/share/nav2//models/aws_robomaker_residential_LightC_01/model.config
[7.983s] -- Symlinking: /home/kaisar/warehouse_robot/robot/install/nav2/share/nav2//models/aws_robomaker_residential_LightC_01/model.sdf
[7.995s] -- Symlinking: /home/kaisar/warehouse_robot/robot/install/nav2/share/nav2//models/aws_robomaker_residential_NightStand_01/materials/textures/aws_NightStand_01.png
[8.007s] -- Symlinking: /home/kaisar/warehouse_robot/robot/install/nav2/share/nav2//models/aws_robomaker_residential_NightStand_01/meshes/aws_NightStand_01_collision.DAE
[8.019s] -- Symlinking: /home/kaisar/warehouse_robot/robot/install/nav2/share/nav2//models/aws_robomaker_residential_NightStand_01/meshes/aws_NightStand_01_visual.DAE
[8.031s] -- Symlinking: /home/kaisar/warehouse_robot/robot/install/nav2/share/nav2//models/aws_robomaker_residential_NightStand_01/model.config
[8.043s] -- Symlinking: /home/kaisar/warehouse_robot/robot/install/nav2/share/nav2//models/aws_robomaker_residential_NightStand_01/model.sdf
[8.056s] -- Symlinking: /home/kaisar/warehouse_robot/robot/install/nav2/share/nav2//models/aws_robomaker_residential_Pillow_01/materials/textures/aws_Pillow_01.png
[8.068s] -- Symlinking: /home/kaisar/warehouse_robot/robot/install/nav2/share/nav2//models/aws_robomaker_residential_Pillow_01/meshes/aws_Pillow_01_collision.DAE
[8.080s] -- Symlinking: /home/kaisar/warehouse_robot/robot/install/nav2/share/nav2//models/aws_robomaker_residential_Pillow_01/meshes/aws_Pillow_01_visual.DAE
[8.092s] -- Symlinking: /home/kaisar/warehouse_robot/robot/install/nav2/share/nav2//models/aws_robomaker_residential_Pillow_01/model.config
[8.103s] -- Symlinking: /home/kaisar/warehouse_robot/robot/install/nav2/share/nav2//models/aws_robomaker_residential_Pillow_01/model.sdf
[8.117s] -- Symlinking: /home/kaisar/warehouse_robot/robot/install/nav2/share/nav2//models/aws_robomaker_residential_PortraitA_01/materials/textures/PortraitA_01.jpg
[8.134s] -- Symlinking: /home/kaisar/warehouse_robot/robot/install/nav2/share/nav2//models/aws_robomaker_residential_PortraitA_01/materials/textures/aws_PortraitA_01.png
[8.149s] -- Symlinking: /home/kaisar/warehouse_robot/robot/install/nav2/share/nav2//models/aws_robomaker_residential_PortraitA_01/materials/textures/aws_PortraitA_02.png
[8.166s] -- Symlinking: /home/kaisar/warehouse_robot/robot/install/nav2/share/nav2//models/aws_robomaker_residential_PortraitA_01/meshes/aws_PortraitA_01_collision.DAE
[8.178s] -- Symlinking: /home/kaisar/warehouse_robot/robot/install/nav2/share/nav2//models/aws_robomaker_residential_PortraitA_01/meshes/aws_PortraitA_01_visual.DAE
[8.190s] -- Symlinking: /home/kaisar/warehouse_robot/robot/install/nav2/share/nav2//models/aws_robomaker_residential_PortraitA_01/model.config
[8.202s] -- Symlinking: /home/kaisar/warehouse_robot/robot/install/nav2/share/nav2//models/aws_robomaker_residential_PortraitA_01/model.sdf
[8.214s] -- Symlinking: /home/kaisar/warehouse_robot/robot/install/nav2/share/nav2//models/aws_robomaker_residential_PortraitA_02/materials/textures/PortraitA_02.jpg
[8.225s] -- Symlinking: /home/kaisar/warehouse_robot/robot/install/nav2/share/nav2//models/aws_robomaker_residential_PortraitA_02/materials/textures/aws_PortraitA_01.png
[8.238s] -- Symlinking: /home/kaisar/warehouse_robot/robot/install/nav2/share/nav2//models/aws_robomaker_residential_PortraitA_02/materials/textures/aws_PortraitA_02.png
[8.250s] -- Symlinking: /home/kaisar/warehouse_robot/robot/install/nav2/share/nav2//models/aws_robomaker_residential_PortraitA_02/meshes/aws_PortraitA_01_collision.DAE
[8.261s] -- Symlinking: /home/kaisar/warehouse_robot/robot/install/nav2/share/nav2//models/aws_robomaker_residential_PortraitA_02/meshes/aws_PortraitA_01_visual.DAE
[8.272s] -- Symlinking: /home/kaisar/warehouse_robot/robot/install/nav2/share/nav2//models/aws_robomaker_residential_PortraitA_02/model.config
[8.284s] -- Symlinking: /home/kaisar/warehouse_robot/robot/install/nav2/share/nav2//models/aws_robomaker_residential_PortraitA_02/model.sdf
[8.295s] -- Symlinking: /home/kaisar/warehouse_robot/robot/install/nav2/share/nav2//models/aws_robomaker_residential_PortraitB_01/materials/textures/PortraitB_01.jpg
[8.307s] -- Symlinking: /home/kaisar/warehouse_robot/robot/install/nav2/share/nav2//models/aws_robomaker_residential_PortraitB_01/materials/textures/aws_PortraitB_01.png
[8.318s] -- Symlinking: /home/kaisar/warehouse_robot/robot/install/nav2/share/nav2//models/aws_robomaker_residential_PortraitB_01/materials/textures/aws_PortraitB_02.png
[8.330s] -- Symlinking: /home/kaisar/warehouse_robot/robot/install/nav2/share/nav2//models/aws_robomaker_residential_PortraitB_01/meshes/aws_PortraitB_01_collision.DAE
[8.343s] -- Symlinking: /home/kaisar/warehouse_robot/robot/install/nav2/share/nav2//models/aws_robomaker_residential_PortraitB_01/meshes/aws_PortraitB_01_visual.DAE
[8.354s] -- Symlinking: /home/kaisar/warehouse_robot/robot/install/nav2/share/nav2//models/aws_robomaker_residential_PortraitB_01/model.config
[8.365s] -- Symlinking: /home/kaisar/warehouse_robot/robot/install/nav2/share/nav2//models/aws_robomaker_residential_PortraitB_01/model.sdf
[8.377s] -- Symlinking: /home/kaisar/warehouse_robot/robot/install/nav2/share/nav2//models/aws_robomaker_residential_PortraitB_02/materials/textures/PortraitB_02.jpg
[8.388s] -- Symlinking: /home/kaisar/warehouse_robot/robot/install/nav2/share/nav2//models/aws_robomaker_residential_PortraitB_02/materials/textures/aws_PortraitB_01.png
[8.399s] -- Symlinking: /home/kaisar/warehouse_robot/robot/install/nav2/share/nav2//models/aws_robomaker_residential_PortraitB_02/materials/textures/aws_PortraitB_02.png
[8.410s] -- Symlinking: /home/kaisar/warehouse_robot/robot/install/nav2/share/nav2//models/aws_robomaker_residential_PortraitB_02/meshes/aws_PortraitB_01_collision.DAE
[8.421s] -- Symlinking: /home/kaisar/warehouse_robot/robot/install/nav2/share/nav2//models/aws_robomaker_residential_PortraitB_02/meshes/aws_PortraitB_01_visual.DAE
[8.432s] -- Symlinking: /home/kaisar/warehouse_robot/robot/install/nav2/share/nav2//models/aws_robomaker_residential_PortraitB_02/model.config
[8.443s] -- Symlinking: /home/kaisar/warehouse_robot/robot/install/nav2/share/nav2//models/aws_robomaker_residential_PortraitB_02/model.sdf
[8.454s] -- Symlinking: /home/kaisar/warehouse_robot/robot/install/nav2/share/nav2//models/aws_robomaker_residential_PortraitB_03/materials/textures/PortraitB_03.jpg
[8.473s] -- Symlinking: /home/kaisar/warehouse_robot/robot/install/nav2/share/nav2//models/aws_robomaker_residential_PortraitB_03/materials/textures/aws_PortraitB_01.png
[8.493s] -- Symlinking: /home/kaisar/warehouse_robot/robot/install/nav2/share/nav2//models/aws_robomaker_residential_PortraitB_03/materials/textures/aws_PortraitB_02.png
[8.554s] -- Symlinking: /home/kaisar/warehouse_robot/robot/install/nav2/share/nav2//models/aws_robomaker_residential_PortraitB_03/meshes/aws_PortraitB_01_collision.DAE
[8.592s] -- Symlinking: /home/kaisar/warehouse_robot/robot/install/nav2/share/nav2//models/aws_robomaker_residential_PortraitB_03/meshes/aws_PortraitB_01_visual.DAE
[8.636s] -- Symlinking: /home/kaisar/warehouse_robot/robot/install/nav2/share/nav2//models/aws_robomaker_residential_PortraitB_03/model.config
[8.677s] -- Symlinking: /home/kaisar/warehouse_robot/robot/install/nav2/share/nav2//models/aws_robomaker_residential_PortraitB_03/model.sdf
[8.735s] -- Symlinking: /home/kaisar/warehouse_robot/robot/install/nav2/share/nav2//models/aws_robomaker_residential_PortraitC_01/materials/textures/PortraitC_01.jpg
[8.773s] -- Symlinking: /home/kaisar/warehouse_robot/robot/install/nav2/share/nav2//models/aws_robomaker_residential_PortraitC_01/materials/textures/aws_PortraitC_01.png
[8.811s] -- Symlinking: /home/kaisar/warehouse_robot/robot/install/nav2/share/nav2//models/aws_robomaker_residential_PortraitC_01/materials/textures/aws_PortraitC_02.png
[8.849s] -- Symlinking: /home/kaisar/warehouse_robot/robot/install/nav2/share/nav2//models/aws_robomaker_residential_PortraitC_01/meshes/aws_PortraitC_01_collision.DAE
[8.894s] -- Symlinking: /home/kaisar/warehouse_robot/robot/install/nav2/share/nav2//models/aws_robomaker_residential_PortraitC_01/meshes/aws_PortraitC_01_visual.DAE
[8.922s] -- Symlinking: /home/kaisar/warehouse_robot/robot/install/nav2/share/nav2//models/aws_robomaker_residential_PortraitC_01/model.config
[8.975s] -- Symlinking: /home/kaisar/warehouse_robot/robot/install/nav2/share/nav2//models/aws_robomaker_residential_PortraitC_01/model.sdf
[9.016s] -- Symlinking: /home/kaisar/warehouse_robot/robot/install/nav2/share/nav2//models/aws_robomaker_residential_PortraitD_01/materials/textures/PortraitD_01.jpg
[9.050s] -- Symlinking: /home/kaisar/warehouse_robot/robot/install/nav2/share/nav2//models/aws_robomaker_residential_PortraitD_01/materials/textures/aws_PortraitD_01.png
[9.081s] -- Symlinking: /home/kaisar/warehouse_robot/robot/install/nav2/share/nav2//models/aws_robomaker_residential_PortraitD_01/materials/textures/aws_PortraitD_02.png
[9.119s] -- Symlinking: /home/kaisar/warehouse_robot/robot/install/nav2/share/nav2//models/aws_robomaker_residential_PortraitD_01/meshes/aws_PortraitD_01_collision.DAE
[9.158s] -- Symlinking: /home/kaisar/warehouse_robot/robot/install/nav2/share/nav2//models/aws_robomaker_residential_PortraitD_01/meshes/aws_PortraitD_01_visual.DAE
[9.197s] -- Symlinking: /home/kaisar/warehouse_robot/robot/install/nav2/share/nav2//models/aws_robomaker_residential_PortraitD_01/model.config
[9.238s] -- Symlinking: /home/kaisar/warehouse_robot/robot/install/nav2/share/nav2//models/aws_robomaker_residential_PortraitD_01/model.sdf
[9.281s] -- Symlinking: /home/kaisar/warehouse_robot/robot/install/nav2/share/nav2//models/aws_robomaker_residential_PortraitD_02/materials/textures/PortraitD_02.jpg
[9.322s] -- Symlinking: /home/kaisar/warehouse_robot/robot/install/nav2/share/nav2//models/aws_robomaker_residential_PortraitD_02/materials/textures/aws_PortraitD_01.png
[9.369s] -- Symlinking: /home/kaisar/warehouse_robot/robot/install/nav2/share/nav2//models/aws_robomaker_residential_PortraitD_02/materials/textures/aws_PortraitD_02.png
[9.413s] -- Symlinking: /home/kaisar/warehouse_robot/robot/install/nav2/share/nav2//models/aws_robomaker_residential_PortraitD_02/meshes/aws_PortraitD_01_collision.DAE
[9.458s] -- Symlinking: /home/kaisar/warehouse_robot/robot/install/nav2/share/nav2//models/aws_robomaker_residential_PortraitD_02/meshes/aws_PortraitD_01_visual.DAE
[9.495s] -- Symlinking: /home/kaisar/warehouse_robot/robot/install/nav2/share/nav2//models/aws_robomaker_residential_PortraitD_02/model.config
[9.529s] -- Symlinking: /home/kaisar/warehouse_robot/robot/install/nav2/share/nav2//models/aws_robomaker_residential_PortraitD_02/model.sdf
[9.571s] -- Symlinking: /home/kaisar/warehouse_robot/robot/install/nav2/share/nav2//models/aws_robomaker_residential_PortraitE_01/materials/textures/PortraitE_01.jpg
[9.612s] -- Symlinking: /home/kaisar/warehouse_robot/robot/install/nav2/share/nav2//models/aws_robomaker_residential_PortraitE_01/materials/textures/aws_PortraitE_01.png
[9.652s] -- Symlinking: /home/kaisar/warehouse_robot/robot/install/nav2/share/nav2//models/aws_robomaker_residential_PortraitE_01/materials/textures/aws_PortraitE_02.png
[9.689s] -- Symlinking: /home/kaisar/warehouse_robot/robot/install/nav2/share/nav2//models/aws_robomaker_residential_PortraitE_01/meshes/aws_PortraitE_01_collision.DAE
[9.729s] -- Symlinking: /home/kaisar/warehouse_robot/robot/install/nav2/share/nav2//models/aws_robomaker_residential_PortraitE_01/meshes/aws_PortraitE_01_visual.DAE
[9.768s] -- Symlinking: /home/kaisar/warehouse_robot/robot/install/nav2/share/nav2//models/aws_robomaker_residential_PortraitE_01/model.config
[9.812s] -- Symlinking: /home/kaisar/warehouse_robot/robot/install/nav2/share/nav2//models/aws_robomaker_residential_PortraitE_01/model.sdf
[9.852s] -- Symlinking: /home/kaisar/warehouse_robot/robot/install/nav2/share/nav2//models/aws_robomaker_residential_PortraitE_02/materials/textures/PortraitE_02.jpg
[9.894s] -- Symlinking: /home/kaisar/warehouse_robot/robot/install/nav2/share/nav2//models/aws_robomaker_residential_PortraitE_02/materials/textures/aws_PortraitE_01.png
[9.929s] -- Symlinking: /home/kaisar/warehouse_robot/robot/install/nav2/share/nav2//models/aws_robomaker_residential_PortraitE_02/materials/textures/aws_PortraitE_02.png
[9.969s] -- Symlinking: /home/kaisar/warehouse_robot/robot/install/nav2/share/nav2//models/aws_robomaker_residential_PortraitE_02/meshes/aws_PortraitE_01_collision.DAE
[10.010s] -- Symlinking: /home/kaisar/warehouse_robot/robot/install/nav2/share/nav2//models/aws_robomaker_residential_PortraitE_02/meshes/aws_PortraitE_01_visual.DAE
[10.069s] -- Symlinking: /home/kaisar/warehouse_robot/robot/install/nav2/share/nav2//models/aws_robomaker_residential_PortraitE_02/model.config
[10.113s] -- Symlinking: /home/kaisar/warehouse_robot/robot/install/nav2/share/nav2//models/aws_robomaker_residential_PortraitE_02/model.sdf
[10.158s] -- Symlinking: /home/kaisar/warehouse_robot/robot/install/nav2/share/nav2//models/aws_robomaker_residential_Quilt_01/materials/textures/aws_Quilt_01.png
[10.201s] -- Symlinking: /home/kaisar/warehouse_robot/robot/install/nav2/share/nav2//models/aws_robomaker_residential_Quilt_01/meshes/aws_Quilt_01_collision.DAE
[10.242s] -- Symlinking: /home/kaisar/warehouse_robot/robot/install/nav2/share/nav2//models/aws_robomaker_residential_Quilt_01/meshes/aws_Quilt_01_visual.DAE
[10.262s] -- Symlinking: /home/kaisar/warehouse_robot/robot/install/nav2/share/nav2//models/aws_robomaker_residential_Quilt_01/model.config
[10.279s] -- Symlinking: /home/kaisar/warehouse_robot/robot/install/nav2/share/nav2//models/aws_robomaker_residential_Quilt_01/model.sdf
[10.306s] -- Symlinking: /home/kaisar/warehouse_robot/robot/install/nav2/share/nav2//models/aws_robomaker_residential_Rangehood_01/materials/textures/aws_Rangehood_01.png
[10.336s] -- Symlinking: /home/kaisar/warehouse_robot/robot/install/nav2/share/nav2//models/aws_robomaker_residential_Rangehood_01/meshes/aws_Rangehood_01_collision.DAE
[10.354s] -- Symlinking: /home/kaisar/warehouse_robot/robot/install/nav2/share/nav2//models/aws_robomaker_residential_Rangehood_01/meshes/aws_Rangehood_01_visual.DAE
[10.393s] -- Symlinking: /home/kaisar/warehouse_robot/robot/install/nav2/share/nav2//models/aws_robomaker_residential_Rangehood_01/model.config
[10.434s] -- Symlinking: /home/kaisar/warehouse_robot/robot/install/nav2/share/nav2//models/aws_robomaker_residential_Rangehood_01/model.sdf
[10.492s] -- Symlinking: /home/kaisar/warehouse_robot/robot/install/nav2/share/nav2//models/aws_robomaker_residential_ReadingDesk_01/materials/textures/aws_ReadingDesk_01.png
[10.516s] -- Symlinking: /home/kaisar/warehouse_robot/robot/install/nav2/share/nav2//models/aws_robomaker_residential_ReadingDesk_01/meshes/aws_ReadingDesk_01_collision.DAE
[10.547s] -- Symlinking: /home/kaisar/warehouse_robot/robot/install/nav2/share/nav2//models/aws_robomaker_residential_ReadingDesk_01/meshes/aws_ReadingDesk_01_visual.DAE
[10.571s] -- Symlinking: /home/kaisar/warehouse_robot/robot/install/nav2/share/nav2//models/aws_robomaker_residential_ReadingDesk_01/model.config
[10.602s] -- Symlinking: /home/kaisar/warehouse_robot/robot/install/nav2/share/nav2//models/aws_robomaker_residential_ReadingDesk_01/model.sdf
[10.621s] -- Symlinking: /home/kaisar/warehouse_robot/robot/install/nav2/share/nav2//models/aws_robomaker_residential_Refrigerator_01/materials/textures/aws_Refrigerator_01.png
[10.647s] -- Symlinking: /home/kaisar/warehouse_robot/robot/install/nav2/share/nav2//models/aws_robomaker_residential_Refrigerator_01/materials/textures/aws_Refrigerator_02.png
[10.685s] -- Symlinking: /home/kaisar/warehouse_robot/robot/install/nav2/share/nav2//models/aws_robomaker_residential_Refrigerator_01/meshes/aws_Refrigerator_01.DAE
[10.751s] -- Symlinking: /home/kaisar/warehouse_robot/robot/install/nav2/share/nav2//models/aws_robomaker_residential_Refrigerator_01/meshes/aws_Refrigerator_01_collision.DAE
[10.788s] -- Symlinking: /home/kaisar/warehouse_robot/robot/install/nav2/share/nav2//models/aws_robomaker_residential_Refrigerator_01/meshes/aws_Refrigerator_01_visual.DAE
[10.827s] -- Symlinking: /home/kaisar/warehouse_robot/robot/install/nav2/share/nav2//models/aws_robomaker_residential_Refrigerator_01/model.config
[10.850s] -- Symlinking: /home/kaisar/warehouse_robot/robot/install/nav2/share/nav2//models/aws_robomaker_residential_Refrigerator_01/model.sdf
[10.896s] -- Symlinking: /home/kaisar/warehouse_robot/robot/install/nav2/share/nav2//models/aws_robomaker_residential_RoomCeiling_01/materials/textures/aws_RoomCeiling_01.png
[10.938s] -- Symlinking: /home/kaisar/warehouse_robot/robot/install/nav2/share/nav2//models/aws_robomaker_residential_RoomCeiling_01/meshes/aws_RoomCeiling_01_collision.DAE
[10.975s] -- Symlinking: /home/kaisar/warehouse_robot/robot/install/nav2/share/nav2//models/aws_robomaker_residential_RoomCeiling_01/meshes/aws_RoomCeiling_01_visual.DAE
[11.003s] -- Symlinking: /home/kaisar/warehouse_robot/robot/install/nav2/share/nav2//models/aws_robomaker_residential_RoomCeiling_01/model.config
[11.029s] -- Symlinking: /home/kaisar/warehouse_robot/robot/install/nav2/share/nav2//models/aws_robomaker_residential_RoomCeiling_01/model.sdf
[11.050s] -- Symlinking: /home/kaisar/warehouse_robot/robot/install/nav2/share/nav2//models/aws_robomaker_residential_RoomWall_01/materials/textures/aws_RoomWall_01.png
[11.082s] -- Symlinking: /home/kaisar/warehouse_robot/robot/install/nav2/share/nav2//models/aws_robomaker_residential_RoomWall_01/meshes/aws_RoomWall_01_collision.DAE
[11.100s] -- Symlinking: /home/kaisar/warehouse_robot/robot/install/nav2/share/nav2//models/aws_robomaker_residential_RoomWall_01/meshes/aws_RoomWall_01_visual.DAE
[11.147s] -- Symlinking: /home/kaisar/warehouse_robot/robot/install/nav2/share/nav2//models/aws_robomaker_residential_RoomWall_01/model.config
[11.177s] -- Symlinking: /home/kaisar/warehouse_robot/robot/install/nav2/share/nav2//models/aws_robomaker_residential_RoomWall_01/model.sdf
[11.227s] -- Symlinking: /home/kaisar/warehouse_robot/robot/install/nav2/share/nav2//models/aws_robomaker_residential_RoomWindow_01/materials/textures/aws_RoomWindow_01.png
[11.269s] -- Symlinking: /home/kaisar/warehouse_robot/robot/install/nav2/share/nav2//models/aws_robomaker_residential_RoomWindow_01/meshes/aws_RoomWindow_01_collision.DAE
[11.306s] -- Symlinking: /home/kaisar/warehouse_robot/robot/install/nav2/share/nav2//models/aws_robomaker_residential_RoomWindow_01/meshes/aws_RoomWindow_01_visual.DAE
[11.325s] -- Symlinking: /home/kaisar/warehouse_robot/robot/install/nav2/share/nav2//models/aws_robomaker_residential_RoomWindow_01/model.config
[11.346s] -- Symlinking: /home/kaisar/warehouse_robot/robot/install/nav2/share/nav2//models/aws_robomaker_residential_RoomWindow_01/model.sdf
[11.376s] -- Symlinking: /home/kaisar/warehouse_robot/robot/install/nav2/share/nav2//models/aws_robomaker_residential_SeasoningBox_01/materials/textures/aws_SeasoningBox_01.png
[11.396s] -- Symlinking: /home/kaisar/warehouse_robot/robot/install/nav2/share/nav2//models/aws_robomaker_residential_SeasoningBox_01/meshes/aws_SeasoningBox_01_collision.DAE
[11.420s] -- Symlinking: /home/kaisar/warehouse_robot/robot/install/nav2/share/nav2//models/aws_robomaker_residential_SeasoningBox_01/meshes/aws_SeasoningBox_01_visual.DAE
[11.453s] -- Symlinking: /home/kaisar/warehouse_robot/robot/install/nav2/share/nav2//models/aws_robomaker_residential_SeasoningBox_01/model.config
[11.470s] -- Symlinking: /home/kaisar/warehouse_robot/robot/install/nav2/share/nav2//models/aws_robomaker_residential_SeasoningBox_01/model.sdf
[11.488s] -- Symlinking: /home/kaisar/warehouse_robot/robot/install/nav2/share/nav2//models/aws_robomaker_residential_SecurityCamera_01/materials/textures/aws_SecurityCamera_01.png
[11.519s] -- Symlinking: /home/kaisar/warehouse_robot/robot/install/nav2/share/nav2//models/aws_robomaker_residential_SecurityCamera_01/meshes/aws_SecurityCamera_01_collision.DAE
[11.558s] -- Symlinking: /home/kaisar/warehouse_robot/robot/install/nav2/share/nav2//models/aws_robomaker_residential_SecurityCamera_01/meshes/aws_SecurityCamera_01_visual.DAE
[11.576s] -- Symlinking: /home/kaisar/warehouse_robot/robot/install/nav2/share/nav2//models/aws_robomaker_residential_SecurityCamera_01/model.config
[11.595s] -- Symlinking: /home/kaisar/warehouse_robot/robot/install/nav2/share/nav2//models/aws_robomaker_residential_SecurityCamera_01/model.sdf
[11.625s] -- Symlinking: /home/kaisar/warehouse_robot/robot/install/nav2/share/nav2//models/aws_robomaker_residential_ShoeRack_01/materials/textures/aws_ShoeRack_01.png
[11.651s] -- Symlinking: /home/kaisar/warehouse_robot/robot/install/nav2/share/nav2//models/aws_robomaker_residential_ShoeRack_01/meshes/aws_ShoeRack_01_collision.DAE
[11.669s] -- Symlinking: /home/kaisar/warehouse_robot/robot/install/nav2/share/nav2//models/aws_robomaker_residential_ShoeRack_01/meshes/aws_ShoeRack_01_visual.DAE
[11.687s] -- Symlinking: /home/kaisar/warehouse_robot/robot/install/nav2/share/nav2//models/aws_robomaker_residential_ShoeRack_01/model.config
[11.707s] -- Symlinking: /home/kaisar/warehouse_robot/robot/install/nav2/share/nav2//models/aws_robomaker_residential_ShoeRack_01/model.sdf
[11.726s] -- Symlinking: /home/kaisar/warehouse_robot/robot/install/nav2/share/nav2//models/aws_robomaker_residential_SofaB_01/materials/textures/aws_SofaB_01.png
[11.761s] -- Symlinking: /home/kaisar/warehouse_robot/robot/install/nav2/share/nav2//models/aws_robomaker_residential_SofaB_01/meshes/aws_SofaB_01_collision.DAE
[11.784s] -- Symlinking: /home/kaisar/warehouse_robot/robot/install/nav2/share/nav2//models/aws_robomaker_residential_SofaB_01/meshes/aws_SofaB_01_visual.DAE
[11.823s] -- Symlinking: /home/kaisar/warehouse_robot/robot/install/nav2/share/nav2//models/aws_robomaker_residential_SofaB_01/model.config
[11.862s] -- Symlinking: /home/kaisar/warehouse_robot/robot/install/nav2/share/nav2//models/aws_robomaker_residential_SofaB_01/model.sdf
[11.882s] -- Symlinking: /home/kaisar/warehouse_robot/robot/install/nav2/share/nav2//models/aws_robomaker_residential_SofaC_01/materials/textures/aws_SofaC_01.png
[11.902s] -- Symlinking: /home/kaisar/warehouse_robot/robot/install/nav2/share/nav2//models/aws_robomaker_residential_SofaC_01/meshes/aws_SofaC_01_collision.DAE
[11.921s] -- Symlinking: /home/kaisar/warehouse_robot/robot/install/nav2/share/nav2//models/aws_robomaker_residential_SofaC_01/meshes/aws_SofaC_01_visual.DAE
[11.943s] -- Symlinking: /home/kaisar/warehouse_robot/robot/install/nav2/share/nav2//models/aws_robomaker_residential_SofaC_01/model.config
[11.960s] -- Symlinking: /home/kaisar/warehouse_robot/robot/install/nav2/share/nav2//models/aws_robomaker_residential_SofaC_01/model.sdf
[11.998s] -- Symlinking: /home/kaisar/warehouse_robot/robot/install/nav2/share/nav2//models/aws_robomaker_residential_Sofa_01/materials/textures/aws_Sofa_01.png
[12.041s] -- Symlinking: /home/kaisar/warehouse_robot/robot/install/nav2/share/nav2//models/aws_robomaker_residential_Sofa_01/meshes/aws_Sofa_01.DAE
[12.082s] -- Symlinking: /home/kaisar/warehouse_robot/robot/install/nav2/share/nav2//models/aws_robomaker_residential_Sofa_01/meshes/aws_Sofa_01_collision.DAE
[12.129s] -- Symlinking: /home/kaisar/warehouse_robot/robot/install/nav2/share/nav2//models/aws_robomaker_residential_Sofa_01/meshes/aws_Sofa_01_visual.DAE
[12.150s] -- Symlinking: /home/kaisar/warehouse_robot/robot/install/nav2/share/nav2//models/aws_robomaker_residential_Sofa_01/model.config
[12.206s] -- Symlinking: /home/kaisar/warehouse_robot/robot/install/nav2/share/nav2//models/aws_robomaker_residential_Sofa_01/model.sdf
[12.247s] -- Symlinking: /home/kaisar/warehouse_robot/robot/install/nav2/share/nav2//models/aws_robomaker_residential_TVCabinet_01/materials/textures/aws_TVCabinet_01.png
[12.289s] -- Symlinking: /home/kaisar/warehouse_robot/robot/install/nav2/share/nav2//models/aws_robomaker_residential_TVCabinet_01/meshes/aws_TVCabinet_01_collision.DAE
[12.314s] -- Symlinking: /home/kaisar/warehouse_robot/robot/install/nav2/share/nav2//models/aws_robomaker_residential_TVCabinet_01/meshes/aws_TVCabinet_01_visual.DAE
[12.335s] -- Symlinking: /home/kaisar/warehouse_robot/robot/install/nav2/share/nav2//models/aws_robomaker_residential_TVCabinet_01/model.config
[12.356s] -- Symlinking: /home/kaisar/warehouse_robot/robot/install/nav2/share/nav2//models/aws_robomaker_residential_TVCabinet_01/model.sdf
[12.399s] -- Symlinking: /home/kaisar/warehouse_robot/robot/install/nav2/share/nav2//models/aws_robomaker_residential_TV_01/materials/textures/aws_TV_01.png
[12.445s] -- Symlinking: /home/kaisar/warehouse_robot/robot/install/nav2/share/nav2//models/aws_robomaker_residential_TV_01/meshes/aws_TV_01_collision.DAE
[12.472s] -- Symlinking: /home/kaisar/warehouse_robot/robot/install/nav2/share/nav2//models/aws_robomaker_residential_TV_01/meshes/aws_TV_01_visual.DAE
[12.498s] -- Symlinking: /home/kaisar/warehouse_robot/robot/install/nav2/share/nav2//models/aws_robomaker_residential_TV_01/model.config
[12.521s] -- Symlinking: /home/kaisar/warehouse_robot/robot/install/nav2/share/nav2//models/aws_robomaker_residential_TV_01/model.sdf
[12.543s] -- Symlinking: /home/kaisar/warehouse_robot/robot/install/nav2/share/nav2//models/aws_robomaker_residential_TV_02/materials/textures/aws_TV_01.png
[12.572s] -- Symlinking: /home/kaisar/warehouse_robot/robot/install/nav2/share/nav2//models/aws_robomaker_residential_TV_02/meshes/aws_TV_01_collision.DAE
[12.591s] -- Symlinking: /home/kaisar/warehouse_robot/robot/install/nav2/share/nav2//models/aws_robomaker_residential_TV_02/meshes/aws_TV_01_visual.DAE
[12.611s] -- Symlinking: /home/kaisar/warehouse_robot/robot/install/nav2/share/nav2//models/aws_robomaker_residential_TV_02/model.config
[12.630s] -- Symlinking: /home/kaisar/warehouse_robot/robot/install/nav2/share/nav2//models/aws_robomaker_residential_TV_02/model.sdf
[12.648s] -- Symlinking: /home/kaisar/warehouse_robot/robot/install/nav2/share/nav2//models/aws_robomaker_residential_Tablet_01/.DS_Store
[12.663s] -- Symlinking: /home/kaisar/warehouse_robot/robot/install/nav2/share/nav2//models/aws_robomaker_residential_Tablet_01/materials/.DS_Store
[12.676s] -- Symlinking: /home/kaisar/warehouse_robot/robot/install/nav2/share/nav2//models/aws_robomaker_residential_Tablet_01/materials/textures/aws_Tablet_01_nologo.png
[12.688s] -- Symlinking: /home/kaisar/warehouse_robot/robot/install/nav2/share/nav2//models/aws_robomaker_residential_Tablet_01/meshes/aws_Tablet_01_collision.DAE
[12.701s] -- Symlinking: /home/kaisar/warehouse_robot/robot/install/nav2/share/nav2//models/aws_robomaker_residential_Tablet_01/meshes/aws_Tablet_01_visual.DAE
[12.714s] -- Symlinking: /home/kaisar/warehouse_robot/robot/install/nav2/share/nav2//models/aws_robomaker_residential_Tablet_01/model.config
[12.726s] -- Symlinking: /home/kaisar/warehouse_robot/robot/install/nav2/share/nav2//models/aws_robomaker_residential_Tablet_01/model.sdf
[12.739s] -- Symlinking: /home/kaisar/warehouse_robot/robot/install/nav2/share/nav2//models/aws_robomaker_residential_Tableware_01/materials/textures/aws_Tableware_01.png
[12.751s] -- Symlinking: /home/kaisar/warehouse_robot/robot/install/nav2/share/nav2//models/aws_robomaker_residential_Tableware_01/meshes/aws_Tableware_01_collision.DAE
[12.764s] -- Symlinking: /home/kaisar/warehouse_robot/robot/install/nav2/share/nav2//models/aws_robomaker_residential_Tableware_01/meshes/aws_Tableware_01_visual.DAE
[12.777s] -- Symlinking: /home/kaisar/warehouse_robot/robot/install/nav2/share/nav2//models/aws_robomaker_residential_Tableware_01/model.config
[12.790s] -- Symlinking: /home/kaisar/warehouse_robot/robot/install/nav2/share/nav2//models/aws_robomaker_residential_Tableware_01/model.sdf
[12.803s] -- Symlinking: /home/kaisar/warehouse_robot/robot/install/nav2/share/nav2//models/aws_robomaker_residential_Trash_01/materials/textures/aws_Trash_01.png
[12.817s] -- Symlinking: /home/kaisar/warehouse_robot/robot/install/nav2/share/nav2//models/aws_robomaker_residential_Trash_01/meshes/aws_Trash_01_collision.DAE
[12.830s] -- Symlinking: /home/kaisar/warehouse_robot/robot/install/nav2/share/nav2//models/aws_robomaker_residential_Trash_01/meshes/aws_Trash_01_visual.DAE
[12.844s] -- Symlinking: /home/kaisar/warehouse_robot/robot/install/nav2/share/nav2//models/aws_robomaker_residential_Trash_01/model.config
[12.857s] -- Symlinking: /home/kaisar/warehouse_robot/robot/install/nav2/share/nav2//models/aws_robomaker_residential_Trash_01/model.sdf
[12.869s] -- Symlinking: /home/kaisar/warehouse_robot/robot/install/nav2/share/nav2//models/aws_robomaker_residential_Vase_01/materials/textures/aws_Vase_01.png
[12.881s] -- Symlinking: /home/kaisar/warehouse_robot/robot/install/nav2/share/nav2//models/aws_robomaker_residential_Vase_01/meshes/aws_Vase_01_collision.DAE
[12.891s] -- Symlinking: /home/kaisar/warehouse_robot/robot/install/nav2/share/nav2//models/aws_robomaker_residential_Vase_01/meshes/aws_Vase_01_visual.DAE
[12.903s] -- Symlinking: /home/kaisar/warehouse_robot/robot/install/nav2/share/nav2//models/aws_robomaker_residential_Vase_01/model.config
[12.914s] -- Symlinking: /home/kaisar/warehouse_robot/robot/install/nav2/share/nav2//models/aws_robomaker_residential_Vase_01/model.sdf
[12.925s] -- Symlinking: /home/kaisar/warehouse_robot/robot/install/nav2/share/nav2//models/aws_robomaker_residential_Wardrobe_01/materials/textures/aws_Wardrobe_01.png
[12.936s] -- Symlinking: /home/kaisar/warehouse_robot/robot/install/nav2/share/nav2//models/aws_robomaker_residential_Wardrobe_01/meshes/aws_Wardrobe_01_collision.DAE
[12.948s] -- Symlinking: /home/kaisar/warehouse_robot/robot/install/nav2/share/nav2//models/aws_robomaker_residential_Wardrobe_01/meshes/aws_Wardrobe_01_visual.DAE
[12.959s] -- Symlinking: /home/kaisar/warehouse_robot/robot/install/nav2/share/nav2//models/aws_robomaker_residential_Wardrobe_01/model.config
[12.970s] -- Symlinking: /home/kaisar/warehouse_robot/robot/install/nav2/share/nav2//models/aws_robomaker_residential_Wardrobe_01/model.sdf
[12.982s] -- Symlinking: /home/kaisar/warehouse_robot/robot/install/nav2/share/nav2//models/aws_robomaker_warehouse_Bucket_01/.DS_Store
[12.994s] -- Symlinking: /home/kaisar/warehouse_robot/robot/install/nav2/share/nav2//models/aws_robomaker_warehouse_Bucket_01/materials/.DS_Store
[13.005s] -- Symlinking: /home/kaisar/warehouse_robot/robot/install/nav2/share/nav2//models/aws_robomaker_warehouse_Bucket_01/materials/textures/aws_robomaker_warehouse_Bucket_01.png
[13.017s] -- Symlinking: /home/kaisar/warehouse_robot/robot/install/nav2/share/nav2//models/aws_robomaker_warehouse_Bucket_01/meshes/aws_robomaker_warehouse_Bucket_01_collision.DAE
[13.028s] -- Symlinking: /home/kaisar/warehouse_robot/robot/install/nav2/share/nav2//models/aws_robomaker_warehouse_Bucket_01/meshes/aws_robomaker_warehouse_Bucket_01_visual.DAE
[13.041s] -- Symlinking: /home/kaisar/warehouse_robot/robot/install/nav2/share/nav2//models/aws_robomaker_warehouse_Bucket_01/model.config
[13.053s] -- Symlinking: /home/kaisar/warehouse_robot/robot/install/nav2/share/nav2//models/aws_robomaker_warehouse_Bucket_01/model.sdf
[13.064s] -- Symlinking: /home/kaisar/warehouse_robot/robot/install/nav2/share/nav2//models/aws_robomaker_warehouse_ClutteringA_01/.DS_Store
[13.075s] -- Symlinking: /home/kaisar/warehouse_robot/robot/install/nav2/share/nav2//models/aws_robomaker_warehouse_ClutteringA_01/materials/.DS_Store
[13.086s] -- Symlinking: /home/kaisar/warehouse_robot/robot/install/nav2/share/nav2//models/aws_robomaker_warehouse_ClutteringA_01/materials/textures/.DS_Store
[13.098s] -- Symlinking: /home/kaisar/warehouse_robot/robot/install/nav2/share/nav2//models/aws_robomaker_warehouse_ClutteringA_01/materials/textures/aws_robomaker_warehouse_ClutteringA_01.png
[13.109s] -- Symlinking: /home/kaisar/warehouse_robot/robot/install/nav2/share/nav2//models/aws_robomaker_warehouse_ClutteringA_01/materials/textures/aws_robomaker_warehouse_ClutteringA_02.png
[13.121s] -- Symlinking: /home/kaisar/warehouse_robot/robot/install/nav2/share/nav2//models/aws_robomaker_warehouse_ClutteringA_01/materials/textures/aws_robomaker_warehouse_ClutteringA_03.png
[13.132s] -- Symlinking: /home/kaisar/warehouse_robot/robot/install/nav2/share/nav2//models/aws_robomaker_warehouse_ClutteringA_01/meshes/aws_robomaker_warehouse_ClutteringA_01_collision.DAE
[13.144s] -- Symlinking: /home/kaisar/warehouse_robot/robot/install/nav2/share/nav2//models/aws_robomaker_warehouse_ClutteringA_01/meshes/aws_robomaker_warehouse_ClutteringA_01_visual.DAE
[13.156s] -- Symlinking: /home/kaisar/warehouse_robot/robot/install/nav2/share/nav2//models/aws_robomaker_warehouse_ClutteringA_01/model.config
[13.167s] -- Symlinking: /home/kaisar/warehouse_robot/robot/install/nav2/share/nav2//models/aws_robomaker_warehouse_ClutteringA_01/model.sdf
[13.179s] -- Symlinking: /home/kaisar/warehouse_robot/robot/install/nav2/share/nav2//models/aws_robomaker_warehouse_ClutteringC_01/materials/textures/aws_robomaker_warehouse_ClutteringC_01.png
[13.190s] -- Symlinking: /home/kaisar/warehouse_robot/robot/install/nav2/share/nav2//models/aws_robomaker_warehouse_ClutteringC_01/materials/textures/aws_robomaker_warehouse_ClutteringC_02.png
[13.202s] -- Symlinking: /home/kaisar/warehouse_robot/robot/install/nav2/share/nav2//models/aws_robomaker_warehouse_ClutteringC_01/meshes/aws_robomaker_warehouse_ClutteringC_01_collision.DAE
[13.214s] -- Symlinking: /home/kaisar/warehouse_robot/robot/install/nav2/share/nav2//models/aws_robomaker_warehouse_ClutteringC_01/meshes/aws_robomaker_warehouse_ClutteringC_01_visual.DAE
[13.225s] -- Symlinking: /home/kaisar/warehouse_robot/robot/install/nav2/share/nav2//models/aws_robomaker_warehouse_ClutteringC_01/model.config
[13.238s] -- Symlinking: /home/kaisar/warehouse_robot/robot/install/nav2/share/nav2//models/aws_robomaker_warehouse_ClutteringC_01/model.sdf
[13.249s] -- Symlinking: /home/kaisar/warehouse_robot/robot/install/nav2/share/nav2//models/aws_robomaker_warehouse_ClutteringD_01/materials/textures/aws_robomaker_warehouse_ClutteringD_01.png
[13.261s] -- Symlinking: /home/kaisar/warehouse_robot/robot/install/nav2/share/nav2//models/aws_robomaker_warehouse_ClutteringD_01/materials/textures/aws_robomaker_warehouse_ClutteringD_02.png
[13.272s] -- Symlinking: /home/kaisar/warehouse_robot/robot/install/nav2/share/nav2//models/aws_robomaker_warehouse_ClutteringD_01/meshes/aws_robomaker_warehouse_ClutteringD_01_collision.DAE
[13.284s] -- Symlinking: /home/kaisar/warehouse_robot/robot/install/nav2/share/nav2//models/aws_robomaker_warehouse_ClutteringD_01/meshes/aws_robomaker_warehouse_ClutteringD_01_visual.DAE
[13.296s] -- Symlinking: /home/kaisar/warehouse_robot/robot/install/nav2/share/nav2//models/aws_robomaker_warehouse_ClutteringD_01/model.config
[13.307s] -- Symlinking: /home/kaisar/warehouse_robot/robot/install/nav2/share/nav2//models/aws_robomaker_warehouse_ClutteringD_01/model.sdf
[13.319s] -- Symlinking: /home/kaisar/warehouse_robot/robot/install/nav2/share/nav2//models/aws_robomaker_warehouse_DeskC_01/materials/.DS_Store
[13.330s] -- Symlinking: /home/kaisar/warehouse_robot/robot/install/nav2/share/nav2//models/aws_robomaker_warehouse_DeskC_01/materials/textures/aws_robomaker_warehouse_DeskC_01.png
[13.343s] -- Symlinking: /home/kaisar/warehouse_robot/robot/install/nav2/share/nav2//models/aws_robomaker_warehouse_DeskC_01/materials/textures/aws_robomaker_warehouse_DeskC_02.png
[13.354s] -- Symlinking: /home/kaisar/warehouse_robot/robot/install/nav2/share/nav2//models/aws_robomaker_warehouse_DeskC_01/materials/textures/aws_robomaker_warehouse_DeskC_03.png
[13.365s] -- Symlinking: /home/kaisar/warehouse_robot/robot/install/nav2/share/nav2//models/aws_robomaker_warehouse_DeskC_01/materials/textures/aws_robomaker_warehouse_DeskC_03.psd
[13.377s] -- Symlinking: /home/kaisar/warehouse_robot/robot/install/nav2/share/nav2//models/aws_robomaker_warehouse_DeskC_01/materials/textures/aws_robomaker_warehouse_DeskC_04.png
[13.388s] -- Symlinking: /home/kaisar/warehouse_robot/robot/install/nav2/share/nav2//models/aws_robomaker_warehouse_DeskC_01/meshes/aws_robomaker_warehouse_DeskC_01_collision.DAE
[13.399s] -- Symlinking: /home/kaisar/warehouse_robot/robot/install/nav2/share/nav2//models/aws_robomaker_warehouse_DeskC_01/meshes/aws_robomaker_warehouse_DeskC_01_visual.DAE
[13.410s] -- Symlinking: /home/kaisar/warehouse_robot/robot/install/nav2/share/nav2//models/aws_robomaker_warehouse_DeskC_01/model.config
[13.422s] -- Symlinking: /home/kaisar/warehouse_robot/robot/install/nav2/share/nav2//models/aws_robomaker_warehouse_DeskC_01/model.sdf
[13.433s] -- Symlinking: /home/kaisar/warehouse_robot/robot/install/nav2/share/nav2//models/aws_robomaker_warehouse_GroundB_01/materials/textures/aws_robomaker_warehouse_GroundB_01.png
[13.446s] -- Symlinking: /home/kaisar/warehouse_robot/robot/install/nav2/share/nav2//models/aws_robomaker_warehouse_GroundB_01/materials/textures/aws_robomaker_warehouse_GroundB_02.png
[13.457s] -- Symlinking: /home/kaisar/warehouse_robot/robot/install/nav2/share/nav2//models/aws_robomaker_warehouse_GroundB_01/meshes/aws_robomaker_warehouse_GroundB_01_collision.DAE
[13.468s] -- Symlinking: /home/kaisar/warehouse_robot/robot/install/nav2/share/nav2//models/aws_robomaker_warehouse_GroundB_01/meshes/aws_robomaker_warehouse_GroundB_01_visual.DAE
[13.479s] -- Symlinking: /home/kaisar/warehouse_robot/robot/install/nav2/share/nav2//models/aws_robomaker_warehouse_GroundB_01/model.config
[13.490s] -- Symlinking: /home/kaisar/warehouse_robot/robot/install/nav2/share/nav2//models/aws_robomaker_warehouse_GroundB_01/model.sdf
[13.502s] -- Symlinking: /home/kaisar/warehouse_robot/robot/install/nav2/share/nav2//models/aws_robomaker_warehouse_Lamp_01/materials/textures/aws_robomaker_warehouse_Lamp_01.png
[13.513s] -- Symlinking: /home/kaisar/warehouse_robot/robot/install/nav2/share/nav2//models/aws_robomaker_warehouse_Lamp_01/meshes/aws_robomaker_warehouse_Lamp_01_collision.DAE
[13.524s] -- Symlinking: /home/kaisar/warehouse_robot/robot/install/nav2/share/nav2//models/aws_robomaker_warehouse_Lamp_01/meshes/aws_robomaker_warehouse_Lamp_01_visual.DAE
[13.536s] -- Symlinking: /home/kaisar/warehouse_robot/robot/install/nav2/share/nav2//models/aws_robomaker_warehouse_Lamp_01/model.config
[13.548s] -- Symlinking: /home/kaisar/warehouse_robot/robot/install/nav2/share/nav2//models/aws_robomaker_warehouse_Lamp_01/model.sdf
[13.559s] -- Symlinking: /home/kaisar/warehouse_robot/robot/install/nav2/share/nav2//models/aws_robomaker_warehouse_PalletJackB_01/.DS_Store
[13.570s] -- Symlinking: /home/kaisar/warehouse_robot/robot/install/nav2/share/nav2//models/aws_robomaker_warehouse_PalletJackB_01/materials/.DS_Store
[13.582s] -- Symlinking: /home/kaisar/warehouse_robot/robot/install/nav2/share/nav2//models/aws_robomaker_warehouse_PalletJackB_01/materials/textures/aws_robomaker_warehouse_PalletJackB_01.png
[13.593s] -- Symlinking: /home/kaisar/warehouse_robot/robot/install/nav2/share/nav2//models/aws_robomaker_warehouse_PalletJackB_01/materials/textures/aws_robomaker_warehouse_PalletJackB_02.png
[13.604s] -- Symlinking: /home/kaisar/warehouse_robot/robot/install/nav2/share/nav2//models/aws_robomaker_warehouse_PalletJackB_01/meshes/aws_robomaker_warehouse_PalletJackB_01_collision.DAE
[13.615s] -- Symlinking: /home/kaisar/warehouse_robot/robot/install/nav2/share/nav2//models/aws_robomaker_warehouse_PalletJackB_01/meshes/aws_robomaker_warehouse_PalletJackB_01_visual.DAE
[13.626s] -- Symlinking: /home/kaisar/warehouse_robot/robot/install/nav2/share/nav2//models/aws_robomaker_warehouse_PalletJackB_01/model.config
[13.637s] -- Symlinking: /home/kaisar/warehouse_robot/robot/install/nav2/share/nav2//models/aws_robomaker_warehouse_PalletJackB_01/model.sdf
[13.648s] -- Symlinking: /home/kaisar/warehouse_robot/robot/install/nav2/share/nav2//models/aws_robomaker_warehouse_RoofB_01/materials/textures/aws_robomaker_warehouse_RoofB_01.png
[13.659s] -- Symlinking: /home/kaisar/warehouse_robot/robot/install/nav2/share/nav2//models/aws_robomaker_warehouse_RoofB_01/meshes/aws_robomaker_warehouse_RoofB_01_collision.DAE
[13.670s] -- Symlinking: /home/kaisar/warehouse_robot/robot/install/nav2/share/nav2//models/aws_robomaker_warehouse_RoofB_01/meshes/aws_robomaker_warehouse_RoofB_01_visual.DAE
[13.681s] -- Symlinking: /home/kaisar/warehouse_robot/robot/install/nav2/share/nav2//models/aws_robomaker_warehouse_RoofB_01/model.config
[13.692s] -- Symlinking: /home/kaisar/warehouse_robot/robot/install/nav2/share/nav2//models/aws_robomaker_warehouse_RoofB_01/model.sdf
[13.703s] -- Symlinking: /home/kaisar/warehouse_robot/robot/install/nav2/share/nav2//models/aws_robomaker_warehouse_ShelfD_01/materials/textures/aws_robomaker_warehouse_ShelfD_01.png
[13.714s] -- Symlinking: /home/kaisar/warehouse_robot/robot/install/nav2/share/nav2//models/aws_robomaker_warehouse_ShelfD_01/materials/textures/aws_robomaker_warehouse_ShelfD_02.png
[13.726s] -- Symlinking: /home/kaisar/warehouse_robot/robot/install/nav2/share/nav2//models/aws_robomaker_warehouse_ShelfD_01/materials/textures/aws_robomaker_warehouse_ShelfD_03.png
[13.737s] -- Symlinking: /home/kaisar/warehouse_robot/robot/install/nav2/share/nav2//models/aws_robomaker_warehouse_ShelfD_01/materials/textures/aws_robomaker_warehouse_ShelfD_04.png
[13.749s] -- Symlinking: /home/kaisar/warehouse_robot/robot/install/nav2/share/nav2//models/aws_robomaker_warehouse_ShelfD_01/meshes/aws_robomaker_warehouse_ShelfD_01_collision.DAE
[13.760s] -- Symlinking: /home/kaisar/warehouse_robot/robot/install/nav2/share/nav2//models/aws_robomaker_warehouse_ShelfD_01/meshes/aws_robomaker_warehouse_ShelfD_01_visual.DAE
[13.772s] -- Symlinking: /home/kaisar/warehouse_robot/robot/install/nav2/share/nav2//models/aws_robomaker_warehouse_ShelfD_01/model.config
[13.783s] -- Symlinking: /home/kaisar/warehouse_robot/robot/install/nav2/share/nav2//models/aws_robomaker_warehouse_ShelfD_01/model.sdf
[13.795s] -- Symlinking: /home/kaisar/warehouse_robot/robot/install/nav2/share/nav2//models/aws_robomaker_warehouse_ShelfE_01/.DS_Store
[13.806s] -- Symlinking: /home/kaisar/warehouse_robot/robot/install/nav2/share/nav2//models/aws_robomaker_warehouse_ShelfE_01/materials/.DS_Store
[13.817s] -- Symlinking: /home/kaisar/warehouse_robot/robot/install/nav2/share/nav2//models/aws_robomaker_warehouse_ShelfE_01/materials/textures/aws_robomaker_warehouse_ShelfE_01.png
[13.828s] -- Symlinking: /home/kaisar/warehouse_robot/robot/install/nav2/share/nav2//models/aws_robomaker_warehouse_ShelfE_01/materials/textures/aws_robomaker_warehouse_ShelfE_02.png
[13.841s] -- Symlinking: /home/kaisar/warehouse_robot/robot/install/nav2/share/nav2//models/aws_robomaker_warehouse_ShelfE_01/materials/textures/aws_robomaker_warehouse_ShelfE_03.png
[13.852s] -- Symlinking: /home/kaisar/warehouse_robot/robot/install/nav2/share/nav2//models/aws_robomaker_warehouse_ShelfE_01/materials/textures/aws_robomaker_warehouse_ShelfE_04.png
[13.863s] -- Symlinking: /home/kaisar/warehouse_robot/robot/install/nav2/share/nav2//models/aws_robomaker_warehouse_ShelfE_01/meshes/aws_robomaker_warehouse_ShelfE_01_collision.DAE
[13.874s] -- Symlinking: /home/kaisar/warehouse_robot/robot/install/nav2/share/nav2//models/aws_robomaker_warehouse_ShelfE_01/meshes/aws_robomaker_warehouse_ShelfE_01_visual.DAE
[13.885s] -- Symlinking: /home/kaisar/warehouse_robot/robot/install/nav2/share/nav2//models/aws_robomaker_warehouse_ShelfE_01/model.config
[13.897s] -- Symlinking: /home/kaisar/warehouse_robot/robot/install/nav2/share/nav2//models/aws_robomaker_warehouse_ShelfE_01/model.sdf
[13.909s] -- Symlinking: /home/kaisar/warehouse_robot/robot/install/nav2/share/nav2//models/aws_robomaker_warehouse_ShelfF_01/materials/textures/aws_robomaker_warehouse_ShelfF_01.png
[13.921s] -- Symlinking: /home/kaisar/warehouse_robot/robot/install/nav2/share/nav2//models/aws_robomaker_warehouse_ShelfF_01/materials/textures/aws_robomaker_warehouse_ShelfF_02.png
[13.938s] -- Symlinking: /home/kaisar/warehouse_robot/robot/install/nav2/share/nav2//models/aws_robomaker_warehouse_ShelfF_01/materials/textures/aws_robomaker_warehouse_ShelfF_03.png
[13.949s] -- Symlinking: /home/kaisar/warehouse_robot/robot/install/nav2/share/nav2//models/aws_robomaker_warehouse_ShelfF_01/meshes/aws_robomaker_warehouse_ShelfF_01_collision.DAE
[13.960s] -- Symlinking: /home/kaisar/warehouse_robot/robot/install/nav2/share/nav2//models/aws_robomaker_warehouse_ShelfF_01/meshes/aws_robomaker_warehouse_ShelfF_01_visual.DAE
[13.971s] -- Symlinking: /home/kaisar/warehouse_robot/robot/install/nav2/share/nav2//models/aws_robomaker_warehouse_ShelfF_01/model.config
[13.984s] -- Symlinking: /home/kaisar/warehouse_robot/robot/install/nav2/share/nav2//models/aws_robomaker_warehouse_ShelfF_01/model.sdf
[13.997s] -- Symlinking: /home/kaisar/warehouse_robot/robot/install/nav2/share/nav2//models/aws_robomaker_warehouse_TrashCanC_01/materials/textures/aws_robomaker_warehouse_TrashCanC_01.png
[14.008s] -- Symlinking: /home/kaisar/warehouse_robot/robot/install/nav2/share/nav2//models/aws_robomaker_warehouse_TrashCanC_01/meshes/aws_robomaker_warehouse_TrashCanC_01_collision.DAE
[14.020s] -- Symlinking: /home/kaisar/warehouse_robot/robot/install/nav2/share/nav2//models/aws_robomaker_warehouse_TrashCanC_01/meshes/aws_robomaker_warehouse_TrashCanC_01_visual.DAE
[14.032s] -- Symlinking: /home/kaisar/warehouse_robot/robot/install/nav2/share/nav2//models/aws_robomaker_warehouse_TrashCanC_01/model.config
[14.046s] -- Symlinking: /home/kaisar/warehouse_robot/robot/install/nav2/share/nav2//models/aws_robomaker_warehouse_TrashCanC_01/model.sdf
[14.058s] -- Symlinking: /home/kaisar/warehouse_robot/robot/install/nav2/share/nav2//models/aws_robomaker_warehouse_WallB_01/materials/textures/aws_robomaker_warehouse_WallB_01.png
[14.071s] -- Symlinking: /home/kaisar/warehouse_robot/robot/install/nav2/share/nav2//models/aws_robomaker_warehouse_WallB_01/meshes/aws_robomaker_warehouse_WallB_01_collision.DAE
[14.083s] -- Symlinking: /home/kaisar/warehouse_robot/robot/install/nav2/share/nav2//models/aws_robomaker_warehouse_WallB_01/meshes/aws_robomaker_warehouse_WallB_01_visual.DAE
[14.095s] -- Symlinking: /home/kaisar/warehouse_robot/robot/install/nav2/share/nav2//models/aws_robomaker_warehouse_WallB_01/model.config
[14.108s] -- Symlinking: /home/kaisar/warehouse_robot/robot/install/nav2/share/nav2//models/aws_robomaker_warehouse_WallB_01/model.sdf
[14.122s] -- Symlinking: /home/kaisar/warehouse_robot/robot/install/nav2/share/nav2//models/brown_table/model.config
[14.135s] -- Symlinking: /home/kaisar/warehouse_robot/robot/install/nav2/share/nav2//models/brown_table/model.sdf
[14.148s] -- Symlinking: /home/kaisar/warehouse_robot/robot/install/nav2/share/nav2//models/cafe/materials/textures/__auto_10.jpg
[14.159s] -- Symlinking: /home/kaisar/warehouse_robot/robot/install/nav2/share/nav2//models/cafe/materials/textures/__auto_2.jpg
[14.171s] -- Symlinking: /home/kaisar/warehouse_robot/robot/install/nav2/share/nav2//models/cafe/materials/textures/__auto_21.jpg
[14.182s] -- Symlinking: /home/kaisar/warehouse_robot/robot/install/nav2/share/nav2//models/cafe/materials/textures/__auto_22.jpg
[14.193s] -- Symlinking: /home/kaisar/warehouse_robot/robot/install/nav2/share/nav2//models/cafe/materials/textures/__auto_23.jpg
[14.206s] -- Symlinking: /home/kaisar/warehouse_robot/robot/install/nav2/share/nav2//models/cafe/materials/textures/__auto_24.jpg
[14.217s] -- Symlinking: /home/kaisar/warehouse_robot/robot/install/nav2/share/nav2//models/cafe/materials/textures/__auto_25.jpg
[14.229s] -- Symlinking: /home/kaisar/warehouse_robot/robot/install/nav2/share/nav2//models/cafe/materials/textures/__auto_26.jpg
[14.240s] -- Symlinking: /home/kaisar/warehouse_robot/robot/install/nav2/share/nav2//models/cafe/materials/textures/__auto_28.jpg
[14.252s] -- Symlinking: /home/kaisar/warehouse_robot/robot/install/nav2/share/nav2//models/cafe/materials/textures/__auto_29.jpg
[14.264s] -- Symlinking: /home/kaisar/warehouse_robot/robot/install/nav2/share/nav2//models/cafe/materials/textures/__auto_30.jpg
[14.277s] -- Symlinking: /home/kaisar/warehouse_robot/robot/install/nav2/share/nav2//models/cafe/materials/textures/__auto_31.jpg
[14.292s] -- Symlinking: /home/kaisar/warehouse_robot/robot/install/nav2/share/nav2//models/cafe/materials/textures/__auto_34.jpg
[14.303s] -- Symlinking: /home/kaisar/warehouse_robot/robot/install/nav2/share/nav2//models/cafe/materials/textures/__auto_35.jpg
[14.316s] -- Symlinking: /home/kaisar/warehouse_robot/robot/install/nav2/share/nav2//models/cafe/materials/textures/__auto_37.jpg
[14.329s] -- Symlinking: /home/kaisar/warehouse_robot/robot/install/nav2/share/nav2//models/cafe/meshes/cafe.dae
[14.344s] -- Symlinking: /home/kaisar/warehouse_robot/robot/install/nav2/share/nav2//models/cafe/model.config
[14.360s] -- Symlinking: /home/kaisar/warehouse_robot/robot/install/nav2/share/nav2//models/cafe/model.sdf
[14.373s] -- Symlinking: /home/kaisar/warehouse_robot/robot/install/nav2/share/nav2//models/cafe_counter/materials/textures/cafe_counter.png
[14.385s] -- Symlinking: /home/kaisar/warehouse_robot/robot/install/nav2/share/nav2//models/cafe_counter/meshes/cafe_counter.mtl
[14.399s] -- Symlinking: /home/kaisar/warehouse_robot/robot/install/nav2/share/nav2//models/cafe_counter/meshes/cafe_counter.obj
[14.414s] -- Symlinking: /home/kaisar/warehouse_robot/robot/install/nav2/share/nav2//models/cafe_counter/meshes/counter_no_sink.obj
[14.427s] -- Symlinking: /home/kaisar/warehouse_robot/robot/install/nav2/share/nav2//models/cafe_counter/meshes/counter_sink.obj
[14.442s] -- Symlinking: /home/kaisar/warehouse_robot/robot/install/nav2/share/nav2//models/cafe_counter/model.config
[14.455s] -- Symlinking: /home/kaisar/warehouse_robot/robot/install/nav2/share/nav2//models/cafe_counter/model.sdf
[14.467s] -- Symlinking: /home/kaisar/warehouse_robot/robot/install/nav2/share/nav2//models/cafe_table/materials/textures/Maple.jpg
[14.481s] -- Symlinking: /home/kaisar/warehouse_robot/robot/install/nav2/share/nav2//models/cafe_table/materials/textures/Wood_Floor_Dark.jpg
[14.496s] -- Symlinking: /home/kaisar/warehouse_robot/robot/install/nav2/share/nav2//models/cafe_table/meshes/cafe_table.dae
[14.508s] -- Symlinking: /home/kaisar/warehouse_robot/robot/install/nav2/share/nav2//models/cafe_table/model-1_4.sdf
[14.523s] -- Symlinking: /home/kaisar/warehouse_robot/robot/install/nav2/share/nav2//models/cafe_table/model.config
[14.534s] -- Symlinking: /home/kaisar/warehouse_robot/robot/install/nav2/share/nav2//models/cafe_table/model.sdf
[14.548s] -- Symlinking: /home/kaisar/warehouse_robot/robot/install/nav2/share/nav2//models/cardboard_box/materials/textures/cardboard_box.png
[14.560s] -- Symlinking: /home/kaisar/warehouse_robot/robot/install/nav2/share/nav2//models/cardboard_box/meshes/cardboard_box.dae
[14.574s] -- Symlinking: /home/kaisar/warehouse_robot/robot/install/nav2/share/nav2//models/cardboard_box/meshes/cardboard_box.png
[14.586s] -- Symlinking: /home/kaisar/warehouse_robot/robot/install/nav2/share/nav2//models/cardboard_box/model.config
[14.598s] -- Symlinking: /home/kaisar/warehouse_robot/robot/install/nav2/share/nav2//models/cardboard_box/model.sdf
[14.610s] -- Symlinking: /home/kaisar/warehouse_robot/robot/install/nav2/share/nav2//models/cheezit_big_original/meshes/cheez_tex_0.jpg
[14.622s] -- Symlinking: /home/kaisar/warehouse_robot/robot/install/nav2/share/nav2//models/cheezit_big_original/meshes/cheezit_big_original.dae
[14.633s] -- Symlinking: /home/kaisar/warehouse_robot/robot/install/nav2/share/nav2//models/cheezit_big_original/model.config
[14.646s] -- Symlinking: /home/kaisar/warehouse_robot/robot/install/nav2/share/nav2//models/cheezit_big_original/model.sdf
[14.658s] -- Symlinking: /home/kaisar/warehouse_robot/robot/install/nav2/share/nav2//models/christman_L1/meshes/blue_linoleum.png
[14.669s] -- Symlinking: /home/kaisar/warehouse_robot/robot/install/nav2/share/nav2//models/christman_L1/meshes/concrete2.png
[14.681s] -- Symlinking: /home/kaisar/warehouse_robot/robot/install/nav2/share/nav2//models/christman_L1/meshes/default.png
[14.692s] -- Symlinking: /home/kaisar/warehouse_robot/robot/install/nav2/share/nav2//models/christman_L1/meshes/floor_1.mtl
[14.704s] -- Symlinking: /home/kaisar/warehouse_robot/robot/install/nav2/share/nav2//models/christman_L1/meshes/floor_1.obj
[14.717s] -- Symlinking: /home/kaisar/warehouse_robot/robot/install/nav2/share/nav2//models/christman_L1/meshes/model.material
[14.729s] -- Symlinking: /home/kaisar/warehouse_robot/robot/install/nav2/share/nav2//models/christman_L1/meshes/wall_1.mtl
[14.742s] -- Symlinking: /home/kaisar/warehouse_robot/robot/install/nav2/share/nav2//models/christman_L1/meshes/wall_1.obj
[14.756s] -- Symlinking: /home/kaisar/warehouse_robot/robot/install/nav2/share/nav2//models/christman_L1/meshes/wall_white.png
[14.767s] -- Symlinking: /home/kaisar/warehouse_robot/robot/install/nav2/share/nav2//models/christman_L1/model.config
[14.779s] -- Symlinking: /home/kaisar/warehouse_robot/robot/install/nav2/share/nav2//models/christman_L1/model.sdf
[14.791s] -- Symlinking: /home/kaisar/warehouse_robot/robot/install/nav2/share/nav2//models/coke_can/materials/textures/coke_can.png
[14.803s] -- Symlinking: /home/kaisar/warehouse_robot/robot/install/nav2/share/nav2//models/coke_can/meshes/coke_can.dae
[14.821s] -- Symlinking: /home/kaisar/warehouse_robot/robot/install/nav2/share/nav2//models/coke_can/model-1_2.sdf
[14.847s] -- Symlinking: /home/kaisar/warehouse_robot/robot/install/nav2/share/nav2//models/coke_can/model-1_3.sdf
[14.865s] -- Symlinking: /home/kaisar/warehouse_robot/robot/install/nav2/share/nav2//models/coke_can/model-1_4.sdf
[14.881s] -- Symlinking: /home/kaisar/warehouse_robot/robot/install/nav2/share/nav2//models/coke_can/model.config
[14.899s] -- Symlinking: /home/kaisar/warehouse_robot/robot/install/nav2/share/nav2//models/coke_can/model.sdf
[14.911s] -- Symlinking: /home/kaisar/warehouse_robot/robot/install/nav2/share/nav2//models/ground_plane/model-1_2.sdf
[14.924s] -- Symlinking: /home/kaisar/warehouse_robot/robot/install/nav2/share/nav2//models/ground_plane/model-1_3.sdf
[14.938s] -- Symlinking: /home/kaisar/warehouse_robot/robot/install/nav2/share/nav2//models/ground_plane/model-1_4.sdf
[14.955s] -- Symlinking: /home/kaisar/warehouse_robot/robot/install/nav2/share/nav2//models/ground_plane/model.config
[14.967s] -- Symlinking: /home/kaisar/warehouse_robot/robot/install/nav2/share/nav2//models/ground_plane/model.sdf
[14.980s] -- Symlinking: /home/kaisar/warehouse_robot/robot/install/nav2/share/nav2//models/hotel_L1/meshes/blue_linoleum.png
[14.992s] -- Symlinking: /home/kaisar/warehouse_robot/robot/install/nav2/share/nav2//models/hotel_L1/meshes/default.png
[15.006s] -- Symlinking: /home/kaisar/warehouse_robot/robot/install/nav2/share/nav2//models/hotel_L1/meshes/floor_1.mtl
[15.018s] -- Symlinking: /home/kaisar/warehouse_robot/robot/install/nav2/share/nav2//models/hotel_L1/meshes/floor_1.obj
[15.031s] -- Symlinking: /home/kaisar/warehouse_robot/robot/install/nav2/share/nav2//models/hotel_L1/meshes/model.material
[15.046s] -- Symlinking: /home/kaisar/warehouse_robot/robot/install/nav2/share/nav2//models/hotel_L1/meshes/wall_1.mtl
[15.058s] -- Symlinking: /home/kaisar/warehouse_robot/robot/install/nav2/share/nav2//models/hotel_L1/meshes/wall_1.obj
[15.075s] -- Symlinking: /home/kaisar/warehouse_robot/robot/install/nav2/share/nav2//models/hotel_L1/model.config
[15.087s] -- Symlinking: /home/kaisar/warehouse_robot/robot/install/nav2/share/nav2//models/hotel_L1/model.sdf
[15.100s] -- Symlinking: /home/kaisar/warehouse_robot/robot/install/nav2/share/nav2//models/mustard/materials/scripts/mustard.material
[15.113s] -- Symlinking: /home/kaisar/warehouse_robot/robot/install/nav2/share/nav2//models/mustard/materials/textures/optimized_tsdf_texture_mapped_mesh.png
[15.125s] -- Symlinking: /home/kaisar/warehouse_robot/robot/install/nav2/share/nav2//models/mustard/meshes/mustard.dae
[15.137s] -- Symlinking: /home/kaisar/warehouse_robot/robot/install/nav2/share/nav2//models/mustard/meshes/texture_map.png
[15.150s] -- Symlinking: /home/kaisar/warehouse_robot/robot/install/nav2/share/nav2//models/mustard/model.config
[15.163s] -- Symlinking: /home/kaisar/warehouse_robot/robot/install/nav2/share/nav2//models/mustard/model.sdf
[15.176s] -- Symlinking: /home/kaisar/warehouse_robot/robot/install/nav2/share/nav2//models/red_cylinder/model.config
[15.188s] -- Symlinking: /home/kaisar/warehouse_robot/robot/install/nav2/share/nav2//models/red_cylinder/model.sdf
[15.201s] -- Symlinking: /home/kaisar/warehouse_robot/robot/install/nav2/share/nav2//models/sun/model-1_2.sdf
[15.213s] -- Symlinking: /home/kaisar/warehouse_robot/robot/install/nav2/share/nav2//models/sun/model-1_3.sdf
[15.225s] -- Symlinking: /home/kaisar/warehouse_robot/robot/install/nav2/share/nav2//models/sun/model-1_4.sdf
[15.238s] -- Symlinking: /home/kaisar/warehouse_robot/robot/install/nav2/share/nav2//models/sun/model.config
[15.255s] -- Symlinking: /home/kaisar/warehouse_robot/robot/install/nav2/share/nav2//models/sun/model.sdf
[15.269s] -- Symlinking: /home/kaisar/warehouse_robot/robot/install/nav2/share/ament_index/resource_index/package_run_dependencies/nav2
[15.285s] -- Symlinking: /home/kaisar/warehouse_robot/robot/install/nav2/share/ament_index/resource_index/parent_prefix_path/nav2
[15.298s] -- Symlinking: /home/kaisar/warehouse_robot/robot/install/nav2/share/nav2/environment/ament_prefix_path.sh
[15.311s] -- Symlinking: /home/kaisar/warehouse_robot/robot/install/nav2/share/nav2/environment/ament_prefix_path.dsv
[15.325s] -- Symlinking: /home/kaisar/warehouse_robot/robot/install/nav2/share/nav2/environment/path.sh
[15.338s] -- Symlinking: /home/kaisar/warehouse_robot/robot/install/nav2/share/nav2/environment/path.dsv
[15.356s] -- Symlinking: /home/kaisar/warehouse_robot/robot/install/nav2/share/nav2/local_setup.bash
[15.369s] -- Symlinking: /home/kaisar/warehouse_robot/robot/install/nav2/share/nav2/local_setup.sh
[15.382s] -- Symlinking: /home/kaisar/warehouse_robot/robot/install/nav2/share/nav2/local_setup.zsh
[15.395s] -- Symlinking: /home/kaisar/warehouse_robot/robot/install/nav2/share/nav2/local_setup.dsv
[15.409s] -- Symlinking: /home/kaisar/warehouse_robot/robot/install/nav2/share/nav2/package.dsv
[15.427s] -- Symlinking: /home/kaisar/warehouse_robot/robot/install/nav2/share/ament_index/resource_index/packages/nav2
[15.443s] -- Symlinking: /home/kaisar/warehouse_robot/robot/install/nav2/share/nav2/cmake/nav2Config.cmake
[15.460s] -- Symlinking: /home/kaisar/warehouse_robot/robot/install/nav2/share/nav2/cmake/nav2Config-version.cmake
[15.474s] -- Symlinking: /home/kaisar/warehouse_robot/robot/install/nav2/share/nav2/package.xml
[15.499s] Invoked command in '/home/kaisar/warehouse_robot/robot/build/nav2' returned '0': CMAKE_PREFIX_PATH=${CMAKE_PREFIX_PATH}:/home/kaisar/warehouse_robot/robot/install/robot_status:/home/kaisar/warehouse_robot/robot/install/robot_gateway:/home/kaisar/warehouse_robot/robot/install/robot_control:/home/kaisar/warehouse_robot/robot/install/robot_http_api:/home/kaisar/warehouse_robot/robot/install/robot_planner:/opt/ros/jazzy DEBUGINFOD_URLS=https://debuginfod.ubuntu.com /usr/bin/cmake --install /home/kaisar/warehouse_robot/robot/build/nav2
