[0.136s] DEBUG:colcon:Command line arguments: ['/usr/bin/colcon', 'build', '--symlink-install']
[0.136s] DEBUG:colcon:Parsed command line arguments: Namespace(log_base=None, log_level=None, verb_name='build', build_base='build', install_base='install', merge_install=False, symlink_install=True, test_result_base=None, continue_on_error=False, executor='parallel', parallel_workers=12, event_handlers=None, ignore_user_meta=False, metas=['./colcon.meta'], base_paths=['.'], packages_ignore=None, packages_ignore_regex=None, paths=None, packages_up_to=None, packages_up_to_regex=None, packages_above=None, packages_above_and_dependencies=None, packages_above_depth=None, packages_select_by_dep=None, packages_skip_by_dep=None, packages_skip_up_to=None, packages_select_build_failed=False, packages_skip_build_finished=False, packages_select_test_failures=False, packages_skip_test_passed=False, packages_select=None, packages_skip=None, packages_select_regex=None, packages_skip_regex=None, packages_start=None, packages_end=None, allow_overriding=[], cmake_args=None, cmake_target=None, cmake_target_skip_unavailable=False, cmake_clean_cache=False, cmake_clean_first=False, cmake_force_configure=False, ament_cmake_args=None, catkin_cmake_args=None, catkin_skip_building_tests=False, mixin_files=None, mixin=None, verb_parser=<colcon_mixin.mixin.mixin_argument.MixinArgumentDecorator object at 0x7aa9ba399370>, verb_extension=<colcon_core.verb.build.BuildVerb object at 0x7aa9ba2c1b50>, main=<bound method BuildVerb.main of <colcon_core.verb.build.BuildVerb object at 0x7aa9ba2c1b50>>, mixin_verb=('build',))
[0.178s] Level 1:colcon.colcon_core.package_discovery:discover_packages(colcon_meta) check parameters
[0.179s] Level 1:colcon.colcon_core.package_discovery:discover_packages(recursive) check parameters
[0.179s] Level 1:colcon.colcon_core.package_discovery:discover_packages(ignore) check parameters
[0.179s] Level 1:colcon.colcon_core.package_discovery:discover_packages(path) check parameters
[0.179s] Level 1:colcon.colcon_core.package_discovery:discover_packages(colcon_meta) discover
[0.179s] Level 1:colcon.colcon_core.package_discovery:discover_packages(recursive) discover
[0.179s] INFO:colcon.colcon_core.package_discovery:Crawling recursively for packages in '/home/kaisar/warehouse_robot/robot'
[0.179s] Level 1:colcon.colcon_core.package_identification:_identify(.) by extensions ['ignore', 'ignore_ament_install']
[0.179s] Level 1:colcon.colcon_core.package_identification:_identify(.) by extension 'ignore'
[0.179s] Level 1:colcon.colcon_core.package_identification:_identify(.) by extension 'ignore_ament_install'
[0.179s] Level 1:colcon.colcon_core.package_identification:_identify(.) by extensions ['colcon_pkg']
[0.179s] Level 1:colcon.colcon_core.package_identification:_identify(.) by extension 'colcon_pkg'
[0.179s] Level 1:colcon.colcon_core.package_identification:_identify(.) by extensions ['colcon_meta']
[0.179s] Level 1:colcon.colcon_core.package_identification:_identify(.) by extension 'colcon_meta'
[0.179s] Level 1:colcon.colcon_core.package_identification:_identify(.) by extensions ['ros']
[0.179s] Level 1:colcon.colcon_core.package_identification:_identify(.) by extension 'ros'
[0.206s] Level 1:colcon.colcon_core.package_identification:_identify(.) by extensions ['cmake', 'python']
[0.206s] Level 1:colcon.colcon_core.package_identification:_identify(.) by extension 'cmake'
[0.206s] Level 1:colcon.colcon_core.package_identification:_identify(.) by extension 'python'
[0.206s] Level 1:colcon.colcon_core.package_identification:_identify(.) by extensions ['python_setup_py']
[0.206s] Level 1:colcon.colcon_core.package_identification:_identify(.) by extension 'python_setup_py'
[0.206s] Level 1:colcon.colcon_core.package_identification:_identify(build) by extensions ['ignore', 'ignore_ament_install']
[0.206s] Level 1:colcon.colcon_core.package_identification:_identify(build) by extension 'ignore'
[0.206s] Level 1:colcon.colcon_core.package_identification:_identify(build) ignored
[0.207s] Level 1:colcon.colcon_core.package_identification:_identify(install) by extensions ['ignore', 'ignore_ament_install']
[0.207s] Level 1:colcon.colcon_core.package_identification:_identify(install) by extension 'ignore'
[0.207s] Level 1:colcon.colcon_core.package_identification:_identify(install) ignored
[0.207s] Level 1:colcon.colcon_core.package_identification:_identify(log) by extensions ['ignore', 'ignore_ament_install']
[0.207s] Level 1:colcon.colcon_core.package_identification:_identify(log) by extension 'ignore'
[0.207s] Level 1:colcon.colcon_core.package_identification:_identify(log) ignored
[0.207s] Level 1:colcon.colcon_core.package_identification:_identify(ws) by extensions ['ignore', 'ignore_ament_install']
[0.207s] Level 1:colcon.colcon_core.package_identification:_identify(ws) by extension 'ignore'
[0.207s] Level 1:colcon.colcon_core.package_identification:_identify(ws) by extension 'ignore_ament_install'
[0.207s] Level 1:colcon.colcon_core.package_identification:_identify(ws) by extensions ['colcon_pkg']
[0.207s] Level 1:colcon.colcon_core.package_identification:_identify(ws) by extension 'colcon_pkg'
[0.207s] Level 1:colcon.colcon_core.package_identification:_identify(ws) by extensions ['colcon_meta']
[0.208s] Level 1:colcon.colcon_core.package_identification:_identify(ws) by extension 'colcon_meta'
[0.208s] Level 1:colcon.colcon_core.package_identification:_identify(ws) by extensions ['ros']
[0.208s] Level 1:colcon.colcon_core.package_identification:_identify(ws) by extension 'ros'
[0.208s] Level 1:colcon.colcon_core.package_identification:_identify(ws) by extensions ['cmake', 'python']
[0.208s] Level 1:colcon.colcon_core.package_identification:_identify(ws) by extension 'cmake'
[0.208s] Level 1:colcon.colcon_core.package_identification:_identify(ws) by extension 'python'
[0.208s] Level 1:colcon.colcon_core.package_identification:_identify(ws) by extensions ['python_setup_py']
[0.208s] Level 1:colcon.colcon_core.package_identification:_identify(ws) by extension 'python_setup_py'
[0.208s] Level 1:colcon.colcon_core.package_identification:_identify(ws/src) by extensions ['ignore', 'ignore_ament_install']
[0.208s] Level 1:colcon.colcon_core.package_identification:_identify(ws/src) by extension 'ignore'
[0.208s] Level 1:colcon.colcon_core.package_identification:_identify(ws/src) by extension 'ignore_ament_install'
[0.208s] Level 1:colcon.colcon_core.package_identification:_identify(ws/src) by extensions ['colcon_pkg']
[0.208s] Level 1:colcon.colcon_core.package_identification:_identify(ws/src) by extension 'colcon_pkg'
[0.208s] Level 1:colcon.colcon_core.package_identification:_identify(ws/src) by extensions ['colcon_meta']
[0.208s] Level 1:colcon.colcon_core.package_identification:_identify(ws/src) by extension 'colcon_meta'
[0.208s] Level 1:colcon.colcon_core.package_identification:_identify(ws/src) by extensions ['ros']
[0.208s] Level 1:colcon.colcon_core.package_identification:_identify(ws/src) by extension 'ros'
[0.208s] Level 1:colcon.colcon_core.package_identification:_identify(ws/src) by extensions ['cmake', 'python']
[0.209s] Level 1:colcon.colcon_core.package_identification:_identify(ws/src) by extension 'cmake'
[0.209s] Level 1:colcon.colcon_core.package_identification:_identify(ws/src) by extension 'python'
[0.209s] Level 1:colcon.colcon_core.package_identification:_identify(ws/src) by extensions ['python_setup_py']
[0.209s] Level 1:colcon.colcon_core.package_identification:_identify(ws/src) by extension 'python_setup_py'
[0.209s] Level 1:colcon.colcon_core.package_identification:_identify(ws/src/Stage) by extensions ['ignore', 'ignore_ament_install']
[0.209s] Level 1:colcon.colcon_core.package_identification:_identify(ws/src/Stage) by extension 'ignore'
[0.209s] Level 1:colcon.colcon_core.package_identification:_identify(ws/src/Stage) by extension 'ignore_ament_install'
[0.209s] Level 1:colcon.colcon_core.package_identification:_identify(ws/src/Stage) by extensions ['colcon_pkg']
[0.209s] Level 1:colcon.colcon_core.package_identification:_identify(ws/src/Stage) by extension 'colcon_pkg'
[0.209s] Level 1:colcon.colcon_core.package_identification:_identify(ws/src/Stage) by extensions ['colcon_meta']
[0.209s] Level 1:colcon.colcon_core.package_identification:_identify(ws/src/Stage) by extension 'colcon_meta'
[0.209s] Level 1:colcon.colcon_core.package_identification:_identify(ws/src/Stage) by extensions ['ros']
[0.209s] Level 1:colcon.colcon_core.package_identification:_identify(ws/src/Stage) by extension 'ros'
[0.212s] DEBUG:colcon.colcon_core.package_identification:Package 'ws/src/Stage' with type 'ros.catkin' and name 'stage'
[0.212s] Level 1:colcon.colcon_core.package_identification:_identify(ws/src/launch) by extensions ['ignore', 'ignore_ament_install']
[0.212s] Level 1:colcon.colcon_core.package_identification:_identify(ws/src/launch) by extension 'ignore'
[0.212s] Level 1:colcon.colcon_core.package_identification:_identify(ws/src/launch) by extension 'ignore_ament_install'
[0.212s] Level 1:colcon.colcon_core.package_identification:_identify(ws/src/launch) by extensions ['colcon_pkg']
[0.212s] Level 1:colcon.colcon_core.package_identification:_identify(ws/src/launch) by extension 'colcon_pkg'
[0.212s] Level 1:colcon.colcon_core.package_identification:_identify(ws/src/launch) by extensions ['colcon_meta']
[0.213s] Level 1:colcon.colcon_core.package_identification:_identify(ws/src/launch) by extension 'colcon_meta'
[0.213s] Level 1:colcon.colcon_core.package_identification:_identify(ws/src/launch) by extensions ['ros']
[0.213s] Level 1:colcon.colcon_core.package_identification:_identify(ws/src/launch) by extension 'ros'
[0.213s] DEBUG:colcon.colcon_core.package_identification:Package 'ws/src/launch' with type 'ros.ament_cmake' and name 'robot_launch'
[0.214s] Level 1:colcon.colcon_core.package_identification:_identify(ws/src/nav2) by extensions ['ignore', 'ignore_ament_install']
[0.214s] Level 1:colcon.colcon_core.package_identification:_identify(ws/src/nav2) by extension 'ignore'
[0.214s] Level 1:colcon.colcon_core.package_identification:_identify(ws/src/nav2) by extension 'ignore_ament_install'
[0.214s] Level 1:colcon.colcon_core.package_identification:_identify(ws/src/nav2) by extensions ['colcon_pkg']
[0.214s] Level 1:colcon.colcon_core.package_identification:_identify(ws/src/nav2) by extension 'colcon_pkg'
[0.214s] Level 1:colcon.colcon_core.package_identification:_identify(ws/src/nav2) by extensions ['colcon_meta']
[0.214s] Level 1:colcon.colcon_core.package_identification:_identify(ws/src/nav2) by extension 'colcon_meta'
[0.214s] Level 1:colcon.colcon_core.package_identification:_identify(ws/src/nav2) by extensions ['ros']
[0.214s] Level 1:colcon.colcon_core.package_identification:_identify(ws/src/nav2) by extension 'ros'
[0.216s] DEBUG:colcon.colcon_core.package_identification:Package 'ws/src/nav2' with type 'ros.ament_cmake' and name 'nav2'
[0.217s] Level 1:colcon.colcon_core.package_identification:_identify(ws/src/robot_map_manager) by extensions ['ignore', 'ignore_ament_install']
[0.217s] Level 1:colcon.colcon_core.package_identification:_identify(ws/src/robot_map_manager) by extension 'ignore'
[0.217s] Level 1:colcon.colcon_core.package_identification:_identify(ws/src/robot_map_manager) by extension 'ignore_ament_install'
[0.217s] Level 1:colcon.colcon_core.package_identification:_identify(ws/src/robot_map_manager) by extensions ['colcon_pkg']
[0.217s] Level 1:colcon.colcon_core.package_identification:_identify(ws/src/robot_map_manager) by extension 'colcon_pkg'
[0.217s] Level 1:colcon.colcon_core.package_identification:_identify(ws/src/robot_map_manager) by extensions ['colcon_meta']
[0.217s] Level 1:colcon.colcon_core.package_identification:_identify(ws/src/robot_map_manager) by extension 'colcon_meta'
[0.217s] Level 1:colcon.colcon_core.package_identification:_identify(ws/src/robot_map_manager) by extensions ['ros']
[0.217s] Level 1:colcon.colcon_core.package_identification:_identify(ws/src/robot_map_manager) by extension 'ros'
[0.218s] DEBUG:colcon.colcon_core.package_identification:Package 'ws/src/robot_map_manager' with type 'ros.ament_python' and name 'robot_map_manager'
[0.218s] Level 1:colcon.colcon_core.package_identification:_identify(ws/src/robot_msgs) by extensions ['ignore', 'ignore_ament_install']
[0.218s] Level 1:colcon.colcon_core.package_identification:_identify(ws/src/robot_msgs) by extension 'ignore'
[0.218s] Level 1:colcon.colcon_core.package_identification:_identify(ws/src/robot_msgs) by extension 'ignore_ament_install'
[0.218s] Level 1:colcon.colcon_core.package_identification:_identify(ws/src/robot_msgs) by extensions ['colcon_pkg']
[0.218s] Level 1:colcon.colcon_core.package_identification:_identify(ws/src/robot_msgs) by extension 'colcon_pkg'
[0.218s] Level 1:colcon.colcon_core.package_identification:_identify(ws/src/robot_msgs) by extensions ['colcon_meta']
[0.218s] Level 1:colcon.colcon_core.package_identification:_identify(ws/src/robot_msgs) by extension 'colcon_meta'
[0.218s] Level 1:colcon.colcon_core.package_identification:_identify(ws/src/robot_msgs) by extensions ['ros']
[0.218s] Level 1:colcon.colcon_core.package_identification:_identify(ws/src/robot_msgs) by extension 'ros'
[0.219s] DEBUG:colcon.colcon_core.package_identification:Package 'ws/src/robot_msgs' with type 'ros.ament_cmake' and name 'robot_msgs'
[0.219s] Level 1:colcon.colcon_core.package_identification:_identify(ws/src/robot_planner) by extensions ['ignore', 'ignore_ament_install']
[0.219s] Level 1:colcon.colcon_core.package_identification:_identify(ws/src/robot_planner) by extension 'ignore'
[0.219s] Level 1:colcon.colcon_core.package_identification:_identify(ws/src/robot_planner) by extension 'ignore_ament_install'
[0.219s] Level 1:colcon.colcon_core.package_identification:_identify(ws/src/robot_planner) by extensions ['colcon_pkg']
[0.219s] Level 1:colcon.colcon_core.package_identification:_identify(ws/src/robot_planner) by extension 'colcon_pkg'
[0.219s] Level 1:colcon.colcon_core.package_identification:_identify(ws/src/robot_planner) by extensions ['colcon_meta']
[0.219s] Level 1:colcon.colcon_core.package_identification:_identify(ws/src/robot_planner) by extension 'colcon_meta'
[0.219s] Level 1:colcon.colcon_core.package_identification:_identify(ws/src/robot_planner) by extensions ['ros']
[0.219s] Level 1:colcon.colcon_core.package_identification:_identify(ws/src/robot_planner) by extension 'ros'
[0.220s] DEBUG:colcon.colcon_core.package_identification:Package 'ws/src/robot_planner' with type 'ros.ament_python' and name 'robot_planner'
[0.220s] Level 1:colcon.colcon_core.package_identification:_identify(ws/src/robot_status) by extensions ['ignore', 'ignore_ament_install']
[0.220s] Level 1:colcon.colcon_core.package_identification:_identify(ws/src/robot_status) by extension 'ignore'
[0.221s] Level 1:colcon.colcon_core.package_identification:_identify(ws/src/robot_status) by extension 'ignore_ament_install'
[0.221s] Level 1:colcon.colcon_core.package_identification:_identify(ws/src/robot_status) by extensions ['colcon_pkg']
[0.221s] Level 1:colcon.colcon_core.package_identification:_identify(ws/src/robot_status) by extension 'colcon_pkg'
[0.221s] Level 1:colcon.colcon_core.package_identification:_identify(ws/src/robot_status) by extensions ['colcon_meta']
[0.221s] Level 1:colcon.colcon_core.package_identification:_identify(ws/src/robot_status) by extension 'colcon_meta'
[0.221s] Level 1:colcon.colcon_core.package_identification:_identify(ws/src/robot_status) by extensions ['ros']
[0.221s] Level 1:colcon.colcon_core.package_identification:_identify(ws/src/robot_status) by extension 'ros'
[0.221s] DEBUG:colcon.colcon_core.package_identification:Package 'ws/src/robot_status' with type 'ros.ament_python' and name 'robot_status'
[0.221s] Level 1:colcon.colcon_core.package_identification:_identify(ws/src/ros2_http_client) by extensions ['ignore', 'ignore_ament_install']
[0.221s] Level 1:colcon.colcon_core.package_identification:_identify(ws/src/ros2_http_client) by extension 'ignore'
[0.222s] Level 1:colcon.colcon_core.package_identification:_identify(ws/src/ros2_http_client) by extension 'ignore_ament_install'
[0.222s] Level 1:colcon.colcon_core.package_identification:_identify(ws/src/ros2_http_client) by extensions ['colcon_pkg']
[0.222s] Level 1:colcon.colcon_core.package_identification:_identify(ws/src/ros2_http_client) by extension 'colcon_pkg'
[0.222s] Level 1:colcon.colcon_core.package_identification:_identify(ws/src/ros2_http_client) by extensions ['colcon_meta']
[0.222s] Level 1:colcon.colcon_core.package_identification:_identify(ws/src/ros2_http_client) by extension 'colcon_meta'
[0.222s] Level 1:colcon.colcon_core.package_identification:_identify(ws/src/ros2_http_client) by extensions ['ros']
[0.222s] Level 1:colcon.colcon_core.package_identification:_identify(ws/src/ros2_http_client) by extension 'ros'
[0.222s] DEBUG:colcon.colcon_core.package_identification:Package 'ws/src/ros2_http_client' with type 'ros.ament_python' and name 'ros2_http_client'
[0.223s] Level 1:colcon.colcon_core.package_identification:_identify(ws/src/stage_ros2) by extensions ['ignore', 'ignore_ament_install']
[0.223s] Level 1:colcon.colcon_core.package_identification:_identify(ws/src/stage_ros2) by extension 'ignore'
[0.223s] Level 1:colcon.colcon_core.package_identification:_identify(ws/src/stage_ros2) by extension 'ignore_ament_install'
[0.223s] Level 1:colcon.colcon_core.package_identification:_identify(ws/src/stage_ros2) by extensions ['colcon_pkg']
[0.223s] Level 1:colcon.colcon_core.package_identification:_identify(ws/src/stage_ros2) by extension 'colcon_pkg'
[0.223s] Level 1:colcon.colcon_core.package_identification:_identify(ws/src/stage_ros2) by extensions ['colcon_meta']
[0.223s] Level 1:colcon.colcon_core.package_identification:_identify(ws/src/stage_ros2) by extension 'colcon_meta'
[0.223s] Level 1:colcon.colcon_core.package_identification:_identify(ws/src/stage_ros2) by extensions ['ros']
[0.223s] Level 1:colcon.colcon_core.package_identification:_identify(ws/src/stage_ros2) by extension 'ros'
[0.224s] DEBUG:colcon.colcon_core.package_identification:Package 'ws/src/stage_ros2' with type 'ros.ament_cmake' and name 'stage_ros2'
[0.224s] Level 1:colcon.colcon_core.package_identification:_identify(ws/src/trp1_description) by extensions ['ignore', 'ignore_ament_install']
[0.224s] Level 1:colcon.colcon_core.package_identification:_identify(ws/src/trp1_description) by extension 'ignore'
[0.224s] Level 1:colcon.colcon_core.package_identification:_identify(ws/src/trp1_description) by extension 'ignore_ament_install'
[0.224s] Level 1:colcon.colcon_core.package_identification:_identify(ws/src/trp1_description) by extensions ['colcon_pkg']
[0.224s] Level 1:colcon.colcon_core.package_identification:_identify(ws/src/trp1_description) by extension 'colcon_pkg'
[0.224s] Level 1:colcon.colcon_core.package_identification:_identify(ws/src/trp1_description) by extensions ['colcon_meta']
[0.224s] Level 1:colcon.colcon_core.package_identification:_identify(ws/src/trp1_description) by extension 'colcon_meta'
[0.224s] Level 1:colcon.colcon_core.package_identification:_identify(ws/src/trp1_description) by extensions ['ros']
[0.224s] Level 1:colcon.colcon_core.package_identification:_identify(ws/src/trp1_description) by extension 'ros'
[0.225s] DEBUG:colcon.colcon_core.package_identification:Package 'ws/src/trp1_description' with type 'ros.ament_cmake' and name 'trp1_description'
[0.225s] Level 1:colcon.colcon_core.package_discovery:discover_packages(recursive) using defaults
[0.225s] Level 1:colcon.colcon_core.package_discovery:discover_packages(ignore) discover
[0.225s] Level 1:colcon.colcon_core.package_discovery:discover_packages(ignore) using defaults
[0.225s] Level 1:colcon.colcon_core.package_discovery:discover_packages(path) discover
[0.225s] Level 1:colcon.colcon_core.package_discovery:discover_packages(path) using defaults
[0.246s] Level 1:colcon.colcon_core.package_discovery:discover_packages(prefix_path) check parameters
[0.247s] Level 1:colcon.colcon_core.package_discovery:discover_packages(prefix_path) discover
[0.249s] DEBUG:colcon.colcon_installed_package_information.package_discovery:Found 10 installed packages in /home/kaisar/warehouse_robot/robot/install
[0.252s] DEBUG:colcon.colcon_installed_package_information.package_discovery:Found 498 installed packages in /opt/ros/jazzy
[0.253s] Level 1:colcon.colcon_core.package_discovery:discover_packages(prefix_path) using defaults
[0.343s] Level 5:colcon.colcon_core.verb:set package 'nav2' build argument 'cmake_args' from command line to 'None'
[0.343s] Level 5:colcon.colcon_core.verb:set package 'nav2' build argument 'cmake_target' from command line to 'None'
[0.343s] Level 5:colcon.colcon_core.verb:set package 'nav2' build argument 'cmake_target_skip_unavailable' from command line to 'False'
[0.343s] Level 5:colcon.colcon_core.verb:set package 'nav2' build argument 'cmake_clean_cache' from command line to 'False'
[0.344s] Level 5:colcon.colcon_core.verb:set package 'nav2' build argument 'cmake_clean_first' from command line to 'False'
[0.344s] Level 5:colcon.colcon_core.verb:set package 'nav2' build argument 'cmake_force_configure' from command line to 'False'
[0.344s] Level 5:colcon.colcon_core.verb:set package 'nav2' build argument 'ament_cmake_args' from command line to 'None'
[0.344s] Level 5:colcon.colcon_core.verb:set package 'nav2' build argument 'catkin_cmake_args' from command line to 'None'
[0.344s] Level 5:colcon.colcon_core.verb:set package 'nav2' build argument 'catkin_skip_building_tests' from command line to 'False'
[0.344s] DEBUG:colcon.colcon_core.verb:Building package 'nav2' with the following arguments: {'ament_cmake_args': None, 'build_base': '/home/kaisar/warehouse_robot/robot/build/nav2', 'catkin_cmake_args': None, 'catkin_skip_building_tests': False, 'cmake_args': None, 'cmake_clean_cache': False, 'cmake_clean_first': False, 'cmake_force_configure': False, 'cmake_target': None, 'cmake_target_skip_unavailable': False, 'install_base': '/home/kaisar/warehouse_robot/robot/install/nav2', 'merge_install': False, 'path': '/home/kaisar/warehouse_robot/robot/ws/src/nav2', 'symlink_install': True, 'test_result_base': None}
[0.344s] Level 5:colcon.colcon_core.verb:set package 'robot_msgs' build argument 'cmake_args' from command line to 'None'
[0.344s] Level 5:colcon.colcon_core.verb:set package 'robot_msgs' build argument 'cmake_target' from command line to 'None'
[0.344s] Level 5:colcon.colcon_core.verb:set package 'robot_msgs' build argument 'cmake_target_skip_unavailable' from command line to 'False'
[0.344s] Level 5:colcon.colcon_core.verb:set package 'robot_msgs' build argument 'cmake_clean_cache' from command line to 'False'
[0.344s] Level 5:colcon.colcon_core.verb:set package 'robot_msgs' build argument 'cmake_clean_first' from command line to 'False'
[0.344s] Level 5:colcon.colcon_core.verb:set package 'robot_msgs' build argument 'cmake_force_configure' from command line to 'False'
[0.344s] Level 5:colcon.colcon_core.verb:set package 'robot_msgs' build argument 'ament_cmake_args' from command line to 'None'
[0.344s] Level 5:colcon.colcon_core.verb:set package 'robot_msgs' build argument 'catkin_cmake_args' from command line to 'None'
[0.344s] Level 5:colcon.colcon_core.verb:set package 'robot_msgs' build argument 'catkin_skip_building_tests' from command line to 'False'
[0.344s] DEBUG:colcon.colcon_core.verb:Building package 'robot_msgs' with the following arguments: {'ament_cmake_args': None, 'build_base': '/home/kaisar/warehouse_robot/robot/build/robot_msgs', 'catkin_cmake_args': None, 'catkin_skip_building_tests': False, 'cmake_args': None, 'cmake_clean_cache': False, 'cmake_clean_first': False, 'cmake_force_configure': False, 'cmake_target': None, 'cmake_target_skip_unavailable': False, 'install_base': '/home/kaisar/warehouse_robot/robot/install/robot_msgs', 'merge_install': False, 'path': '/home/kaisar/warehouse_robot/robot/ws/src/robot_msgs', 'symlink_install': True, 'test_result_base': None}
[0.345s] Level 5:colcon.colcon_core.verb:set package 'stage' build argument 'cmake_args' from command line to 'None'
[0.345s] Level 5:colcon.colcon_core.verb:set package 'stage' build argument 'cmake_target' from command line to 'None'
[0.345s] Level 5:colcon.colcon_core.verb:set package 'stage' build argument 'cmake_target_skip_unavailable' from command line to 'False'
[0.345s] Level 5:colcon.colcon_core.verb:set package 'stage' build argument 'cmake_clean_cache' from command line to 'False'
[0.345s] Level 5:colcon.colcon_core.verb:set package 'stage' build argument 'cmake_clean_first' from command line to 'False'
[0.345s] Level 5:colcon.colcon_core.verb:set package 'stage' build argument 'cmake_force_configure' from command line to 'False'
[0.345s] Level 5:colcon.colcon_core.verb:set package 'stage' build argument 'ament_cmake_args' from command line to 'None'
[0.345s] Level 5:colcon.colcon_core.verb:set package 'stage' build argument 'catkin_cmake_args' from command line to 'None'
[0.345s] Level 5:colcon.colcon_core.verb:set package 'stage' build argument 'catkin_skip_building_tests' from command line to 'False'
[0.345s] DEBUG:colcon.colcon_core.verb:Building package 'stage' with the following arguments: {'ament_cmake_args': None, 'build_base': '/home/kaisar/warehouse_robot/robot/build/stage', 'catkin_cmake_args': None, 'catkin_skip_building_tests': False, 'cmake_args': None, 'cmake_clean_cache': False, 'cmake_clean_first': False, 'cmake_force_configure': False, 'cmake_target': None, 'cmake_target_skip_unavailable': False, 'install_base': '/home/kaisar/warehouse_robot/robot/install/stage', 'merge_install': False, 'path': '/home/kaisar/warehouse_robot/robot/ws/src/Stage', 'symlink_install': True, 'test_result_base': None}
[0.345s] Level 5:colcon.colcon_core.verb:set package 'trp1_description' build argument 'cmake_args' from command line to 'None'
[0.345s] Level 5:colcon.colcon_core.verb:set package 'trp1_description' build argument 'cmake_target' from command line to 'None'
[0.345s] Level 5:colcon.colcon_core.verb:set package 'trp1_description' build argument 'cmake_target_skip_unavailable' from command line to 'False'
[0.345s] Level 5:colcon.colcon_core.verb:set package 'trp1_description' build argument 'cmake_clean_cache' from command line to 'False'
[0.345s] Level 5:colcon.colcon_core.verb:set package 'trp1_description' build argument 'cmake_clean_first' from command line to 'False'
[0.345s] Level 5:colcon.colcon_core.verb:set package 'trp1_description' build argument 'cmake_force_configure' from command line to 'False'
[0.345s] Level 5:colcon.colcon_core.verb:set package 'trp1_description' build argument 'ament_cmake_args' from command line to 'None'
[0.345s] Level 5:colcon.colcon_core.verb:set package 'trp1_description' build argument 'catkin_cmake_args' from command line to 'None'
[0.345s] Level 5:colcon.colcon_core.verb:set package 'trp1_description' build argument 'catkin_skip_building_tests' from command line to 'False'
[0.345s] DEBUG:colcon.colcon_core.verb:Building package 'trp1_description' with the following arguments: {'ament_cmake_args': None, 'build_base': '/home/kaisar/warehouse_robot/robot/build/trp1_description', 'catkin_cmake_args': None, 'catkin_skip_building_tests': False, 'cmake_args': None, 'cmake_clean_cache': False, 'cmake_clean_first': False, 'cmake_force_configure': False, 'cmake_target': None, 'cmake_target_skip_unavailable': False, 'install_base': '/home/kaisar/warehouse_robot/robot/install/trp1_description', 'merge_install': False, 'path': '/home/kaisar/warehouse_robot/robot/ws/src/trp1_description', 'symlink_install': True, 'test_result_base': None}
[0.346s] Level 5:colcon.colcon_core.verb:set package 'robot_planner' build argument 'cmake_args' from command line to 'None'
[0.346s] Level 5:colcon.colcon_core.verb:set package 'robot_planner' build argument 'cmake_target' from command line to 'None'
[0.346s] Level 5:colcon.colcon_core.verb:set package 'robot_planner' build argument 'cmake_target_skip_unavailable' from command line to 'False'
[0.346s] Level 5:colcon.colcon_core.verb:set package 'robot_planner' build argument 'cmake_clean_cache' from command line to 'False'
[0.346s] Level 5:colcon.colcon_core.verb:set package 'robot_planner' build argument 'cmake_clean_first' from command line to 'False'
[0.346s] Level 5:colcon.colcon_core.verb:set package 'robot_planner' build argument 'cmake_force_configure' from command line to 'False'
[0.346s] Level 5:colcon.colcon_core.verb:set package 'robot_planner' build argument 'ament_cmake_args' from command line to 'None'
[0.346s] Level 5:colcon.colcon_core.verb:set package 'robot_planner' build argument 'catkin_cmake_args' from command line to 'None'
[0.346s] Level 5:colcon.colcon_core.verb:set package 'robot_planner' build argument 'catkin_skip_building_tests' from command line to 'False'
[0.346s] DEBUG:colcon.colcon_core.verb:Building package 'robot_planner' with the following arguments: {'ament_cmake_args': None, 'build_base': '/home/kaisar/warehouse_robot/robot/build/robot_planner', 'catkin_cmake_args': None, 'catkin_skip_building_tests': False, 'cmake_args': None, 'cmake_clean_cache': False, 'cmake_clean_first': False, 'cmake_force_configure': False, 'cmake_target': None, 'cmake_target_skip_unavailable': False, 'install_base': '/home/kaisar/warehouse_robot/robot/install/robot_planner', 'merge_install': False, 'path': '/home/kaisar/warehouse_robot/robot/ws/src/robot_planner', 'symlink_install': True, 'test_result_base': None}
[0.346s] Level 5:colcon.colcon_core.verb:set package 'stage_ros2' build argument 'cmake_args' from command line to 'None'
[0.347s] Level 5:colcon.colcon_core.verb:set package 'stage_ros2' build argument 'cmake_target' from command line to 'None'
[0.347s] Level 5:colcon.colcon_core.verb:set package 'stage_ros2' build argument 'cmake_target_skip_unavailable' from command line to 'False'
[0.347s] Level 5:colcon.colcon_core.verb:set package 'stage_ros2' build argument 'cmake_clean_cache' from command line to 'False'
[0.347s] Level 5:colcon.colcon_core.verb:set package 'stage_ros2' build argument 'cmake_clean_first' from command line to 'False'
[0.347s] Level 5:colcon.colcon_core.verb:set package 'stage_ros2' build argument 'cmake_force_configure' from command line to 'False'
[0.347s] Level 5:colcon.colcon_core.verb:set package 'stage_ros2' build argument 'ament_cmake_args' from command line to 'None'
[0.347s] Level 5:colcon.colcon_core.verb:set package 'stage_ros2' build argument 'catkin_cmake_args' from command line to 'None'
[0.347s] Level 5:colcon.colcon_core.verb:set package 'stage_ros2' build argument 'catkin_skip_building_tests' from command line to 'False'
[0.347s] DEBUG:colcon.colcon_core.verb:Building package 'stage_ros2' with the following arguments: {'ament_cmake_args': None, 'build_base': '/home/kaisar/warehouse_robot/robot/build/stage_ros2', 'catkin_cmake_args': None, 'catkin_skip_building_tests': False, 'cmake_args': None, 'cmake_clean_cache': False, 'cmake_clean_first': False, 'cmake_force_configure': False, 'cmake_target': None, 'cmake_target_skip_unavailable': False, 'install_base': '/home/kaisar/warehouse_robot/robot/install/stage_ros2', 'merge_install': False, 'path': '/home/kaisar/warehouse_robot/robot/ws/src/stage_ros2', 'symlink_install': True, 'test_result_base': None}
[0.347s] Level 5:colcon.colcon_core.verb:set package 'robot_map_manager' build argument 'cmake_args' from command line to 'None'
[0.347s] Level 5:colcon.colcon_core.verb:set package 'robot_map_manager' build argument 'cmake_target' from command line to 'None'
[0.347s] Level 5:colcon.colcon_core.verb:set package 'robot_map_manager' build argument 'cmake_target_skip_unavailable' from command line to 'False'
[0.347s] Level 5:colcon.colcon_core.verb:set package 'robot_map_manager' build argument 'cmake_clean_cache' from command line to 'False'
[0.347s] Level 5:colcon.colcon_core.verb:set package 'robot_map_manager' build argument 'cmake_clean_first' from command line to 'False'
[0.347s] Level 5:colcon.colcon_core.verb:set package 'robot_map_manager' build argument 'cmake_force_configure' from command line to 'False'
[0.347s] Level 5:colcon.colcon_core.verb:set package 'robot_map_manager' build argument 'ament_cmake_args' from command line to 'None'
[0.347s] Level 5:colcon.colcon_core.verb:set package 'robot_map_manager' build argument 'catkin_cmake_args' from command line to 'None'
[0.347s] Level 5:colcon.colcon_core.verb:set package 'robot_map_manager' build argument 'catkin_skip_building_tests' from command line to 'False'
[0.347s] DEBUG:colcon.colcon_core.verb:Building package 'robot_map_manager' with the following arguments: {'ament_cmake_args': None, 'build_base': '/home/kaisar/warehouse_robot/robot/build/robot_map_manager', 'catkin_cmake_args': None, 'catkin_skip_building_tests': False, 'cmake_args': None, 'cmake_clean_cache': False, 'cmake_clean_first': False, 'cmake_force_configure': False, 'cmake_target': None, 'cmake_target_skip_unavailable': False, 'install_base': '/home/kaisar/warehouse_robot/robot/install/robot_map_manager', 'merge_install': False, 'path': '/home/kaisar/warehouse_robot/robot/ws/src/robot_map_manager', 'symlink_install': True, 'test_result_base': None}
[0.348s] Level 5:colcon.colcon_core.verb:set package 'robot_status' build argument 'cmake_args' from command line to 'None'
[0.348s] Level 5:colcon.colcon_core.verb:set package 'robot_status' build argument 'cmake_target' from command line to 'None'
[0.348s] Level 5:colcon.colcon_core.verb:set package 'robot_status' build argument 'cmake_target_skip_unavailable' from command line to 'False'
[0.348s] Level 5:colcon.colcon_core.verb:set package 'robot_status' build argument 'cmake_clean_cache' from command line to 'False'
[0.348s] Level 5:colcon.colcon_core.verb:set package 'robot_status' build argument 'cmake_clean_first' from command line to 'False'
[0.348s] Level 5:colcon.colcon_core.verb:set package 'robot_status' build argument 'cmake_force_configure' from command line to 'False'
[0.348s] Level 5:colcon.colcon_core.verb:set package 'robot_status' build argument 'ament_cmake_args' from command line to 'None'
[0.348s] Level 5:colcon.colcon_core.verb:set package 'robot_status' build argument 'catkin_cmake_args' from command line to 'None'
[0.348s] Level 5:colcon.colcon_core.verb:set package 'robot_status' build argument 'catkin_skip_building_tests' from command line to 'False'
[0.348s] DEBUG:colcon.colcon_core.verb:Building package 'robot_status' with the following arguments: {'ament_cmake_args': None, 'build_base': '/home/kaisar/warehouse_robot/robot/build/robot_status', 'catkin_cmake_args': None, 'catkin_skip_building_tests': False, 'cmake_args': None, 'cmake_clean_cache': False, 'cmake_clean_first': False, 'cmake_force_configure': False, 'cmake_target': None, 'cmake_target_skip_unavailable': False, 'install_base': '/home/kaisar/warehouse_robot/robot/install/robot_status', 'merge_install': False, 'path': '/home/kaisar/warehouse_robot/robot/ws/src/robot_status', 'symlink_install': True, 'test_result_base': None}
[0.348s] Level 5:colcon.colcon_core.verb:set package 'ros2_http_client' build argument 'cmake_args' from command line to 'None'
[0.348s] Level 5:colcon.colcon_core.verb:set package 'ros2_http_client' build argument 'cmake_target' from command line to 'None'
[0.348s] Level 5:colcon.colcon_core.verb:set package 'ros2_http_client' build argument 'cmake_target_skip_unavailable' from command line to 'False'
[0.348s] Level 5:colcon.colcon_core.verb:set package 'ros2_http_client' build argument 'cmake_clean_cache' from command line to 'False'
[0.348s] Level 5:colcon.colcon_core.verb:set package 'ros2_http_client' build argument 'cmake_clean_first' from command line to 'False'
[0.348s] Level 5:colcon.colcon_core.verb:set package 'ros2_http_client' build argument 'cmake_force_configure' from command line to 'False'
[0.348s] Level 5:colcon.colcon_core.verb:set package 'ros2_http_client' build argument 'ament_cmake_args' from command line to 'None'
[0.349s] Level 5:colcon.colcon_core.verb:set package 'ros2_http_client' build argument 'catkin_cmake_args' from command line to 'None'
[0.349s] Level 5:colcon.colcon_core.verb:set package 'ros2_http_client' build argument 'catkin_skip_building_tests' from command line to 'False'
[0.349s] DEBUG:colcon.colcon_core.verb:Building package 'ros2_http_client' with the following arguments: {'ament_cmake_args': None, 'build_base': '/home/kaisar/warehouse_robot/robot/build/ros2_http_client', 'catkin_cmake_args': None, 'catkin_skip_building_tests': False, 'cmake_args': None, 'cmake_clean_cache': False, 'cmake_clean_first': False, 'cmake_force_configure': False, 'cmake_target': None, 'cmake_target_skip_unavailable': False, 'install_base': '/home/kaisar/warehouse_robot/robot/install/ros2_http_client', 'merge_install': False, 'path': '/home/kaisar/warehouse_robot/robot/ws/src/ros2_http_client', 'symlink_install': True, 'test_result_base': None}
[0.349s] Level 5:colcon.colcon_core.verb:set package 'robot_launch' build argument 'cmake_args' from command line to 'None'
[0.349s] Level 5:colcon.colcon_core.verb:set package 'robot_launch' build argument 'cmake_target' from command line to 'None'
[0.349s] Level 5:colcon.colcon_core.verb:set package 'robot_launch' build argument 'cmake_target_skip_unavailable' from command line to 'False'
[0.349s] Level 5:colcon.colcon_core.verb:set package 'robot_launch' build argument 'cmake_clean_cache' from command line to 'False'
[0.349s] Level 5:colcon.colcon_core.verb:set package 'robot_launch' build argument 'cmake_clean_first' from command line to 'False'
[0.349s] Level 5:colcon.colcon_core.verb:set package 'robot_launch' build argument 'cmake_force_configure' from command line to 'False'
[0.349s] Level 5:colcon.colcon_core.verb:set package 'robot_launch' build argument 'ament_cmake_args' from command line to 'None'
[0.349s] Level 5:colcon.colcon_core.verb:set package 'robot_launch' build argument 'catkin_cmake_args' from command line to 'None'
[0.349s] Level 5:colcon.colcon_core.verb:set package 'robot_launch' build argument 'catkin_skip_building_tests' from command line to 'False'
[0.349s] DEBUG:colcon.colcon_core.verb:Building package 'robot_launch' with the following arguments: {'ament_cmake_args': None, 'build_base': '/home/kaisar/warehouse_robot/robot/build/robot_launch', 'catkin_cmake_args': None, 'catkin_skip_building_tests': False, 'cmake_args': None, 'cmake_clean_cache': False, 'cmake_clean_first': False, 'cmake_force_configure': False, 'cmake_target': None, 'cmake_target_skip_unavailable': False, 'install_base': '/home/kaisar/warehouse_robot/robot/install/robot_launch', 'merge_install': False, 'path': '/home/kaisar/warehouse_robot/robot/ws/src/launch', 'symlink_install': True, 'test_result_base': None}
[0.349s] INFO:colcon.colcon_core.executor:Executing jobs using 'parallel' executor
[0.350s] DEBUG:colcon.colcon_parallel_executor.executor.parallel:run_until_complete
[0.351s] INFO:colcon.colcon_ros.task.ament_cmake.build:Building ROS package in '/home/kaisar/warehouse_robot/robot/ws/src/robot_msgs' with build type 'ament_cmake'
[0.351s] INFO:colcon.colcon_cmake.task.cmake.build:Building CMake package in '/home/kaisar/warehouse_robot/robot/ws/src/robot_msgs'
[0.354s] INFO:colcon.colcon_core.plugin_system:Skipping extension 'colcon_core.shell.bat': Not used on non-Windows systems
[0.354s] INFO:colcon.colcon_core.shell:Skip shell extension 'powershell' for command environment: Not usable outside of PowerShell
[0.354s] DEBUG:colcon.colcon_core.shell:Skip shell extension 'dsv' for command environment
[0.359s] INFO:colcon.colcon_ros.task.catkin.build:Building ROS package in '/home/kaisar/warehouse_robot/robot/ws/src/Stage' with build type 'catkin'
[0.359s] INFO:colcon.colcon_cmake.task.cmake.build:Building CMake package in '/home/kaisar/warehouse_robot/robot/ws/src/Stage'
[0.360s] INFO:colcon.colcon_core.shell:Skip shell extension 'powershell' for command environment: Not usable outside of PowerShell
[0.360s] DEBUG:colcon.colcon_core.shell:Skip shell extension 'dsv' for command environment
[0.365s] INFO:colcon.colcon_ros.task.ament_cmake.build:Building ROS package in '/home/kaisar/warehouse_robot/robot/ws/src/nav2' with build type 'ament_cmake'
[0.365s] INFO:colcon.colcon_cmake.task.cmake.build:Building CMake package in '/home/kaisar/warehouse_robot/robot/ws/src/nav2'
[0.366s] INFO:colcon.colcon_core.shell:Skip shell extension 'powershell' for command environment: Not usable outside of PowerShell
[0.366s] DEBUG:colcon.colcon_core.shell:Skip shell extension 'dsv' for command environment
[0.371s] INFO:colcon.colcon_ros.task.ament_cmake.build:Building ROS package in '/home/kaisar/warehouse_robot/robot/ws/src/trp1_description' with build type 'ament_cmake'
[0.371s] INFO:colcon.colcon_cmake.task.cmake.build:Building CMake package in '/home/kaisar/warehouse_robot/robot/ws/src/trp1_description'
[0.371s] INFO:colcon.colcon_core.shell:Skip shell extension 'powershell' for command environment: Not usable outside of PowerShell
[0.372s] DEBUG:colcon.colcon_core.shell:Skip shell extension 'dsv' for command environment
[0.382s] DEBUG:colcon.colcon_core.event_handler.log_command:Invoking command in '/home/kaisar/warehouse_robot/robot/build/robot_msgs': CMAKE_PREFIX_PATH=/home/kaisar/warehouse_robot/robot/install/trp1_description:/home/kaisar/warehouse_robot/robot/install/stage_ros2:/home/kaisar/warehouse_robot/robot/install/ros2_http_client:/home/kaisar/warehouse_robot/robot/install/robot_status:/home/kaisar/warehouse_robot/robot/install/robot_map_manager:/home/kaisar/warehouse_robot/robot/install/robot_planner:/opt/ros/jazzy:/home/kaisar/warehouse_robot/robot/install/stage:/home/kaisar/warehouse_robot/robot/install/robot_launch:/home/kaisar/warehouse_robot/robot/install/robot_msgs:/home/kaisar/warehouse_robot/robot/install/nav2:/opt/ros/jazzy/opt/gz_sim_vendor:/opt/ros/jazzy/opt/gz_sensors_vendor:/opt/ros/jazzy/opt/gz_physics_vendor:/opt/ros/jazzy/opt/sdformat_vendor:/opt/ros/jazzy/opt/gz_gui_vendor:/opt/ros/jazzy/opt/gz_transport_vendor:/opt/ros/jazzy/opt/gz_rendering_vendor:/opt/ros/jazzy/opt/gz_plugin_vendor:/opt/ros/jazzy/opt/gz_fuel_tools_vendor:/opt/ros/jazzy/opt/gz_msgs_vendor:/opt/ros/jazzy/opt/gz_common_vendor:/opt/ros/jazzy/opt/gz_math_vendor:/opt/ros/jazzy/opt/gz_utils_vendor:/opt/ros/jazzy/opt/gz_tools_vendor:/opt/ros/jazzy/opt/gz_ogre_next_vendor:/opt/ros/jazzy/opt/gz_dartsim_vendor:/opt/ros/jazzy/opt/gz_cmake_vendor DEBUGINFOD_URLS=https://debuginfod.ubuntu.com /usr/bin/cmake --build /home/kaisar/warehouse_robot/robot/build/robot_msgs -- -j12 -l12
[0.385s] DEBUG:colcon.colcon_core.event_handler.log_command:Invoking command in '/home/kaisar/warehouse_robot/robot/build/stage': DEBUGINFOD_URLS=https://debuginfod.ubuntu.com /usr/bin/cmake --build /home/kaisar/warehouse_robot/robot/build/stage -- -j12 -l12
[0.393s] DEBUG:colcon.colcon_core.event_handler.log_command:Invoking command in '/home/kaisar/warehouse_robot/robot/build/nav2': CMAKE_PREFIX_PATH=/home/kaisar/warehouse_robot/robot/install/trp1_description:/home/kaisar/warehouse_robot/robot/install/stage_ros2:/home/kaisar/warehouse_robot/robot/install/ros2_http_client:/home/kaisar/warehouse_robot/robot/install/robot_status:/home/kaisar/warehouse_robot/robot/install/robot_map_manager:/home/kaisar/warehouse_robot/robot/install/robot_planner:/opt/ros/jazzy:/home/kaisar/warehouse_robot/robot/install/stage:/home/kaisar/warehouse_robot/robot/install/robot_launch:/home/kaisar/warehouse_robot/robot/install/robot_msgs:/home/kaisar/warehouse_robot/robot/install/nav2:/opt/ros/jazzy/opt/gz_sim_vendor:/opt/ros/jazzy/opt/gz_sensors_vendor:/opt/ros/jazzy/opt/gz_physics_vendor:/opt/ros/jazzy/opt/sdformat_vendor:/opt/ros/jazzy/opt/gz_gui_vendor:/opt/ros/jazzy/opt/gz_transport_vendor:/opt/ros/jazzy/opt/gz_rendering_vendor:/opt/ros/jazzy/opt/gz_plugin_vendor:/opt/ros/jazzy/opt/gz_fuel_tools_vendor:/opt/ros/jazzy/opt/gz_msgs_vendor:/opt/ros/jazzy/opt/gz_common_vendor:/opt/ros/jazzy/opt/gz_math_vendor:/opt/ros/jazzy/opt/gz_utils_vendor:/opt/ros/jazzy/opt/gz_tools_vendor:/opt/ros/jazzy/opt/gz_ogre_next_vendor:/opt/ros/jazzy/opt/gz_dartsim_vendor:/opt/ros/jazzy/opt/gz_cmake_vendor DEBUGINFOD_URLS=https://debuginfod.ubuntu.com /usr/bin/cmake --build /home/kaisar/warehouse_robot/robot/build/nav2 -- -j12 -l12
[0.397s] DEBUG:colcon.colcon_core.event_handler.log_command:Invoking command in '/home/kaisar/warehouse_robot/robot/build/trp1_description': CMAKE_PREFIX_PATH=/home/kaisar/warehouse_robot/robot/install/trp1_description:/home/kaisar/warehouse_robot/robot/install/stage_ros2:/home/kaisar/warehouse_robot/robot/install/ros2_http_client:/home/kaisar/warehouse_robot/robot/install/robot_status:/home/kaisar/warehouse_robot/robot/install/robot_map_manager:/home/kaisar/warehouse_robot/robot/install/robot_planner:/opt/ros/jazzy:/home/kaisar/warehouse_robot/robot/install/stage:/home/kaisar/warehouse_robot/robot/install/robot_launch:/home/kaisar/warehouse_robot/robot/install/robot_msgs:/home/kaisar/warehouse_robot/robot/install/nav2:/opt/ros/jazzy/opt/gz_sim_vendor:/opt/ros/jazzy/opt/gz_sensors_vendor:/opt/ros/jazzy/opt/gz_physics_vendor:/opt/ros/jazzy/opt/sdformat_vendor:/opt/ros/jazzy/opt/gz_gui_vendor:/opt/ros/jazzy/opt/gz_transport_vendor:/opt/ros/jazzy/opt/gz_rendering_vendor:/opt/ros/jazzy/opt/gz_plugin_vendor:/opt/ros/jazzy/opt/gz_fuel_tools_vendor:/opt/ros/jazzy/opt/gz_msgs_vendor:/opt/ros/jazzy/opt/gz_common_vendor:/opt/ros/jazzy/opt/gz_math_vendor:/opt/ros/jazzy/opt/gz_utils_vendor:/opt/ros/jazzy/opt/gz_tools_vendor:/opt/ros/jazzy/opt/gz_ogre_next_vendor:/opt/ros/jazzy/opt/gz_dartsim_vendor:/opt/ros/jazzy/opt/gz_cmake_vendor DEBUGINFOD_URLS=https://debuginfod.ubuntu.com /usr/bin/cmake --build /home/kaisar/warehouse_robot/robot/build/trp1_description -- -j12 -l12
[0.448s] DEBUG:colcon.colcon_core.event_handler.log_command:Invoked command in '/home/kaisar/warehouse_robot/robot/build/nav2' returned '0': CMAKE_PREFIX_PATH=/home/kaisar/warehouse_robot/robot/install/trp1_description:/home/kaisar/warehouse_robot/robot/install/stage_ros2:/home/kaisar/warehouse_robot/robot/install/ros2_http_client:/home/kaisar/warehouse_robot/robot/install/robot_status:/home/kaisar/warehouse_robot/robot/install/robot_map_manager:/home/kaisar/warehouse_robot/robot/install/robot_planner:/opt/ros/jazzy:/home/kaisar/warehouse_robot/robot/install/stage:/home/kaisar/warehouse_robot/robot/install/robot_launch:/home/kaisar/warehouse_robot/robot/install/robot_msgs:/home/kaisar/warehouse_robot/robot/install/nav2:/opt/ros/jazzy/opt/gz_sim_vendor:/opt/ros/jazzy/opt/gz_sensors_vendor:/opt/ros/jazzy/opt/gz_physics_vendor:/opt/ros/jazzy/opt/sdformat_vendor:/opt/ros/jazzy/opt/gz_gui_vendor:/opt/ros/jazzy/opt/gz_transport_vendor:/opt/ros/jazzy/opt/gz_rendering_vendor:/opt/ros/jazzy/opt/gz_plugin_vendor:/opt/ros/jazzy/opt/gz_fuel_tools_vendor:/opt/ros/jazzy/opt/gz_msgs_vendor:/opt/ros/jazzy/opt/gz_common_vendor:/opt/ros/jazzy/opt/gz_math_vendor:/opt/ros/jazzy/opt/gz_utils_vendor:/opt/ros/jazzy/opt/gz_tools_vendor:/opt/ros/jazzy/opt/gz_ogre_next_vendor:/opt/ros/jazzy/opt/gz_dartsim_vendor:/opt/ros/jazzy/opt/gz_cmake_vendor DEBUGINFOD_URLS=https://debuginfod.ubuntu.com /usr/bin/cmake --build /home/kaisar/warehouse_robot/robot/build/nav2 -- -j12 -l12
[0.467s] DEBUG:colcon.colcon_core.event_handler.log_command:Invoking command in '/home/kaisar/warehouse_robot/robot/build/nav2': CMAKE_PREFIX_PATH=/home/kaisar/warehouse_robot/robot/install/trp1_description:/home/kaisar/warehouse_robot/robot/install/stage_ros2:/home/kaisar/warehouse_robot/robot/install/ros2_http_client:/home/kaisar/warehouse_robot/robot/install/robot_status:/home/kaisar/warehouse_robot/robot/install/robot_map_manager:/home/kaisar/warehouse_robot/robot/install/robot_planner:/opt/ros/jazzy:/home/kaisar/warehouse_robot/robot/install/stage:/home/kaisar/warehouse_robot/robot/install/robot_launch:/home/kaisar/warehouse_robot/robot/install/robot_msgs:/home/kaisar/warehouse_robot/robot/install/nav2:/opt/ros/jazzy/opt/gz_sim_vendor:/opt/ros/jazzy/opt/gz_sensors_vendor:/opt/ros/jazzy/opt/gz_physics_vendor:/opt/ros/jazzy/opt/sdformat_vendor:/opt/ros/jazzy/opt/gz_gui_vendor:/opt/ros/jazzy/opt/gz_transport_vendor:/opt/ros/jazzy/opt/gz_rendering_vendor:/opt/ros/jazzy/opt/gz_plugin_vendor:/opt/ros/jazzy/opt/gz_fuel_tools_vendor:/opt/ros/jazzy/opt/gz_msgs_vendor:/opt/ros/jazzy/opt/gz_common_vendor:/opt/ros/jazzy/opt/gz_math_vendor:/opt/ros/jazzy/opt/gz_utils_vendor:/opt/ros/jazzy/opt/gz_tools_vendor:/opt/ros/jazzy/opt/gz_ogre_next_vendor:/opt/ros/jazzy/opt/gz_dartsim_vendor:/opt/ros/jazzy/opt/gz_cmake_vendor DEBUGINFOD_URLS=https://debuginfod.ubuntu.com /usr/bin/cmake --install /home/kaisar/warehouse_robot/robot/build/nav2
[0.468s] DEBUG:colcon.colcon_core.event_handler.log_command:Invoked command in '/home/kaisar/warehouse_robot/robot/build/trp1_description' returned '0': CMAKE_PREFIX_PATH=/home/kaisar/warehouse_robot/robot/install/trp1_description:/home/kaisar/warehouse_robot/robot/install/stage_ros2:/home/kaisar/warehouse_robot/robot/install/ros2_http_client:/home/kaisar/warehouse_robot/robot/install/robot_status:/home/kaisar/warehouse_robot/robot/install/robot_map_manager:/home/kaisar/warehouse_robot/robot/install/robot_planner:/opt/ros/jazzy:/home/kaisar/warehouse_robot/robot/install/stage:/home/kaisar/warehouse_robot/robot/install/robot_launch:/home/kaisar/warehouse_robot/robot/install/robot_msgs:/home/kaisar/warehouse_robot/robot/install/nav2:/opt/ros/jazzy/opt/gz_sim_vendor:/opt/ros/jazzy/opt/gz_sensors_vendor:/opt/ros/jazzy/opt/gz_physics_vendor:/opt/ros/jazzy/opt/sdformat_vendor:/opt/ros/jazzy/opt/gz_gui_vendor:/opt/ros/jazzy/opt/gz_transport_vendor:/opt/ros/jazzy/opt/gz_rendering_vendor:/opt/ros/jazzy/opt/gz_plugin_vendor:/opt/ros/jazzy/opt/gz_fuel_tools_vendor:/opt/ros/jazzy/opt/gz_msgs_vendor:/opt/ros/jazzy/opt/gz_common_vendor:/opt/ros/jazzy/opt/gz_math_vendor:/opt/ros/jazzy/opt/gz_utils_vendor:/opt/ros/jazzy/opt/gz_tools_vendor:/opt/ros/jazzy/opt/gz_ogre_next_vendor:/opt/ros/jazzy/opt/gz_dartsim_vendor:/opt/ros/jazzy/opt/gz_cmake_vendor DEBUGINFOD_URLS=https://debuginfod.ubuntu.com /usr/bin/cmake --build /home/kaisar/warehouse_robot/robot/build/trp1_description -- -j12 -l12
[0.471s] DEBUG:colcon.colcon_core.event_handler.log_command:Invoking command in '/home/kaisar/warehouse_robot/robot/build/trp1_description': CMAKE_PREFIX_PATH=/home/kaisar/warehouse_robot/robot/install/trp1_description:/home/kaisar/warehouse_robot/robot/install/stage_ros2:/home/kaisar/warehouse_robot/robot/install/ros2_http_client:/home/kaisar/warehouse_robot/robot/install/robot_status:/home/kaisar/warehouse_robot/robot/install/robot_map_manager:/home/kaisar/warehouse_robot/robot/install/robot_planner:/opt/ros/jazzy:/home/kaisar/warehouse_robot/robot/install/stage:/home/kaisar/warehouse_robot/robot/install/robot_launch:/home/kaisar/warehouse_robot/robot/install/robot_msgs:/home/kaisar/warehouse_robot/robot/install/nav2:/opt/ros/jazzy/opt/gz_sim_vendor:/opt/ros/jazzy/opt/gz_sensors_vendor:/opt/ros/jazzy/opt/gz_physics_vendor:/opt/ros/jazzy/opt/sdformat_vendor:/opt/ros/jazzy/opt/gz_gui_vendor:/opt/ros/jazzy/opt/gz_transport_vendor:/opt/ros/jazzy/opt/gz_rendering_vendor:/opt/ros/jazzy/opt/gz_plugin_vendor:/opt/ros/jazzy/opt/gz_fuel_tools_vendor:/opt/ros/jazzy/opt/gz_msgs_vendor:/opt/ros/jazzy/opt/gz_common_vendor:/opt/ros/jazzy/opt/gz_math_vendor:/opt/ros/jazzy/opt/gz_utils_vendor:/opt/ros/jazzy/opt/gz_tools_vendor:/opt/ros/jazzy/opt/gz_ogre_next_vendor:/opt/ros/jazzy/opt/gz_dartsim_vendor:/opt/ros/jazzy/opt/gz_cmake_vendor DEBUGINFOD_URLS=https://debuginfod.ubuntu.com /usr/bin/cmake --install /home/kaisar/warehouse_robot/robot/build/trp1_description
[0.555s] Level 1:colcon.colcon_core.environment:create_environment_scripts_only(trp1_description)
[0.556s] DEBUG:colcon.colcon_core.event_handler.log_command:Invoked command in '/home/kaisar/warehouse_robot/robot/build/trp1_description' returned '0': CMAKE_PREFIX_PATH=/home/kaisar/warehouse_robot/robot/install/trp1_description:/home/kaisar/warehouse_robot/robot/install/stage_ros2:/home/kaisar/warehouse_robot/robot/install/ros2_http_client:/home/kaisar/warehouse_robot/robot/install/robot_status:/home/kaisar/warehouse_robot/robot/install/robot_map_manager:/home/kaisar/warehouse_robot/robot/install/robot_planner:/opt/ros/jazzy:/home/kaisar/warehouse_robot/robot/install/stage:/home/kaisar/warehouse_robot/robot/install/robot_launch:/home/kaisar/warehouse_robot/robot/install/robot_msgs:/home/kaisar/warehouse_robot/robot/install/nav2:/opt/ros/jazzy/opt/gz_sim_vendor:/opt/ros/jazzy/opt/gz_sensors_vendor:/opt/ros/jazzy/opt/gz_physics_vendor:/opt/ros/jazzy/opt/sdformat_vendor:/opt/ros/jazzy/opt/gz_gui_vendor:/opt/ros/jazzy/opt/gz_transport_vendor:/opt/ros/jazzy/opt/gz_rendering_vendor:/opt/ros/jazzy/opt/gz_plugin_vendor:/opt/ros/jazzy/opt/gz_fuel_tools_vendor:/opt/ros/jazzy/opt/gz_msgs_vendor:/opt/ros/jazzy/opt/gz_common_vendor:/opt/ros/jazzy/opt/gz_math_vendor:/opt/ros/jazzy/opt/gz_utils_vendor:/opt/ros/jazzy/opt/gz_tools_vendor:/opt/ros/jazzy/opt/gz_ogre_next_vendor:/opt/ros/jazzy/opt/gz_dartsim_vendor:/opt/ros/jazzy/opt/gz_cmake_vendor DEBUGINFOD_URLS=https://debuginfod.ubuntu.com /usr/bin/cmake --install /home/kaisar/warehouse_robot/robot/build/trp1_description
[0.577s] Level 1:colcon.colcon_core.environment:checking '/home/kaisar/warehouse_robot/robot/install/trp1_description' for CMake module files
[0.578s] Level 1:colcon.colcon_core.environment:checking '/home/kaisar/warehouse_robot/robot/install/trp1_description' for CMake config files
[0.579s] Level 1:colcon.colcon_core.shell:create_environment_hook('trp1_description', 'cmake_prefix_path')
[0.579s] INFO:colcon.colcon_core.shell:Creating environment hook '/home/kaisar/warehouse_robot/robot/install/trp1_description/share/trp1_description/hook/cmake_prefix_path.ps1'
[0.596s] INFO:colcon.colcon_core.shell:Creating environment descriptor '/home/kaisar/warehouse_robot/robot/install/trp1_description/share/trp1_description/hook/cmake_prefix_path.dsv'
[0.597s] INFO:colcon.colcon_core.shell:Creating environment hook '/home/kaisar/warehouse_robot/robot/install/trp1_description/share/trp1_description/hook/cmake_prefix_path.sh'
[0.598s] Level 1:colcon.colcon_core.environment:checking '/home/kaisar/warehouse_robot/robot/install/trp1_description/bin'
[0.599s] Level 1:colcon.colcon_core.environment:checking '/home/kaisar/warehouse_robot/robot/install/trp1_description/lib/pkgconfig/trp1_description.pc'
[0.599s] Level 1:colcon.colcon_core.environment:checking '/home/kaisar/warehouse_robot/robot/install/trp1_description/lib/python3.12/site-packages'
[0.599s] Level 1:colcon.colcon_core.environment:checking '/home/kaisar/warehouse_robot/robot/install/trp1_description/bin'
[0.602s] INFO:colcon.colcon_core.shell:Creating package script '/home/kaisar/warehouse_robot/robot/install/trp1_description/share/trp1_description/package.ps1'
[0.612s] INFO:colcon.colcon_core.shell:Creating package descriptor '/home/kaisar/warehouse_robot/robot/install/trp1_description/share/trp1_description/package.dsv'
[0.616s] INFO:colcon.colcon_core.shell:Creating package script '/home/kaisar/warehouse_robot/robot/install/trp1_description/share/trp1_description/package.sh'
[0.617s] INFO:colcon.colcon_core.shell:Creating package script '/home/kaisar/warehouse_robot/robot/install/trp1_description/share/trp1_description/package.bash'
[0.621s] INFO:colcon.colcon_core.shell:Creating package script '/home/kaisar/warehouse_robot/robot/install/trp1_description/share/trp1_description/package.zsh'
[0.623s] Level 1:colcon.colcon_core.environment:create_file_with_runtime_dependencies(/home/kaisar/warehouse_robot/robot/install/trp1_description/share/colcon-core/packages/trp1_description)
[0.627s] Level 1:colcon.colcon_core.environment:create_environment_scripts_only(trp1_description)
[0.627s] Level 1:colcon.colcon_core.environment:checking '/home/kaisar/warehouse_robot/robot/install/trp1_description' for CMake module files
[0.634s] Level 1:colcon.colcon_core.environment:checking '/home/kaisar/warehouse_robot/robot/install/trp1_description' for CMake config files
[0.635s] Level 1:colcon.colcon_core.shell:create_environment_hook('trp1_description', 'cmake_prefix_path')
[0.635s] INFO:colcon.colcon_core.shell:Creating environment hook '/home/kaisar/warehouse_robot/robot/install/trp1_description/share/trp1_description/hook/cmake_prefix_path.ps1'
[0.637s] INFO:colcon.colcon_core.shell:Creating environment descriptor '/home/kaisar/warehouse_robot/robot/install/trp1_description/share/trp1_description/hook/cmake_prefix_path.dsv'
[0.639s] INFO:colcon.colcon_core.shell:Creating environment hook '/home/kaisar/warehouse_robot/robot/install/trp1_description/share/trp1_description/hook/cmake_prefix_path.sh'
[0.642s] Level 1:colcon.colcon_core.environment:checking '/home/kaisar/warehouse_robot/robot/install/trp1_description/bin'
[0.648s] Level 1:colcon.colcon_core.environment:checking '/home/kaisar/warehouse_robot/robot/install/trp1_description/lib/pkgconfig/trp1_description.pc'
[0.649s] Level 1:colcon.colcon_core.environment:checking '/home/kaisar/warehouse_robot/robot/install/trp1_description/lib/python3.12/site-packages'
[0.650s] Level 1:colcon.colcon_core.environment:checking '/home/kaisar/warehouse_robot/robot/install/trp1_description/bin'
[0.650s] INFO:colcon.colcon_core.shell:Creating package script '/home/kaisar/warehouse_robot/robot/install/trp1_description/share/trp1_description/package.ps1'
[0.652s] INFO:colcon.colcon_core.shell:Creating package descriptor '/home/kaisar/warehouse_robot/robot/install/trp1_description/share/trp1_description/package.dsv'
[0.654s] INFO:colcon.colcon_core.shell:Creating package script '/home/kaisar/warehouse_robot/robot/install/trp1_description/share/trp1_description/package.sh'
[0.655s] INFO:colcon.colcon_core.shell:Creating package script '/home/kaisar/warehouse_robot/robot/install/trp1_description/share/trp1_description/package.bash'
[0.657s] INFO:colcon.colcon_core.shell:Creating package script '/home/kaisar/warehouse_robot/robot/install/trp1_description/share/trp1_description/package.zsh'
[0.658s] Level 1:colcon.colcon_core.environment:create_file_with_runtime_dependencies(/home/kaisar/warehouse_robot/robot/install/trp1_description/share/colcon-core/packages/trp1_description)
[0.709s] DEBUG:colcon.colcon_core.event_handler.log_command:Invoked command in '/home/kaisar/warehouse_robot/robot/build/stage' returned '0': DEBUGINFOD_URLS=https://debuginfod.ubuntu.com /usr/bin/cmake --build /home/kaisar/warehouse_robot/robot/build/stage -- -j12 -l12
[0.711s] Level 1:colcon.colcon_core.shell:create_environment_hook('stage', 'ros_package_path')
[0.713s] INFO:colcon.colcon_core.shell:Creating environment hook '/home/kaisar/warehouse_robot/robot/install/stage/share/stage/hook/ros_package_path.ps1'
[0.715s] INFO:colcon.colcon_core.shell:Creating environment descriptor '/home/kaisar/warehouse_robot/robot/install/stage/share/stage/hook/ros_package_path.dsv'
[0.716s] INFO:colcon.colcon_core.shell:Creating environment hook '/home/kaisar/warehouse_robot/robot/install/stage/share/stage/hook/ros_package_path.sh'
[0.716s] DEBUG:colcon.colcon_core.event_handler.log_command:Invoking command in '/home/kaisar/warehouse_robot/robot/build/stage': DEBUGINFOD_URLS=https://debuginfod.ubuntu.com /usr/bin/cmake --install /home/kaisar/warehouse_robot/robot/build/stage
[0.717s] Level 1:colcon.colcon_core.shell:create_environment_hook('stage', 'pkg_config_path')
[0.718s] INFO:colcon.colcon_core.shell:Creating environment hook '/home/kaisar/warehouse_robot/robot/install/stage/share/stage/hook/pkg_config_path.ps1'
[0.719s] INFO:colcon.colcon_core.shell:Creating environment descriptor '/home/kaisar/warehouse_robot/robot/install/stage/share/stage/hook/pkg_config_path.dsv'
[0.719s] INFO:colcon.colcon_core.shell:Creating environment hook '/home/kaisar/warehouse_robot/robot/install/stage/share/stage/hook/pkg_config_path.sh'
[0.724s] Level 1:colcon.colcon_core.shell:create_environment_hook('stage', 'pkg_config_path_multiarch')
[0.724s] INFO:colcon.colcon_core.shell:Creating environment hook '/home/kaisar/warehouse_robot/robot/install/stage/share/stage/hook/pkg_config_path_multiarch.ps1'
[0.726s] INFO:colcon.colcon_core.shell:Creating environment descriptor '/home/kaisar/warehouse_robot/robot/install/stage/share/stage/hook/pkg_config_path_multiarch.dsv'
[0.728s] INFO:colcon.colcon_core.shell:Creating environment hook '/home/kaisar/warehouse_robot/robot/install/stage/share/stage/hook/pkg_config_path_multiarch.sh'
[0.730s] Level 1:colcon.colcon_core.environment:create_environment_scripts_only(stage)
[0.730s] Level 1:colcon.colcon_core.environment:checking '/home/kaisar/warehouse_robot/robot/install/stage' for CMake module files
[0.734s] Level 1:colcon.colcon_core.environment:checking '/home/kaisar/warehouse_robot/robot/install/stage' for CMake config files
[0.736s] Level 1:colcon.colcon_core.shell:create_environment_hook('stage', 'cmake_prefix_path')
[0.736s] INFO:colcon.colcon_core.shell:Creating environment hook '/home/kaisar/warehouse_robot/robot/install/stage/share/stage/hook/cmake_prefix_path.ps1'
[0.737s] INFO:colcon.colcon_core.shell:Creating environment descriptor '/home/kaisar/warehouse_robot/robot/install/stage/share/stage/hook/cmake_prefix_path.dsv'
[0.738s] INFO:colcon.colcon_core.shell:Creating environment hook '/home/kaisar/warehouse_robot/robot/install/stage/share/stage/hook/cmake_prefix_path.sh'
[0.741s] Level 1:colcon.colcon_core.environment:checking '/home/kaisar/warehouse_robot/robot/install/stage/lib'
[0.742s] Level 1:colcon.colcon_core.shell:create_environment_hook('stage', 'ld_library_path_lib')
[0.742s] INFO:colcon.colcon_core.shell:Creating environment hook '/home/kaisar/warehouse_robot/robot/install/stage/share/stage/hook/ld_library_path_lib.ps1'
[0.745s] INFO:colcon.colcon_core.shell:Creating environment descriptor '/home/kaisar/warehouse_robot/robot/install/stage/share/stage/hook/ld_library_path_lib.dsv'
[0.750s] INFO:colcon.colcon_core.shell:Creating environment hook '/home/kaisar/warehouse_robot/robot/install/stage/share/stage/hook/ld_library_path_lib.sh'
[0.751s] Level 1:colcon.colcon_core.environment:checking '/home/kaisar/warehouse_robot/robot/install/stage/bin'
[0.752s] Level 1:colcon.colcon_core.shell:create_environment_hook('stage', 'path')
[0.753s] INFO:colcon.colcon_core.shell:Creating environment hook '/home/kaisar/warehouse_robot/robot/install/stage/share/stage/hook/path.ps1'
[0.755s] INFO:colcon.colcon_core.shell:Creating environment descriptor '/home/kaisar/warehouse_robot/robot/install/stage/share/stage/hook/path.dsv'
[0.756s] INFO:colcon.colcon_core.shell:Creating environment hook '/home/kaisar/warehouse_robot/robot/install/stage/share/stage/hook/path.sh'
[0.758s] Level 1:colcon.colcon_core.environment:checking '/home/kaisar/warehouse_robot/robot/install/stage/lib/pkgconfig/stage.pc'
[0.758s] Level 1:colcon.colcon_core.shell:create_environment_hook('stage', 'pkg_config')
[0.758s] INFO:colcon.colcon_core.shell:Creating environment hook '/home/kaisar/warehouse_robot/robot/install/stage/share/stage/hook/pkg_config.ps1'
[0.759s] INFO:colcon.colcon_core.shell:Creating environment descriptor '/home/kaisar/warehouse_robot/robot/install/stage/share/stage/hook/pkg_config.dsv'
[0.760s] INFO:colcon.colcon_core.shell:Creating environment hook '/home/kaisar/warehouse_robot/robot/install/stage/share/stage/hook/pkg_config.sh'
[0.761s] Level 1:colcon.colcon_core.environment:checking '/home/kaisar/warehouse_robot/robot/install/stage/lib/python3.12/site-packages'
[0.761s] Level 1:colcon.colcon_core.environment:checking '/home/kaisar/warehouse_robot/robot/install/stage/bin'
[0.761s] Level 1:colcon.colcon_core.shell:create_environment_hook('stage', 'pythonscriptspath')
[0.762s] INFO:colcon.colcon_core.shell:Creating environment hook '/home/kaisar/warehouse_robot/robot/install/stage/share/stage/hook/pythonscriptspath.ps1'
[0.763s] INFO:colcon.colcon_core.shell:Creating environment descriptor '/home/kaisar/warehouse_robot/robot/install/stage/share/stage/hook/pythonscriptspath.dsv'
[0.764s] INFO:colcon.colcon_core.shell:Creating environment hook '/home/kaisar/warehouse_robot/robot/install/stage/share/stage/hook/pythonscriptspath.sh'
[0.766s] INFO:colcon.colcon_core.shell:Creating package script '/home/kaisar/warehouse_robot/robot/install/stage/share/stage/package.ps1'
[0.768s] INFO:colcon.colcon_core.shell:Creating package descriptor '/home/kaisar/warehouse_robot/robot/install/stage/share/stage/package.dsv'
[0.770s] INFO:colcon.colcon_core.shell:Creating package script '/home/kaisar/warehouse_robot/robot/install/stage/share/stage/package.sh'
[0.771s] INFO:colcon.colcon_core.shell:Creating package script '/home/kaisar/warehouse_robot/robot/install/stage/share/stage/package.bash'
[0.772s] INFO:colcon.colcon_core.shell:Creating package script '/home/kaisar/warehouse_robot/robot/install/stage/share/stage/package.zsh'
[0.773s] Level 1:colcon.colcon_core.environment:create_file_with_runtime_dependencies(/home/kaisar/warehouse_robot/robot/install/stage/share/colcon-core/packages/stage)
[0.774s] INFO:colcon.colcon_ros.task.ament_cmake.build:Building ROS package in '/home/kaisar/warehouse_robot/robot/ws/src/stage_ros2' with build type 'ament_cmake'
[0.774s] INFO:colcon.colcon_cmake.task.cmake.build:Building CMake package in '/home/kaisar/warehouse_robot/robot/ws/src/stage_ros2'
[0.774s] INFO:colcon.colcon_core.shell:Skip shell extension 'powershell' for command environment: Not usable outside of PowerShell
[0.774s] DEBUG:colcon.colcon_core.shell:Skip shell extension 'dsv' for command environment
[0.787s] DEBUG:colcon.colcon_core.event_handler.log_command:Invoked command in '/home/kaisar/warehouse_robot/robot/build/stage' returned '0': DEBUGINFOD_URLS=https://debuginfod.ubuntu.com /usr/bin/cmake --install /home/kaisar/warehouse_robot/robot/build/stage
[0.795s] Level 1:colcon.colcon_core.environment:create_environment_scripts_only(nav2)
[0.796s] Level 1:colcon.colcon_core.environment:checking '/home/kaisar/warehouse_robot/robot/install/nav2' for CMake module files
[0.797s] Level 1:colcon.colcon_core.environment:checking '/home/kaisar/warehouse_robot/robot/install/nav2' for CMake config files
[0.798s] DEBUG:colcon.colcon_core.event_handler.log_command:Invoked command in '/home/kaisar/warehouse_robot/robot/build/nav2' returned '0': CMAKE_PREFIX_PATH=/home/kaisar/warehouse_robot/robot/install/trp1_description:/home/kaisar/warehouse_robot/robot/install/stage_ros2:/home/kaisar/warehouse_robot/robot/install/ros2_http_client:/home/kaisar/warehouse_robot/robot/install/robot_status:/home/kaisar/warehouse_robot/robot/install/robot_map_manager:/home/kaisar/warehouse_robot/robot/install/robot_planner:/opt/ros/jazzy:/home/kaisar/warehouse_robot/robot/install/stage:/home/kaisar/warehouse_robot/robot/install/robot_launch:/home/kaisar/warehouse_robot/robot/install/robot_msgs:/home/kaisar/warehouse_robot/robot/install/nav2:/opt/ros/jazzy/opt/gz_sim_vendor:/opt/ros/jazzy/opt/gz_sensors_vendor:/opt/ros/jazzy/opt/gz_physics_vendor:/opt/ros/jazzy/opt/sdformat_vendor:/opt/ros/jazzy/opt/gz_gui_vendor:/opt/ros/jazzy/opt/gz_transport_vendor:/opt/ros/jazzy/opt/gz_rendering_vendor:/opt/ros/jazzy/opt/gz_plugin_vendor:/opt/ros/jazzy/opt/gz_fuel_tools_vendor:/opt/ros/jazzy/opt/gz_msgs_vendor:/opt/ros/jazzy/opt/gz_common_vendor:/opt/ros/jazzy/opt/gz_math_vendor:/opt/ros/jazzy/opt/gz_utils_vendor:/opt/ros/jazzy/opt/gz_tools_vendor:/opt/ros/jazzy/opt/gz_ogre_next_vendor:/opt/ros/jazzy/opt/gz_dartsim_vendor:/opt/ros/jazzy/opt/gz_cmake_vendor DEBUGINFOD_URLS=https://debuginfod.ubuntu.com /usr/bin/cmake --install /home/kaisar/warehouse_robot/robot/build/nav2
[0.811s] Level 1:colcon.colcon_core.shell:create_environment_hook('nav2', 'cmake_prefix_path')
[0.811s] INFO:colcon.colcon_core.shell:Creating environment hook '/home/kaisar/warehouse_robot/robot/install/nav2/share/nav2/hook/cmake_prefix_path.ps1'
[0.812s] INFO:colcon.colcon_core.shell:Creating environment descriptor '/home/kaisar/warehouse_robot/robot/install/nav2/share/nav2/hook/cmake_prefix_path.dsv'
[0.812s] INFO:colcon.colcon_core.shell:Creating environment hook '/home/kaisar/warehouse_robot/robot/install/nav2/share/nav2/hook/cmake_prefix_path.sh'
[0.812s] Level 1:colcon.colcon_core.environment:checking '/home/kaisar/warehouse_robot/robot/install/nav2/bin'
[0.812s] Level 1:colcon.colcon_core.environment:checking '/home/kaisar/warehouse_robot/robot/install/nav2/lib/pkgconfig/nav2.pc'
[0.813s] Level 1:colcon.colcon_core.environment:checking '/home/kaisar/warehouse_robot/robot/install/nav2/lib/python3.12/site-packages'
[0.813s] Level 1:colcon.colcon_core.environment:checking '/home/kaisar/warehouse_robot/robot/install/nav2/bin'
[0.813s] INFO:colcon.colcon_core.shell:Creating package script '/home/kaisar/warehouse_robot/robot/install/nav2/share/nav2/package.ps1'
[0.814s] INFO:colcon.colcon_core.shell:Creating package descriptor '/home/kaisar/warehouse_robot/robot/install/nav2/share/nav2/package.dsv'
[0.814s] INFO:colcon.colcon_core.shell:Creating package script '/home/kaisar/warehouse_robot/robot/install/nav2/share/nav2/package.sh'
[0.815s] INFO:colcon.colcon_core.shell:Creating package script '/home/kaisar/warehouse_robot/robot/install/nav2/share/nav2/package.bash'
[0.815s] INFO:colcon.colcon_core.shell:Creating package script '/home/kaisar/warehouse_robot/robot/install/nav2/share/nav2/package.zsh'
[0.815s] Level 1:colcon.colcon_core.environment:create_file_with_runtime_dependencies(/home/kaisar/warehouse_robot/robot/install/nav2/share/colcon-core/packages/nav2)
[0.816s] Level 1:colcon.colcon_core.environment:create_environment_scripts_only(nav2)
[0.816s] Level 1:colcon.colcon_core.environment:checking '/home/kaisar/warehouse_robot/robot/install/nav2' for CMake module files
[0.817s] Level 1:colcon.colcon_core.environment:checking '/home/kaisar/warehouse_robot/robot/install/nav2' for CMake config files
[0.827s] Level 1:colcon.colcon_core.shell:create_environment_hook('nav2', 'cmake_prefix_path')
[0.827s] INFO:colcon.colcon_core.shell:Creating environment hook '/home/kaisar/warehouse_robot/robot/install/nav2/share/nav2/hook/cmake_prefix_path.ps1'
[0.828s] INFO:colcon.colcon_core.shell:Creating environment descriptor '/home/kaisar/warehouse_robot/robot/install/nav2/share/nav2/hook/cmake_prefix_path.dsv'
[0.828s] INFO:colcon.colcon_core.shell:Creating environment hook '/home/kaisar/warehouse_robot/robot/install/nav2/share/nav2/hook/cmake_prefix_path.sh'
[0.829s] Level 1:colcon.colcon_core.environment:checking '/home/kaisar/warehouse_robot/robot/install/nav2/bin'
[0.829s] Level 1:colcon.colcon_core.environment:checking '/home/kaisar/warehouse_robot/robot/install/nav2/lib/pkgconfig/nav2.pc'
[0.829s] Level 1:colcon.colcon_core.environment:checking '/home/kaisar/warehouse_robot/robot/install/nav2/lib/python3.12/site-packages'
[0.829s] Level 1:colcon.colcon_core.environment:checking '/home/kaisar/warehouse_robot/robot/install/nav2/bin'
[0.829s] INFO:colcon.colcon_core.shell:Creating package script '/home/kaisar/warehouse_robot/robot/install/nav2/share/nav2/package.ps1'
[0.830s] INFO:colcon.colcon_core.shell:Creating package descriptor '/home/kaisar/warehouse_robot/robot/install/nav2/share/nav2/package.dsv'
[0.830s] INFO:colcon.colcon_core.shell:Creating package script '/home/kaisar/warehouse_robot/robot/install/nav2/share/nav2/package.sh'
[0.831s] INFO:colcon.colcon_core.shell:Creating package script '/home/kaisar/warehouse_robot/robot/install/nav2/share/nav2/package.bash'
[0.831s] INFO:colcon.colcon_core.shell:Creating package script '/home/kaisar/warehouse_robot/robot/install/nav2/share/nav2/package.zsh'
[0.832s] Level 1:colcon.colcon_core.environment:create_file_with_runtime_dependencies(/home/kaisar/warehouse_robot/robot/install/nav2/share/colcon-core/packages/nav2)
[0.837s] DEBUG:colcon.colcon_core.event_handler.log_command:Invoking command in '/home/kaisar/warehouse_robot/robot/build/stage_ros2': CMAKE_PREFIX_PATH=/home/kaisar/warehouse_robot/robot/install/ros2_http_client:/home/kaisar/warehouse_robot/robot/install/robot_status:/home/kaisar/warehouse_robot/robot/install/robot_map_manager:/home/kaisar/warehouse_robot/robot/install/robot_planner:/opt/ros/jazzy:/home/kaisar/warehouse_robot/robot/install/stage:/home/kaisar/warehouse_robot/robot/install/trp1_description:/home/kaisar/warehouse_robot/robot/install/stage_ros2:/home/kaisar/warehouse_robot/robot/install/robot_launch:/home/kaisar/warehouse_robot/robot/install/robot_msgs:/home/kaisar/warehouse_robot/robot/install/nav2:/opt/ros/jazzy/opt/gz_sim_vendor:/opt/ros/jazzy/opt/gz_sensors_vendor:/opt/ros/jazzy/opt/gz_physics_vendor:/opt/ros/jazzy/opt/sdformat_vendor:/opt/ros/jazzy/opt/gz_gui_vendor:/opt/ros/jazzy/opt/gz_transport_vendor:/opt/ros/jazzy/opt/gz_rendering_vendor:/opt/ros/jazzy/opt/gz_plugin_vendor:/opt/ros/jazzy/opt/gz_fuel_tools_vendor:/opt/ros/jazzy/opt/gz_msgs_vendor:/opt/ros/jazzy/opt/gz_common_vendor:/opt/ros/jazzy/opt/gz_math_vendor:/opt/ros/jazzy/opt/gz_utils_vendor:/opt/ros/jazzy/opt/gz_tools_vendor:/opt/ros/jazzy/opt/gz_ogre_next_vendor:/opt/ros/jazzy/opt/gz_dartsim_vendor:/opt/ros/jazzy/opt/gz_cmake_vendor DEBUGINFOD_URLS=https://debuginfod.ubuntu.com LD_LIBRARY_PATH=/home/kaisar/warehouse_robot/robot/install/stage/lib:/home/kaisar/warehouse_robot/robot/install/stage_ros2/lib:/home/kaisar/warehouse_robot/robot/install/robot_msgs/lib:/opt/ros/jazzy/opt/gz_sim_vendor/lib:/opt/ros/jazzy/opt/gz_sensors_vendor/lib:/opt/ros/jazzy/opt/gz_physics_vendor/lib:/opt/ros/jazzy/opt/sdformat_vendor/lib:/opt/ros/jazzy/opt/rviz_ogre_vendor/lib:/opt/ros/jazzy/lib/x86_64-linux-gnu:/opt/ros/jazzy/opt/gz_gui_vendor/lib:/opt/ros/jazzy/opt/gz_transport_vendor/lib:/opt/ros/jazzy/opt/gz_rendering_vendor/lib:/opt/ros/jazzy/opt/gz_plugin_vendor/lib:/opt/ros/jazzy/opt/gz_fuel_tools_vendor/lib:/opt/ros/jazzy/opt/gz_msgs_vendor/lib:/opt/ros/jazzy/opt/gz_common_vendor/lib:/opt/ros/jazzy/opt/gz_math_vendor/lib:/opt/ros/jazzy/opt/gz_utils_vendor/lib:/opt/ros/jazzy/opt/gz_tools_vendor/lib:/opt/ros/jazzy/opt/gz_ogre_next_vendor/lib:/opt/ros/jazzy/opt/gz_dartsim_vendor/lib:/opt/ros/jazzy/opt/gz_cmake_vendor/lib:/opt/ros/jazzy/lib /usr/bin/cmake --build /home/kaisar/warehouse_robot/robot/build/stage_ros2 -- -j12 -l12
[0.992s] DEBUG:colcon.colcon_core.event_handler.log_command:Invoked command in '/home/kaisar/warehouse_robot/robot/build/stage_ros2' returned '0': CMAKE_PREFIX_PATH=/home/kaisar/warehouse_robot/robot/install/ros2_http_client:/home/kaisar/warehouse_robot/robot/install/robot_status:/home/kaisar/warehouse_robot/robot/install/robot_map_manager:/home/kaisar/warehouse_robot/robot/install/robot_planner:/opt/ros/jazzy:/home/kaisar/warehouse_robot/robot/install/stage:/home/kaisar/warehouse_robot/robot/install/trp1_description:/home/kaisar/warehouse_robot/robot/install/stage_ros2:/home/kaisar/warehouse_robot/robot/install/robot_launch:/home/kaisar/warehouse_robot/robot/install/robot_msgs:/home/kaisar/warehouse_robot/robot/install/nav2:/opt/ros/jazzy/opt/gz_sim_vendor:/opt/ros/jazzy/opt/gz_sensors_vendor:/opt/ros/jazzy/opt/gz_physics_vendor:/opt/ros/jazzy/opt/sdformat_vendor:/opt/ros/jazzy/opt/gz_gui_vendor:/opt/ros/jazzy/opt/gz_transport_vendor:/opt/ros/jazzy/opt/gz_rendering_vendor:/opt/ros/jazzy/opt/gz_plugin_vendor:/opt/ros/jazzy/opt/gz_fuel_tools_vendor:/opt/ros/jazzy/opt/gz_msgs_vendor:/opt/ros/jazzy/opt/gz_common_vendor:/opt/ros/jazzy/opt/gz_math_vendor:/opt/ros/jazzy/opt/gz_utils_vendor:/opt/ros/jazzy/opt/gz_tools_vendor:/opt/ros/jazzy/opt/gz_ogre_next_vendor:/opt/ros/jazzy/opt/gz_dartsim_vendor:/opt/ros/jazzy/opt/gz_cmake_vendor DEBUGINFOD_URLS=https://debuginfod.ubuntu.com LD_LIBRARY_PATH=/home/kaisar/warehouse_robot/robot/install/stage/lib:/home/kaisar/warehouse_robot/robot/install/stage_ros2/lib:/home/kaisar/warehouse_robot/robot/install/robot_msgs/lib:/opt/ros/jazzy/opt/gz_sim_vendor/lib:/opt/ros/jazzy/opt/gz_sensors_vendor/lib:/opt/ros/jazzy/opt/gz_physics_vendor/lib:/opt/ros/jazzy/opt/sdformat_vendor/lib:/opt/ros/jazzy/opt/rviz_ogre_vendor/lib:/opt/ros/jazzy/lib/x86_64-linux-gnu:/opt/ros/jazzy/opt/gz_gui_vendor/lib:/opt/ros/jazzy/opt/gz_transport_vendor/lib:/opt/ros/jazzy/opt/gz_rendering_vendor/lib:/opt/ros/jazzy/opt/gz_plugin_vendor/lib:/opt/ros/jazzy/opt/gz_fuel_tools_vendor/lib:/opt/ros/jazzy/opt/gz_msgs_vendor/lib:/opt/ros/jazzy/opt/gz_common_vendor/lib:/opt/ros/jazzy/opt/gz_math_vendor/lib:/opt/ros/jazzy/opt/gz_utils_vendor/lib:/opt/ros/jazzy/opt/gz_tools_vendor/lib:/opt/ros/jazzy/opt/gz_ogre_next_vendor/lib:/opt/ros/jazzy/opt/gz_dartsim_vendor/lib:/opt/ros/jazzy/opt/gz_cmake_vendor/lib:/opt/ros/jazzy/lib /usr/bin/cmake --build /home/kaisar/warehouse_robot/robot/build/stage_ros2 -- -j12 -l12
[0.994s] DEBUG:colcon.colcon_core.event_handler.log_command:Invoking command in '/home/kaisar/warehouse_robot/robot/build/stage_ros2': CMAKE_PREFIX_PATH=/home/kaisar/warehouse_robot/robot/install/ros2_http_client:/home/kaisar/warehouse_robot/robot/install/robot_status:/home/kaisar/warehouse_robot/robot/install/robot_map_manager:/home/kaisar/warehouse_robot/robot/install/robot_planner:/opt/ros/jazzy:/home/kaisar/warehouse_robot/robot/install/stage:/home/kaisar/warehouse_robot/robot/install/trp1_description:/home/kaisar/warehouse_robot/robot/install/stage_ros2:/home/kaisar/warehouse_robot/robot/install/robot_launch:/home/kaisar/warehouse_robot/robot/install/robot_msgs:/home/kaisar/warehouse_robot/robot/install/nav2:/opt/ros/jazzy/opt/gz_sim_vendor:/opt/ros/jazzy/opt/gz_sensors_vendor:/opt/ros/jazzy/opt/gz_physics_vendor:/opt/ros/jazzy/opt/sdformat_vendor:/opt/ros/jazzy/opt/gz_gui_vendor:/opt/ros/jazzy/opt/gz_transport_vendor:/opt/ros/jazzy/opt/gz_rendering_vendor:/opt/ros/jazzy/opt/gz_plugin_vendor:/opt/ros/jazzy/opt/gz_fuel_tools_vendor:/opt/ros/jazzy/opt/gz_msgs_vendor:/opt/ros/jazzy/opt/gz_common_vendor:/opt/ros/jazzy/opt/gz_math_vendor:/opt/ros/jazzy/opt/gz_utils_vendor:/opt/ros/jazzy/opt/gz_tools_vendor:/opt/ros/jazzy/opt/gz_ogre_next_vendor:/opt/ros/jazzy/opt/gz_dartsim_vendor:/opt/ros/jazzy/opt/gz_cmake_vendor DEBUGINFOD_URLS=https://debuginfod.ubuntu.com LD_LIBRARY_PATH=/home/kaisar/warehouse_robot/robot/install/stage/lib:/home/kaisar/warehouse_robot/robot/install/stage_ros2/lib:/home/kaisar/warehouse_robot/robot/install/robot_msgs/lib:/opt/ros/jazzy/opt/gz_sim_vendor/lib:/opt/ros/jazzy/opt/gz_sensors_vendor/lib:/opt/ros/jazzy/opt/gz_physics_vendor/lib:/opt/ros/jazzy/opt/sdformat_vendor/lib:/opt/ros/jazzy/opt/rviz_ogre_vendor/lib:/opt/ros/jazzy/lib/x86_64-linux-gnu:/opt/ros/jazzy/opt/gz_gui_vendor/lib:/opt/ros/jazzy/opt/gz_transport_vendor/lib:/opt/ros/jazzy/opt/gz_rendering_vendor/lib:/opt/ros/jazzy/opt/gz_plugin_vendor/lib:/opt/ros/jazzy/opt/gz_fuel_tools_vendor/lib:/opt/ros/jazzy/opt/gz_msgs_vendor/lib:/opt/ros/jazzy/opt/gz_common_vendor/lib:/opt/ros/jazzy/opt/gz_math_vendor/lib:/opt/ros/jazzy/opt/gz_utils_vendor/lib:/opt/ros/jazzy/opt/gz_tools_vendor/lib:/opt/ros/jazzy/opt/gz_ogre_next_vendor/lib:/opt/ros/jazzy/opt/gz_dartsim_vendor/lib:/opt/ros/jazzy/opt/gz_cmake_vendor/lib:/opt/ros/jazzy/lib /usr/bin/cmake --install /home/kaisar/warehouse_robot/robot/build/stage_ros2
[1.065s] Level 1:colcon.colcon_core.environment:create_environment_scripts_only(stage_ros2)
[1.066s] Level 1:colcon.colcon_core.environment:checking '/home/kaisar/warehouse_robot/robot/install/stage_ros2' for CMake module files
[1.067s] DEBUG:colcon.colcon_core.event_handler.log_command:Invoked command in '/home/kaisar/warehouse_robot/robot/build/stage_ros2' returned '0': CMAKE_PREFIX_PATH=/home/kaisar/warehouse_robot/robot/install/ros2_http_client:/home/kaisar/warehouse_robot/robot/install/robot_status:/home/kaisar/warehouse_robot/robot/install/robot_map_manager:/home/kaisar/warehouse_robot/robot/install/robot_planner:/opt/ros/jazzy:/home/kaisar/warehouse_robot/robot/install/stage:/home/kaisar/warehouse_robot/robot/install/trp1_description:/home/kaisar/warehouse_robot/robot/install/stage_ros2:/home/kaisar/warehouse_robot/robot/install/robot_launch:/home/kaisar/warehouse_robot/robot/install/robot_msgs:/home/kaisar/warehouse_robot/robot/install/nav2:/opt/ros/jazzy/opt/gz_sim_vendor:/opt/ros/jazzy/opt/gz_sensors_vendor:/opt/ros/jazzy/opt/gz_physics_vendor:/opt/ros/jazzy/opt/sdformat_vendor:/opt/ros/jazzy/opt/gz_gui_vendor:/opt/ros/jazzy/opt/gz_transport_vendor:/opt/ros/jazzy/opt/gz_rendering_vendor:/opt/ros/jazzy/opt/gz_plugin_vendor:/opt/ros/jazzy/opt/gz_fuel_tools_vendor:/opt/ros/jazzy/opt/gz_msgs_vendor:/opt/ros/jazzy/opt/gz_common_vendor:/opt/ros/jazzy/opt/gz_math_vendor:/opt/ros/jazzy/opt/gz_utils_vendor:/opt/ros/jazzy/opt/gz_tools_vendor:/opt/ros/jazzy/opt/gz_ogre_next_vendor:/opt/ros/jazzy/opt/gz_dartsim_vendor:/opt/ros/jazzy/opt/gz_cmake_vendor DEBUGINFOD_URLS=https://debuginfod.ubuntu.com LD_LIBRARY_PATH=/home/kaisar/warehouse_robot/robot/install/stage/lib:/home/kaisar/warehouse_robot/robot/install/stage_ros2/lib:/home/kaisar/warehouse_robot/robot/install/robot_msgs/lib:/opt/ros/jazzy/opt/gz_sim_vendor/lib:/opt/ros/jazzy/opt/gz_sensors_vendor/lib:/opt/ros/jazzy/opt/gz_physics_vendor/lib:/opt/ros/jazzy/opt/sdformat_vendor/lib:/opt/ros/jazzy/opt/rviz_ogre_vendor/lib:/opt/ros/jazzy/lib/x86_64-linux-gnu:/opt/ros/jazzy/opt/gz_gui_vendor/lib:/opt/ros/jazzy/opt/gz_transport_vendor/lib:/opt/ros/jazzy/opt/gz_rendering_vendor/lib:/opt/ros/jazzy/opt/gz_plugin_vendor/lib:/opt/ros/jazzy/opt/gz_fuel_tools_vendor/lib:/opt/ros/jazzy/opt/gz_msgs_vendor/lib:/opt/ros/jazzy/opt/gz_common_vendor/lib:/opt/ros/jazzy/opt/gz_math_vendor/lib:/opt/ros/jazzy/opt/gz_utils_vendor/lib:/opt/ros/jazzy/opt/gz_tools_vendor/lib:/opt/ros/jazzy/opt/gz_ogre_next_vendor/lib:/opt/ros/jazzy/opt/gz_dartsim_vendor/lib:/opt/ros/jazzy/opt/gz_cmake_vendor/lib:/opt/ros/jazzy/lib /usr/bin/cmake --install /home/kaisar/warehouse_robot/robot/build/stage_ros2
[1.068s] Level 1:colcon.colcon_core.environment:checking '/home/kaisar/warehouse_robot/robot/install/stage_ros2' for CMake config files
[1.069s] Level 1:colcon.colcon_core.shell:create_environment_hook('stage_ros2', 'cmake_prefix_path')
[1.069s] INFO:colcon.colcon_core.shell:Creating environment hook '/home/kaisar/warehouse_robot/robot/install/stage_ros2/share/stage_ros2/hook/cmake_prefix_path.ps1'
[1.071s] INFO:colcon.colcon_core.shell:Creating environment descriptor '/home/kaisar/warehouse_robot/robot/install/stage_ros2/share/stage_ros2/hook/cmake_prefix_path.dsv'
[1.071s] INFO:colcon.colcon_core.shell:Creating environment hook '/home/kaisar/warehouse_robot/robot/install/stage_ros2/share/stage_ros2/hook/cmake_prefix_path.sh'
[1.072s] Level 1:colcon.colcon_core.environment:checking '/home/kaisar/warehouse_robot/robot/install/stage_ros2/lib'
[1.073s] Level 1:colcon.colcon_core.shell:create_environment_hook('stage_ros2', 'ld_library_path_lib')
[1.073s] INFO:colcon.colcon_core.shell:Creating environment hook '/home/kaisar/warehouse_robot/robot/install/stage_ros2/share/stage_ros2/hook/ld_library_path_lib.ps1'
[1.074s] INFO:colcon.colcon_core.shell:Creating environment descriptor '/home/kaisar/warehouse_robot/robot/install/stage_ros2/share/stage_ros2/hook/ld_library_path_lib.dsv'
[1.074s] INFO:colcon.colcon_core.shell:Creating environment hook '/home/kaisar/warehouse_robot/robot/install/stage_ros2/share/stage_ros2/hook/ld_library_path_lib.sh'
[1.075s] Level 1:colcon.colcon_core.environment:checking '/home/kaisar/warehouse_robot/robot/install/stage_ros2/bin'
[1.075s] Level 1:colcon.colcon_core.environment:checking '/home/kaisar/warehouse_robot/robot/install/stage_ros2/lib/pkgconfig/stage_ros2.pc'
[1.075s] Level 1:colcon.colcon_core.environment:checking '/home/kaisar/warehouse_robot/robot/install/stage_ros2/lib/python3.12/site-packages'
[1.075s] Level 1:colcon.colcon_core.environment:checking '/home/kaisar/warehouse_robot/robot/install/stage_ros2/bin'
[1.076s] INFO:colcon.colcon_core.shell:Creating package script '/home/kaisar/warehouse_robot/robot/install/stage_ros2/share/stage_ros2/package.ps1'
[1.076s] INFO:colcon.colcon_core.shell:Creating package descriptor '/home/kaisar/warehouse_robot/robot/install/stage_ros2/share/stage_ros2/package.dsv'
[1.077s] INFO:colcon.colcon_core.shell:Creating package script '/home/kaisar/warehouse_robot/robot/install/stage_ros2/share/stage_ros2/package.sh'
[1.077s] INFO:colcon.colcon_core.shell:Creating package script '/home/kaisar/warehouse_robot/robot/install/stage_ros2/share/stage_ros2/package.bash'
[1.078s] INFO:colcon.colcon_core.shell:Creating package script '/home/kaisar/warehouse_robot/robot/install/stage_ros2/share/stage_ros2/package.zsh'
[1.078s] Level 1:colcon.colcon_core.environment:create_file_with_runtime_dependencies(/home/kaisar/warehouse_robot/robot/install/stage_ros2/share/colcon-core/packages/stage_ros2)
[1.079s] Level 1:colcon.colcon_core.environment:create_environment_scripts_only(stage_ros2)
[1.079s] Level 1:colcon.colcon_core.environment:checking '/home/kaisar/warehouse_robot/robot/install/stage_ros2' for CMake module files
[1.079s] Level 1:colcon.colcon_core.environment:checking '/home/kaisar/warehouse_robot/robot/install/stage_ros2' for CMake config files
[1.080s] Level 1:colcon.colcon_core.shell:create_environment_hook('stage_ros2', 'cmake_prefix_path')
[1.080s] INFO:colcon.colcon_core.shell:Creating environment hook '/home/kaisar/warehouse_robot/robot/install/stage_ros2/share/stage_ros2/hook/cmake_prefix_path.ps1'
[1.081s] INFO:colcon.colcon_core.shell:Creating environment descriptor '/home/kaisar/warehouse_robot/robot/install/stage_ros2/share/stage_ros2/hook/cmake_prefix_path.dsv'
[1.081s] INFO:colcon.colcon_core.shell:Creating environment hook '/home/kaisar/warehouse_robot/robot/install/stage_ros2/share/stage_ros2/hook/cmake_prefix_path.sh'
[1.082s] Level 1:colcon.colcon_core.environment:checking '/home/kaisar/warehouse_robot/robot/install/stage_ros2/lib'
[1.082s] Level 1:colcon.colcon_core.shell:create_environment_hook('stage_ros2', 'ld_library_path_lib')
[1.083s] INFO:colcon.colcon_core.shell:Creating environment hook '/home/kaisar/warehouse_robot/robot/install/stage_ros2/share/stage_ros2/hook/ld_library_path_lib.ps1'
[1.083s] INFO:colcon.colcon_core.shell:Creating environment descriptor '/home/kaisar/warehouse_robot/robot/install/stage_ros2/share/stage_ros2/hook/ld_library_path_lib.dsv'
[1.084s] INFO:colcon.colcon_core.shell:Creating environment hook '/home/kaisar/warehouse_robot/robot/install/stage_ros2/share/stage_ros2/hook/ld_library_path_lib.sh'
[1.084s] Level 1:colcon.colcon_core.environment:checking '/home/kaisar/warehouse_robot/robot/install/stage_ros2/bin'
[1.084s] Level 1:colcon.colcon_core.environment:checking '/home/kaisar/warehouse_robot/robot/install/stage_ros2/lib/pkgconfig/stage_ros2.pc'
[1.085s] Level 1:colcon.colcon_core.environment:checking '/home/kaisar/warehouse_robot/robot/install/stage_ros2/lib/python3.12/site-packages'
[1.085s] Level 1:colcon.colcon_core.environment:checking '/home/kaisar/warehouse_robot/robot/install/stage_ros2/bin'
[1.085s] INFO:colcon.colcon_core.shell:Creating package script '/home/kaisar/warehouse_robot/robot/install/stage_ros2/share/stage_ros2/package.ps1'
[1.086s] INFO:colcon.colcon_core.shell:Creating package descriptor '/home/kaisar/warehouse_robot/robot/install/stage_ros2/share/stage_ros2/package.dsv'
[1.087s] INFO:colcon.colcon_core.shell:Creating package script '/home/kaisar/warehouse_robot/robot/install/stage_ros2/share/stage_ros2/package.sh'
[1.087s] INFO:colcon.colcon_core.shell:Creating package script '/home/kaisar/warehouse_robot/robot/install/stage_ros2/share/stage_ros2/package.bash'
[1.088s] INFO:colcon.colcon_core.shell:Creating package script '/home/kaisar/warehouse_robot/robot/install/stage_ros2/share/stage_ros2/package.zsh'
[1.088s] Level 1:colcon.colcon_core.environment:create_file_with_runtime_dependencies(/home/kaisar/warehouse_robot/robot/install/stage_ros2/share/colcon-core/packages/stage_ros2)
[1.159s] DEBUG:colcon.colcon_core.event_handler.log_command:Invoked command in '/home/kaisar/warehouse_robot/robot/build/robot_msgs' returned '0': CMAKE_PREFIX_PATH=/home/kaisar/warehouse_robot/robot/install/trp1_description:/home/kaisar/warehouse_robot/robot/install/stage_ros2:/home/kaisar/warehouse_robot/robot/install/ros2_http_client:/home/kaisar/warehouse_robot/robot/install/robot_status:/home/kaisar/warehouse_robot/robot/install/robot_map_manager:/home/kaisar/warehouse_robot/robot/install/robot_planner:/opt/ros/jazzy:/home/kaisar/warehouse_robot/robot/install/stage:/home/kaisar/warehouse_robot/robot/install/robot_launch:/home/kaisar/warehouse_robot/robot/install/robot_msgs:/home/kaisar/warehouse_robot/robot/install/nav2:/opt/ros/jazzy/opt/gz_sim_vendor:/opt/ros/jazzy/opt/gz_sensors_vendor:/opt/ros/jazzy/opt/gz_physics_vendor:/opt/ros/jazzy/opt/sdformat_vendor:/opt/ros/jazzy/opt/gz_gui_vendor:/opt/ros/jazzy/opt/gz_transport_vendor:/opt/ros/jazzy/opt/gz_rendering_vendor:/opt/ros/jazzy/opt/gz_plugin_vendor:/opt/ros/jazzy/opt/gz_fuel_tools_vendor:/opt/ros/jazzy/opt/gz_msgs_vendor:/opt/ros/jazzy/opt/gz_common_vendor:/opt/ros/jazzy/opt/gz_math_vendor:/opt/ros/jazzy/opt/gz_utils_vendor:/opt/ros/jazzy/opt/gz_tools_vendor:/opt/ros/jazzy/opt/gz_ogre_next_vendor:/opt/ros/jazzy/opt/gz_dartsim_vendor:/opt/ros/jazzy/opt/gz_cmake_vendor DEBUGINFOD_URLS=https://debuginfod.ubuntu.com /usr/bin/cmake --build /home/kaisar/warehouse_robot/robot/build/robot_msgs -- -j12 -l12
[1.161s] DEBUG:colcon.colcon_core.event_handler.log_command:Invoking command in '/home/kaisar/warehouse_robot/robot/build/robot_msgs': CMAKE_PREFIX_PATH=/home/kaisar/warehouse_robot/robot/install/trp1_description:/home/kaisar/warehouse_robot/robot/install/stage_ros2:/home/kaisar/warehouse_robot/robot/install/ros2_http_client:/home/kaisar/warehouse_robot/robot/install/robot_status:/home/kaisar/warehouse_robot/robot/install/robot_map_manager:/home/kaisar/warehouse_robot/robot/install/robot_planner:/opt/ros/jazzy:/home/kaisar/warehouse_robot/robot/install/stage:/home/kaisar/warehouse_robot/robot/install/robot_launch:/home/kaisar/warehouse_robot/robot/install/robot_msgs:/home/kaisar/warehouse_robot/robot/install/nav2:/opt/ros/jazzy/opt/gz_sim_vendor:/opt/ros/jazzy/opt/gz_sensors_vendor:/opt/ros/jazzy/opt/gz_physics_vendor:/opt/ros/jazzy/opt/sdformat_vendor:/opt/ros/jazzy/opt/gz_gui_vendor:/opt/ros/jazzy/opt/gz_transport_vendor:/opt/ros/jazzy/opt/gz_rendering_vendor:/opt/ros/jazzy/opt/gz_plugin_vendor:/opt/ros/jazzy/opt/gz_fuel_tools_vendor:/opt/ros/jazzy/opt/gz_msgs_vendor:/opt/ros/jazzy/opt/gz_common_vendor:/opt/ros/jazzy/opt/gz_math_vendor:/opt/ros/jazzy/opt/gz_utils_vendor:/opt/ros/jazzy/opt/gz_tools_vendor:/opt/ros/jazzy/opt/gz_ogre_next_vendor:/opt/ros/jazzy/opt/gz_dartsim_vendor:/opt/ros/jazzy/opt/gz_cmake_vendor DEBUGINFOD_URLS=https://debuginfod.ubuntu.com /usr/bin/cmake --install /home/kaisar/warehouse_robot/robot/build/robot_msgs
[1.272s] Level 1:colcon.colcon_core.environment:create_environment_scripts_only(robot_msgs)
[1.273s] Level 1:colcon.colcon_core.environment:checking '/home/kaisar/warehouse_robot/robot/install/robot_msgs' for CMake module files
[1.273s] DEBUG:colcon.colcon_core.event_handler.log_command:Invoked command in '/home/kaisar/warehouse_robot/robot/build/robot_msgs' returned '0': CMAKE_PREFIX_PATH=/home/kaisar/warehouse_robot/robot/install/trp1_description:/home/kaisar/warehouse_robot/robot/install/stage_ros2:/home/kaisar/warehouse_robot/robot/install/ros2_http_client:/home/kaisar/warehouse_robot/robot/install/robot_status:/home/kaisar/warehouse_robot/robot/install/robot_map_manager:/home/kaisar/warehouse_robot/robot/install/robot_planner:/opt/ros/jazzy:/home/kaisar/warehouse_robot/robot/install/stage:/home/kaisar/warehouse_robot/robot/install/robot_launch:/home/kaisar/warehouse_robot/robot/install/robot_msgs:/home/kaisar/warehouse_robot/robot/install/nav2:/opt/ros/jazzy/opt/gz_sim_vendor:/opt/ros/jazzy/opt/gz_sensors_vendor:/opt/ros/jazzy/opt/gz_physics_vendor:/opt/ros/jazzy/opt/sdformat_vendor:/opt/ros/jazzy/opt/gz_gui_vendor:/opt/ros/jazzy/opt/gz_transport_vendor:/opt/ros/jazzy/opt/gz_rendering_vendor:/opt/ros/jazzy/opt/gz_plugin_vendor:/opt/ros/jazzy/opt/gz_fuel_tools_vendor:/opt/ros/jazzy/opt/gz_msgs_vendor:/opt/ros/jazzy/opt/gz_common_vendor:/opt/ros/jazzy/opt/gz_math_vendor:/opt/ros/jazzy/opt/gz_utils_vendor:/opt/ros/jazzy/opt/gz_tools_vendor:/opt/ros/jazzy/opt/gz_ogre_next_vendor:/opt/ros/jazzy/opt/gz_dartsim_vendor:/opt/ros/jazzy/opt/gz_cmake_vendor DEBUGINFOD_URLS=https://debuginfod.ubuntu.com /usr/bin/cmake --install /home/kaisar/warehouse_robot/robot/build/robot_msgs
[1.274s] Level 1:colcon.colcon_core.environment:checking '/home/kaisar/warehouse_robot/robot/install/robot_msgs' for CMake config files
[1.275s] Level 1:colcon.colcon_core.shell:create_environment_hook('robot_msgs', 'cmake_prefix_path')
[1.275s] INFO:colcon.colcon_core.shell:Creating environment hook '/home/kaisar/warehouse_robot/robot/install/robot_msgs/share/robot_msgs/hook/cmake_prefix_path.ps1'
[1.275s] INFO:colcon.colcon_core.shell:Creating environment descriptor '/home/kaisar/warehouse_robot/robot/install/robot_msgs/share/robot_msgs/hook/cmake_prefix_path.dsv'
[1.276s] INFO:colcon.colcon_core.shell:Creating environment hook '/home/kaisar/warehouse_robot/robot/install/robot_msgs/share/robot_msgs/hook/cmake_prefix_path.sh'
[1.276s] Level 1:colcon.colcon_core.environment:checking '/home/kaisar/warehouse_robot/robot/install/robot_msgs/lib'
[1.276s] Level 1:colcon.colcon_core.shell:create_environment_hook('robot_msgs', 'ld_library_path_lib')
[1.277s] INFO:colcon.colcon_core.shell:Creating environment hook '/home/kaisar/warehouse_robot/robot/install/robot_msgs/share/robot_msgs/hook/ld_library_path_lib.ps1'
[1.277s] INFO:colcon.colcon_core.shell:Creating environment descriptor '/home/kaisar/warehouse_robot/robot/install/robot_msgs/share/robot_msgs/hook/ld_library_path_lib.dsv'
[1.277s] INFO:colcon.colcon_core.shell:Creating environment hook '/home/kaisar/warehouse_robot/robot/install/robot_msgs/share/robot_msgs/hook/ld_library_path_lib.sh'
[1.278s] Level 1:colcon.colcon_core.environment:checking '/home/kaisar/warehouse_robot/robot/install/robot_msgs/bin'
[1.278s] Level 1:colcon.colcon_core.environment:checking '/home/kaisar/warehouse_robot/robot/install/robot_msgs/lib/pkgconfig/robot_msgs.pc'
[1.278s] Level 1:colcon.colcon_core.environment:checking '/home/kaisar/warehouse_robot/robot/install/robot_msgs/lib/python3.12/site-packages'
[1.278s] Level 1:colcon.colcon_core.shell:create_environment_hook('robot_msgs', 'pythonpath')
[1.279s] INFO:colcon.colcon_core.shell:Creating environment hook '/home/kaisar/warehouse_robot/robot/install/robot_msgs/share/robot_msgs/hook/pythonpath.ps1'
[1.279s] INFO:colcon.colcon_core.shell:Creating environment descriptor '/home/kaisar/warehouse_robot/robot/install/robot_msgs/share/robot_msgs/hook/pythonpath.dsv'
[1.279s] INFO:colcon.colcon_core.shell:Creating environment hook '/home/kaisar/warehouse_robot/robot/install/robot_msgs/share/robot_msgs/hook/pythonpath.sh'
[1.280s] Level 1:colcon.colcon_core.environment:checking '/home/kaisar/warehouse_robot/robot/install/robot_msgs/bin'
[1.280s] INFO:colcon.colcon_core.shell:Creating package script '/home/kaisar/warehouse_robot/robot/install/robot_msgs/share/robot_msgs/package.ps1'
[1.281s] INFO:colcon.colcon_core.shell:Creating package descriptor '/home/kaisar/warehouse_robot/robot/install/robot_msgs/share/robot_msgs/package.dsv'
[1.282s] INFO:colcon.colcon_core.shell:Creating package script '/home/kaisar/warehouse_robot/robot/install/robot_msgs/share/robot_msgs/package.sh'
[1.282s] INFO:colcon.colcon_core.shell:Creating package script '/home/kaisar/warehouse_robot/robot/install/robot_msgs/share/robot_msgs/package.bash'
[1.282s] INFO:colcon.colcon_core.shell:Creating package script '/home/kaisar/warehouse_robot/robot/install/robot_msgs/share/robot_msgs/package.zsh'
[1.283s] Level 1:colcon.colcon_core.environment:create_file_with_runtime_dependencies(/home/kaisar/warehouse_robot/robot/install/robot_msgs/share/colcon-core/packages/robot_msgs)
[1.283s] Level 1:colcon.colcon_core.environment:create_environment_scripts_only(robot_msgs)
[1.283s] Level 1:colcon.colcon_core.environment:checking '/home/kaisar/warehouse_robot/robot/install/robot_msgs' for CMake module files
[1.284s] Level 1:colcon.colcon_core.environment:checking '/home/kaisar/warehouse_robot/robot/install/robot_msgs' for CMake config files
[1.285s] Level 1:colcon.colcon_core.shell:create_environment_hook('robot_msgs', 'cmake_prefix_path')
[1.286s] INFO:colcon.colcon_core.shell:Creating environment hook '/home/kaisar/warehouse_robot/robot/install/robot_msgs/share/robot_msgs/hook/cmake_prefix_path.ps1'
[1.287s] INFO:colcon.colcon_core.shell:Creating environment descriptor '/home/kaisar/warehouse_robot/robot/install/robot_msgs/share/robot_msgs/hook/cmake_prefix_path.dsv'
[1.287s] INFO:colcon.colcon_core.shell:Creating environment hook '/home/kaisar/warehouse_robot/robot/install/robot_msgs/share/robot_msgs/hook/cmake_prefix_path.sh'
[1.288s] Level 1:colcon.colcon_core.environment:checking '/home/kaisar/warehouse_robot/robot/install/robot_msgs/lib'
[1.288s] Level 1:colcon.colcon_core.shell:create_environment_hook('robot_msgs', 'ld_library_path_lib')
[1.288s] INFO:colcon.colcon_core.shell:Creating environment hook '/home/kaisar/warehouse_robot/robot/install/robot_msgs/share/robot_msgs/hook/ld_library_path_lib.ps1'
[1.289s] INFO:colcon.colcon_core.shell:Creating environment descriptor '/home/kaisar/warehouse_robot/robot/install/robot_msgs/share/robot_msgs/hook/ld_library_path_lib.dsv'
[1.289s] INFO:colcon.colcon_core.shell:Creating environment hook '/home/kaisar/warehouse_robot/robot/install/robot_msgs/share/robot_msgs/hook/ld_library_path_lib.sh'
[1.290s] Level 1:colcon.colcon_core.environment:checking '/home/kaisar/warehouse_robot/robot/install/robot_msgs/bin'
[1.290s] Level 1:colcon.colcon_core.environment:checking '/home/kaisar/warehouse_robot/robot/install/robot_msgs/lib/pkgconfig/robot_msgs.pc'
[1.290s] Level 1:colcon.colcon_core.environment:checking '/home/kaisar/warehouse_robot/robot/install/robot_msgs/lib/python3.12/site-packages'
[1.290s] Level 1:colcon.colcon_core.shell:create_environment_hook('robot_msgs', 'pythonpath')
[1.291s] INFO:colcon.colcon_core.shell:Creating environment hook '/home/kaisar/warehouse_robot/robot/install/robot_msgs/share/robot_msgs/hook/pythonpath.ps1'
[1.291s] INFO:colcon.colcon_core.shell:Creating environment descriptor '/home/kaisar/warehouse_robot/robot/install/robot_msgs/share/robot_msgs/hook/pythonpath.dsv'
[1.291s] INFO:colcon.colcon_core.shell:Creating environment hook '/home/kaisar/warehouse_robot/robot/install/robot_msgs/share/robot_msgs/hook/pythonpath.sh'
[1.292s] Level 1:colcon.colcon_core.environment:checking '/home/kaisar/warehouse_robot/robot/install/robot_msgs/bin'
[1.293s] INFO:colcon.colcon_core.shell:Creating package script '/home/kaisar/warehouse_robot/robot/install/robot_msgs/share/robot_msgs/package.ps1'
[1.293s] INFO:colcon.colcon_core.shell:Creating package descriptor '/home/kaisar/warehouse_robot/robot/install/robot_msgs/share/robot_msgs/package.dsv'
[1.294s] INFO:colcon.colcon_core.shell:Creating package script '/home/kaisar/warehouse_robot/robot/install/robot_msgs/share/robot_msgs/package.sh'
[1.294s] INFO:colcon.colcon_core.shell:Creating package script '/home/kaisar/warehouse_robot/robot/install/robot_msgs/share/robot_msgs/package.bash'
[1.295s] INFO:colcon.colcon_core.shell:Creating package script '/home/kaisar/warehouse_robot/robot/install/robot_msgs/share/robot_msgs/package.zsh'
[1.295s] Level 1:colcon.colcon_core.environment:create_file_with_runtime_dependencies(/home/kaisar/warehouse_robot/robot/install/robot_msgs/share/colcon-core/packages/robot_msgs)
[1.296s] INFO:colcon.colcon_ros.task.ament_python.build:Building ROS package in '/home/kaisar/warehouse_robot/robot/ws/src/robot_planner' with build type 'ament_python'
[1.296s] Level 1:colcon.colcon_core.shell:create_environment_hook('robot_planner', 'ament_prefix_path')
[1.296s] INFO:colcon.colcon_core.shell:Creating environment hook '/home/kaisar/warehouse_robot/robot/install/robot_planner/share/robot_planner/hook/ament_prefix_path.ps1'
[1.297s] INFO:colcon.colcon_core.shell:Creating environment descriptor '/home/kaisar/warehouse_robot/robot/install/robot_planner/share/robot_planner/hook/ament_prefix_path.dsv'
[1.298s] INFO:colcon.colcon_core.shell:Creating environment hook '/home/kaisar/warehouse_robot/robot/install/robot_planner/share/robot_planner/hook/ament_prefix_path.sh'
[1.299s] INFO:colcon.colcon_core.shell:Skip shell extension 'powershell' for command environment: Not usable outside of PowerShell
[1.299s] DEBUG:colcon.colcon_core.shell:Skip shell extension 'dsv' for command environment
[1.599s] INFO:colcon.colcon_core.task.python.build:Building Python package in '/home/kaisar/warehouse_robot/robot/ws/src/robot_planner'
[1.599s] INFO:colcon.colcon_core.shell:Skip shell extension 'powershell' for command environment: Not usable outside of PowerShell
[1.600s] DEBUG:colcon.colcon_core.shell:Skip shell extension 'dsv' for command environment
[2.473s] DEBUG:colcon.colcon_core.event_handler.log_command:Invoking command in '/home/kaisar/warehouse_robot/robot/build/robot_planner': CMAKE_PREFIX_PATH=/home/kaisar/warehouse_robot/robot/install/robot_msgs:/home/kaisar/warehouse_robot/robot/install/trp1_description:/home/kaisar/warehouse_robot/robot/install/stage_ros2:/home/kaisar/warehouse_robot/robot/install/stage:/home/kaisar/warehouse_robot/robot/install/robot_launch:/home/kaisar/warehouse_robot/robot/install/nav2:/opt/ros/jazzy/opt/gz_sim_vendor:/opt/ros/jazzy/opt/gz_sensors_vendor:/opt/ros/jazzy/opt/gz_physics_vendor:/opt/ros/jazzy/opt/sdformat_vendor:/opt/ros/jazzy/opt/gz_gui_vendor:/opt/ros/jazzy/opt/gz_transport_vendor:/opt/ros/jazzy/opt/gz_rendering_vendor:/opt/ros/jazzy/opt/gz_plugin_vendor:/opt/ros/jazzy/opt/gz_fuel_tools_vendor:/opt/ros/jazzy/opt/gz_msgs_vendor:/opt/ros/jazzy/opt/gz_common_vendor:/opt/ros/jazzy/opt/gz_math_vendor:/opt/ros/jazzy/opt/gz_utils_vendor:/opt/ros/jazzy/opt/gz_tools_vendor:/opt/ros/jazzy/opt/gz_ogre_next_vendor:/opt/ros/jazzy/opt/gz_dartsim_vendor:/opt/ros/jazzy/opt/gz_cmake_vendor DEBUGINFOD_URLS=https://debuginfod.ubuntu.com LD_LIBRARY_PATH=/home/kaisar/warehouse_robot/robot/install/robot_msgs/lib:/home/kaisar/warehouse_robot/robot/install/stage_ros2/lib:/home/kaisar/warehouse_robot/robot/install/stage/lib:/opt/ros/jazzy/opt/gz_sim_vendor/lib:/opt/ros/jazzy/opt/gz_sensors_vendor/lib:/opt/ros/jazzy/opt/gz_physics_vendor/lib:/opt/ros/jazzy/opt/sdformat_vendor/lib:/opt/ros/jazzy/opt/rviz_ogre_vendor/lib:/opt/ros/jazzy/lib/x86_64-linux-gnu:/opt/ros/jazzy/opt/gz_gui_vendor/lib:/opt/ros/jazzy/opt/gz_transport_vendor/lib:/opt/ros/jazzy/opt/gz_rendering_vendor/lib:/opt/ros/jazzy/opt/gz_plugin_vendor/lib:/opt/ros/jazzy/opt/gz_fuel_tools_vendor/lib:/opt/ros/jazzy/opt/gz_msgs_vendor/lib:/opt/ros/jazzy/opt/gz_common_vendor/lib:/opt/ros/jazzy/opt/gz_math_vendor/lib:/opt/ros/jazzy/opt/gz_utils_vendor/lib:/opt/ros/jazzy/opt/gz_tools_vendor/lib:/opt/ros/jazzy/opt/gz_ogre_next_vendor/lib:/opt/ros/jazzy/opt/gz_dartsim_vendor/lib:/opt/ros/jazzy/opt/gz_cmake_vendor/lib:/opt/ros/jazzy/lib PYTHONPATH=/home/kaisar/warehouse_robot/robot/build/robot_planner/prefix_override:/usr/lib/python3/dist-packages/colcon_core/task/python/colcon_distutils_commands:/home/kaisar/warehouse_robot/robot/install/robot_planner/lib/python3.12/site-packages:/home/kaisar/warehouse_robot/robot/install/robot_msgs/lib/python3.12/site-packages:/home/kaisar/warehouse_robot/robot/build/ros2_http_client:/home/kaisar/warehouse_robot/robot/install/ros2_http_client/lib/python3.12/site-packages:/home/kaisar/warehouse_robot/robot/build/robot_status:/home/kaisar/warehouse_robot/robot/install/robot_status/lib/python3.12/site-packages:/home/kaisar/warehouse_robot/robot/build/robot_map_manager:/home/kaisar/warehouse_robot/robot/install/robot_map_manager/lib/python3.12/site-packages:/home/kaisar/warehouse_robot/robot/build/robot_planner:/home/kaisar/warehouse_robot/robot/install/robot_planner/lib/python3.12/site-packages:/opt/ros/jazzy/lib/python/site-packages:/opt/ros/jazzy/lib/python3.12/site-packages /usr/bin/python3 -W ignore:setup.py install is deprecated -W ignore:easy_install command is deprecated setup.py develop --editable --build-directory /home/kaisar/warehouse_robot/robot/build/robot_planner/build --no-deps symlink_data
[3.488s] Level 1:colcon.colcon_core.shell:create_environment_hook('robot_planner', 'pythonpath_develop')
[3.488s] INFO:colcon.colcon_core.shell:Creating environment hook '/home/kaisar/warehouse_robot/robot/build/robot_planner/share/robot_planner/hook/pythonpath_develop.ps1'
[3.489s] DEBUG:colcon.colcon_core.event_handler.log_command:Invoked command in '/home/kaisar/warehouse_robot/robot/build/robot_planner' returned '0': CMAKE_PREFIX_PATH=/home/kaisar/warehouse_robot/robot/install/robot_msgs:/home/kaisar/warehouse_robot/robot/install/trp1_description:/home/kaisar/warehouse_robot/robot/install/stage_ros2:/home/kaisar/warehouse_robot/robot/install/stage:/home/kaisar/warehouse_robot/robot/install/robot_launch:/home/kaisar/warehouse_robot/robot/install/nav2:/opt/ros/jazzy/opt/gz_sim_vendor:/opt/ros/jazzy/opt/gz_sensors_vendor:/opt/ros/jazzy/opt/gz_physics_vendor:/opt/ros/jazzy/opt/sdformat_vendor:/opt/ros/jazzy/opt/gz_gui_vendor:/opt/ros/jazzy/opt/gz_transport_vendor:/opt/ros/jazzy/opt/gz_rendering_vendor:/opt/ros/jazzy/opt/gz_plugin_vendor:/opt/ros/jazzy/opt/gz_fuel_tools_vendor:/opt/ros/jazzy/opt/gz_msgs_vendor:/opt/ros/jazzy/opt/gz_common_vendor:/opt/ros/jazzy/opt/gz_math_vendor:/opt/ros/jazzy/opt/gz_utils_vendor:/opt/ros/jazzy/opt/gz_tools_vendor:/opt/ros/jazzy/opt/gz_ogre_next_vendor:/opt/ros/jazzy/opt/gz_dartsim_vendor:/opt/ros/jazzy/opt/gz_cmake_vendor DEBUGINFOD_URLS=https://debuginfod.ubuntu.com LD_LIBRARY_PATH=/home/kaisar/warehouse_robot/robot/install/robot_msgs/lib:/home/kaisar/warehouse_robot/robot/install/stage_ros2/lib:/home/kaisar/warehouse_robot/robot/install/stage/lib:/opt/ros/jazzy/opt/gz_sim_vendor/lib:/opt/ros/jazzy/opt/gz_sensors_vendor/lib:/opt/ros/jazzy/opt/gz_physics_vendor/lib:/opt/ros/jazzy/opt/sdformat_vendor/lib:/opt/ros/jazzy/opt/rviz_ogre_vendor/lib:/opt/ros/jazzy/lib/x86_64-linux-gnu:/opt/ros/jazzy/opt/gz_gui_vendor/lib:/opt/ros/jazzy/opt/gz_transport_vendor/lib:/opt/ros/jazzy/opt/gz_rendering_vendor/lib:/opt/ros/jazzy/opt/gz_plugin_vendor/lib:/opt/ros/jazzy/opt/gz_fuel_tools_vendor/lib:/opt/ros/jazzy/opt/gz_msgs_vendor/lib:/opt/ros/jazzy/opt/gz_common_vendor/lib:/opt/ros/jazzy/opt/gz_math_vendor/lib:/opt/ros/jazzy/opt/gz_utils_vendor/lib:/opt/ros/jazzy/opt/gz_tools_vendor/lib:/opt/ros/jazzy/opt/gz_ogre_next_vendor/lib:/opt/ros/jazzy/opt/gz_dartsim_vendor/lib:/opt/ros/jazzy/opt/gz_cmake_vendor/lib:/opt/ros/jazzy/lib PYTHONPATH=/home/kaisar/warehouse_robot/robot/build/robot_planner/prefix_override:/usr/lib/python3/dist-packages/colcon_core/task/python/colcon_distutils_commands:/home/kaisar/warehouse_robot/robot/install/robot_planner/lib/python3.12/site-packages:/home/kaisar/warehouse_robot/robot/install/robot_msgs/lib/python3.12/site-packages:/home/kaisar/warehouse_robot/robot/build/ros2_http_client:/home/kaisar/warehouse_robot/robot/install/ros2_http_client/lib/python3.12/site-packages:/home/kaisar/warehouse_robot/robot/build/robot_status:/home/kaisar/warehouse_robot/robot/install/robot_status/lib/python3.12/site-packages:/home/kaisar/warehouse_robot/robot/build/robot_map_manager:/home/kaisar/warehouse_robot/robot/install/robot_map_manager/lib/python3.12/site-packages:/home/kaisar/warehouse_robot/robot/build/robot_planner:/home/kaisar/warehouse_robot/robot/install/robot_planner/lib/python3.12/site-packages:/opt/ros/jazzy/lib/python/site-packages:/opt/ros/jazzy/lib/python3.12/site-packages /usr/bin/python3 -W ignore:setup.py install is deprecated -W ignore:easy_install command is deprecated setup.py develop --editable --build-directory /home/kaisar/warehouse_robot/robot/build/robot_planner/build --no-deps symlink_data
[3.489s] INFO:colcon.colcon_core.shell:Creating environment descriptor '/home/kaisar/warehouse_robot/robot/build/robot_planner/share/robot_planner/hook/pythonpath_develop.dsv'
[3.490s] INFO:colcon.colcon_core.shell:Creating environment hook '/home/kaisar/warehouse_robot/robot/build/robot_planner/share/robot_planner/hook/pythonpath_develop.sh'
[3.490s] Level 1:colcon.colcon_core.environment:checking '/home/kaisar/warehouse_robot/robot/install/robot_planner' for CMake module files
[3.491s] Level 1:colcon.colcon_core.environment:checking '/home/kaisar/warehouse_robot/robot/install/robot_planner' for CMake config files
[3.491s] Level 1:colcon.colcon_core.environment:checking '/home/kaisar/warehouse_robot/robot/install/robot_planner/lib'
[3.491s] Level 1:colcon.colcon_core.environment:checking '/home/kaisar/warehouse_robot/robot/install/robot_planner/bin'
[3.491s] Level 1:colcon.colcon_core.environment:checking '/home/kaisar/warehouse_robot/robot/install/robot_planner/lib/pkgconfig/robot_planner.pc'
[3.491s] Level 1:colcon.colcon_core.environment:checking '/home/kaisar/warehouse_robot/robot/install/robot_planner/lib/python3.12/site-packages'
[3.492s] Level 1:colcon.colcon_core.shell:create_environment_hook('robot_planner', 'pythonpath')
[3.492s] INFO:colcon.colcon_core.shell:Creating environment hook '/home/kaisar/warehouse_robot/robot/install/robot_planner/share/robot_planner/hook/pythonpath.ps1'
[3.493s] INFO:colcon.colcon_core.shell:Creating environment descriptor '/home/kaisar/warehouse_robot/robot/install/robot_planner/share/robot_planner/hook/pythonpath.dsv'
[3.493s] INFO:colcon.colcon_core.shell:Creating environment hook '/home/kaisar/warehouse_robot/robot/install/robot_planner/share/robot_planner/hook/pythonpath.sh'
[3.494s] Level 1:colcon.colcon_core.environment:checking '/home/kaisar/warehouse_robot/robot/install/robot_planner/bin'
[3.494s] Level 1:colcon.colcon_core.environment:create_environment_scripts_only(robot_planner)
[3.494s] INFO:colcon.colcon_core.shell:Creating package script '/home/kaisar/warehouse_robot/robot/install/robot_planner/share/robot_planner/package.ps1'
[3.495s] INFO:colcon.colcon_core.shell:Creating package descriptor '/home/kaisar/warehouse_robot/robot/install/robot_planner/share/robot_planner/package.dsv'
[3.495s] INFO:colcon.colcon_core.shell:Creating package script '/home/kaisar/warehouse_robot/robot/install/robot_planner/share/robot_planner/package.sh'
[3.495s] INFO:colcon.colcon_core.shell:Creating package script '/home/kaisar/warehouse_robot/robot/install/robot_planner/share/robot_planner/package.bash'
[3.496s] INFO:colcon.colcon_core.shell:Creating package script '/home/kaisar/warehouse_robot/robot/install/robot_planner/share/robot_planner/package.zsh'
[3.496s] Level 1:colcon.colcon_core.environment:create_file_with_runtime_dependencies(/home/kaisar/warehouse_robot/robot/install/robot_planner/share/colcon-core/packages/robot_planner)
[3.496s] INFO:colcon.colcon_ros.task.ament_python.build:Building ROS package in '/home/kaisar/warehouse_robot/robot/ws/src/robot_map_manager' with build type 'ament_python'
[3.497s] Level 1:colcon.colcon_core.shell:create_environment_hook('robot_map_manager', 'ament_prefix_path')
[3.497s] INFO:colcon.colcon_core.shell:Creating environment hook '/home/kaisar/warehouse_robot/robot/install/robot_map_manager/share/robot_map_manager/hook/ament_prefix_path.ps1'
[3.498s] INFO:colcon.colcon_core.shell:Creating environment descriptor '/home/kaisar/warehouse_robot/robot/install/robot_map_manager/share/robot_map_manager/hook/ament_prefix_path.dsv'
[3.499s] INFO:colcon.colcon_core.shell:Creating environment hook '/home/kaisar/warehouse_robot/robot/install/robot_map_manager/share/robot_map_manager/hook/ament_prefix_path.sh'
[3.500s] INFO:colcon.colcon_core.shell:Skip shell extension 'powershell' for command environment: Not usable outside of PowerShell
[3.500s] DEBUG:colcon.colcon_core.shell:Skip shell extension 'dsv' for command environment
[3.505s] INFO:colcon.colcon_ros.task.ament_python.build:Building ROS package in '/home/kaisar/warehouse_robot/robot/ws/src/robot_status' with build type 'ament_python'
[3.505s] Level 1:colcon.colcon_core.shell:create_environment_hook('robot_status', 'ament_prefix_path')
[3.505s] INFO:colcon.colcon_core.shell:Creating environment hook '/home/kaisar/warehouse_robot/robot/install/robot_status/share/robot_status/hook/ament_prefix_path.ps1'
[3.506s] INFO:colcon.colcon_core.shell:Creating environment descriptor '/home/kaisar/warehouse_robot/robot/install/robot_status/share/robot_status/hook/ament_prefix_path.dsv'
[3.507s] INFO:colcon.colcon_core.shell:Creating environment hook '/home/kaisar/warehouse_robot/robot/install/robot_status/share/robot_status/hook/ament_prefix_path.sh'
[3.508s] INFO:colcon.colcon_core.shell:Skip shell extension 'powershell' for command environment: Not usable outside of PowerShell
[3.508s] DEBUG:colcon.colcon_core.shell:Skip shell extension 'dsv' for command environment
[3.514s] INFO:colcon.colcon_ros.task.ament_python.build:Building ROS package in '/home/kaisar/warehouse_robot/robot/ws/src/ros2_http_client' with build type 'ament_python'
[3.514s] Level 1:colcon.colcon_core.shell:create_environment_hook('ros2_http_client', 'ament_prefix_path')
[3.514s] INFO:colcon.colcon_core.shell:Creating environment hook '/home/kaisar/warehouse_robot/robot/install/ros2_http_client/share/ros2_http_client/hook/ament_prefix_path.ps1'
[3.515s] INFO:colcon.colcon_core.shell:Creating environment descriptor '/home/kaisar/warehouse_robot/robot/install/ros2_http_client/share/ros2_http_client/hook/ament_prefix_path.dsv'
[3.515s] INFO:colcon.colcon_core.shell:Creating environment hook '/home/kaisar/warehouse_robot/robot/install/ros2_http_client/share/ros2_http_client/hook/ament_prefix_path.sh'
[3.516s] INFO:colcon.colcon_core.shell:Skip shell extension 'powershell' for command environment: Not usable outside of PowerShell
[3.516s] DEBUG:colcon.colcon_core.shell:Skip shell extension 'dsv' for command environment
[3.804s] INFO:colcon.colcon_core.task.python.build:Building Python package in '/home/kaisar/warehouse_robot/robot/ws/src/robot_map_manager'
[3.804s] INFO:colcon.colcon_core.shell:Skip shell extension 'powershell' for command environment: Not usable outside of PowerShell
[3.804s] DEBUG:colcon.colcon_core.shell:Skip shell extension 'dsv' for command environment
[4.093s] INFO:colcon.colcon_core.task.python.build:Building Python package in '/home/kaisar/warehouse_robot/robot/ws/src/robot_status'
[4.093s] INFO:colcon.colcon_core.shell:Skip shell extension 'powershell' for command environment: Not usable outside of PowerShell
[4.093s] DEBUG:colcon.colcon_core.shell:Skip shell extension 'dsv' for command environment
[4.402s] INFO:colcon.colcon_core.task.python.build:Building Python package in '/home/kaisar/warehouse_robot/robot/ws/src/ros2_http_client'
[4.402s] INFO:colcon.colcon_core.shell:Skip shell extension 'powershell' for command environment: Not usable outside of PowerShell
[4.402s] DEBUG:colcon.colcon_core.shell:Skip shell extension 'dsv' for command environment
[5.303s] DEBUG:colcon.colcon_core.task.python.build:While undoing a previous installation files outside the Python library path are being ignored: /home/kaisar/warehouse_robot/robot/install/robot_status/share/ament_index/resource_index/packages/robot_status
[5.303s] DEBUG:colcon.colcon_core.task.python.build:While undoing a previous installation files outside the Python library path are being ignored: /home/kaisar/warehouse_robot/robot/install/robot_status/share/robot_status/package.xml
[5.303s] DEBUG:colcon.colcon_core.task.python.build:While undoing a previous installation files outside the Python library path are being ignored: /home/kaisar/warehouse_robot/robot/install/robot_status/lib/robot_status/status_node
[5.305s] DEBUG:colcon.colcon_core.event_handler.log_command:Invoking command in '/home/kaisar/warehouse_robot/robot/build/robot_status': AMENT_PREFIX_PATH=/home/kaisar/warehouse_robot/robot/install/robot_planner:/home/kaisar/warehouse_robot/robot/install/trp1_description:/home/kaisar/warehouse_robot/robot/install/stage_ros2:/home/kaisar/warehouse_robot/robot/install/ros2_http_client:/home/kaisar/warehouse_robot/robot/install/robot_launch:/home/kaisar/warehouse_robot/robot/install/robot_status:/home/kaisar/warehouse_robot/robot/install/robot_map_manager:/home/kaisar/warehouse_robot/robot/install/robot_msgs:/home/kaisar/warehouse_robot/robot/install/nav2:/opt/ros/jazzy CMAKE_PREFIX_PATH=/home/kaisar/warehouse_robot/robot/install/robot_msgs:/home/kaisar/warehouse_robot/robot/install/trp1_description:/home/kaisar/warehouse_robot/robot/install/stage_ros2:/home/kaisar/warehouse_robot/robot/install/stage:/home/kaisar/warehouse_robot/robot/install/robot_launch:/home/kaisar/warehouse_robot/robot/install/nav2:/opt/ros/jazzy/opt/gz_sim_vendor:/opt/ros/jazzy/opt/gz_sensors_vendor:/opt/ros/jazzy/opt/gz_physics_vendor:/opt/ros/jazzy/opt/sdformat_vendor:/opt/ros/jazzy/opt/gz_gui_vendor:/opt/ros/jazzy/opt/gz_transport_vendor:/opt/ros/jazzy/opt/gz_rendering_vendor:/opt/ros/jazzy/opt/gz_plugin_vendor:/opt/ros/jazzy/opt/gz_fuel_tools_vendor:/opt/ros/jazzy/opt/gz_msgs_vendor:/opt/ros/jazzy/opt/gz_common_vendor:/opt/ros/jazzy/opt/gz_math_vendor:/opt/ros/jazzy/opt/gz_utils_vendor:/opt/ros/jazzy/opt/gz_tools_vendor:/opt/ros/jazzy/opt/gz_ogre_next_vendor:/opt/ros/jazzy/opt/gz_dartsim_vendor:/opt/ros/jazzy/opt/gz_cmake_vendor DEBUGINFOD_URLS=https://debuginfod.ubuntu.com LD_LIBRARY_PATH=/home/kaisar/warehouse_robot/robot/install/robot_msgs/lib:/home/kaisar/warehouse_robot/robot/install/stage_ros2/lib:/home/kaisar/warehouse_robot/robot/install/stage/lib:/opt/ros/jazzy/opt/gz_sim_vendor/lib:/opt/ros/jazzy/opt/gz_sensors_vendor/lib:/opt/ros/jazzy/opt/gz_physics_vendor/lib:/opt/ros/jazzy/opt/sdformat_vendor/lib:/opt/ros/jazzy/opt/rviz_ogre_vendor/lib:/opt/ros/jazzy/lib/x86_64-linux-gnu:/opt/ros/jazzy/opt/gz_gui_vendor/lib:/opt/ros/jazzy/opt/gz_transport_vendor/lib:/opt/ros/jazzy/opt/gz_rendering_vendor/lib:/opt/ros/jazzy/opt/gz_plugin_vendor/lib:/opt/ros/jazzy/opt/gz_fuel_tools_vendor/lib:/opt/ros/jazzy/opt/gz_msgs_vendor/lib:/opt/ros/jazzy/opt/gz_common_vendor/lib:/opt/ros/jazzy/opt/gz_math_vendor/lib:/opt/ros/jazzy/opt/gz_utils_vendor/lib:/opt/ros/jazzy/opt/gz_tools_vendor/lib:/opt/ros/jazzy/opt/gz_ogre_next_vendor/lib:/opt/ros/jazzy/opt/gz_dartsim_vendor/lib:/opt/ros/jazzy/opt/gz_cmake_vendor/lib:/opt/ros/jazzy/lib PYTHONPATH=/home/kaisar/warehouse_robot/robot/build/robot_status/prefix_override:/usr/lib/python3/dist-packages/colcon_core/task/python/colcon_distutils_commands:/home/kaisar/warehouse_robot/robot/install/robot_status/lib/python3.12/site-packages:/home/kaisar/warehouse_robot/robot/build/robot_planner:/home/kaisar/warehouse_robot/robot/install/robot_planner/lib/python3.12/site-packages:/home/kaisar/warehouse_robot/robot/install/robot_msgs/lib/python3.12/site-packages:/home/kaisar/warehouse_robot/robot/build/ros2_http_client:/home/kaisar/warehouse_robot/robot/install/ros2_http_client/lib/python3.12/site-packages:/home/kaisar/warehouse_robot/robot/build/robot_status:/home/kaisar/warehouse_robot/robot/install/robot_status/lib/python3.12/site-packages:/home/kaisar/warehouse_robot/robot/build/robot_map_manager:/home/kaisar/warehouse_robot/robot/install/robot_map_manager/lib/python3.12/site-packages:/opt/ros/jazzy/lib/python/site-packages:/opt/ros/jazzy/lib/python3.12/site-packages /usr/bin/python3 -W ignore:setup.py install is deprecated -W ignore:easy_install command is deprecated setup.py develop --editable --build-directory /home/kaisar/warehouse_robot/robot/build/robot_status/build --no-deps symlink_data --force
[5.324s] DEBUG:colcon.colcon_core.task.python.build:While undoing a previous installation files outside the Python library path are being ignored: /home/kaisar/warehouse_robot/robot/install/robot_map_manager/share/ament_index/resource_index/packages/robot_map_manager
[5.324s] DEBUG:colcon.colcon_core.task.python.build:While undoing a previous installation files outside the Python library path are being ignored: /home/kaisar/warehouse_robot/robot/install/robot_map_manager/share/robot_map_manager/package.xml
[5.325s] DEBUG:colcon.colcon_core.task.python.build:While undoing a previous installation files outside the Python library path are being ignored: /home/kaisar/warehouse_robot/robot/install/robot_map_manager/lib/robot_map_manager/map_manager_node
[5.327s] DEBUG:colcon.colcon_core.event_handler.log_command:Invoking command in '/home/kaisar/warehouse_robot/robot/build/robot_map_manager': AMENT_PREFIX_PATH=/home/kaisar/warehouse_robot/robot/install/robot_planner:/home/kaisar/warehouse_robot/robot/install/trp1_description:/home/kaisar/warehouse_robot/robot/install/stage_ros2:/home/kaisar/warehouse_robot/robot/install/ros2_http_client:/home/kaisar/warehouse_robot/robot/install/robot_launch:/home/kaisar/warehouse_robot/robot/install/robot_status:/home/kaisar/warehouse_robot/robot/install/robot_map_manager:/home/kaisar/warehouse_robot/robot/install/robot_msgs:/home/kaisar/warehouse_robot/robot/install/nav2:/opt/ros/jazzy CMAKE_PREFIX_PATH=/home/kaisar/warehouse_robot/robot/install/robot_msgs:/home/kaisar/warehouse_robot/robot/install/trp1_description:/home/kaisar/warehouse_robot/robot/install/stage_ros2:/home/kaisar/warehouse_robot/robot/install/stage:/home/kaisar/warehouse_robot/robot/install/robot_launch:/home/kaisar/warehouse_robot/robot/install/nav2:/opt/ros/jazzy/opt/gz_sim_vendor:/opt/ros/jazzy/opt/gz_sensors_vendor:/opt/ros/jazzy/opt/gz_physics_vendor:/opt/ros/jazzy/opt/sdformat_vendor:/opt/ros/jazzy/opt/gz_gui_vendor:/opt/ros/jazzy/opt/gz_transport_vendor:/opt/ros/jazzy/opt/gz_rendering_vendor:/opt/ros/jazzy/opt/gz_plugin_vendor:/opt/ros/jazzy/opt/gz_fuel_tools_vendor:/opt/ros/jazzy/opt/gz_msgs_vendor:/opt/ros/jazzy/opt/gz_common_vendor:/opt/ros/jazzy/opt/gz_math_vendor:/opt/ros/jazzy/opt/gz_utils_vendor:/opt/ros/jazzy/opt/gz_tools_vendor:/opt/ros/jazzy/opt/gz_ogre_next_vendor:/opt/ros/jazzy/opt/gz_dartsim_vendor:/opt/ros/jazzy/opt/gz_cmake_vendor DEBUGINFOD_URLS=https://debuginfod.ubuntu.com LD_LIBRARY_PATH=/home/kaisar/warehouse_robot/robot/install/robot_msgs/lib:/home/kaisar/warehouse_robot/robot/install/stage_ros2/lib:/home/kaisar/warehouse_robot/robot/install/stage/lib:/opt/ros/jazzy/opt/gz_sim_vendor/lib:/opt/ros/jazzy/opt/gz_sensors_vendor/lib:/opt/ros/jazzy/opt/gz_physics_vendor/lib:/opt/ros/jazzy/opt/sdformat_vendor/lib:/opt/ros/jazzy/opt/rviz_ogre_vendor/lib:/opt/ros/jazzy/lib/x86_64-linux-gnu:/opt/ros/jazzy/opt/gz_gui_vendor/lib:/opt/ros/jazzy/opt/gz_transport_vendor/lib:/opt/ros/jazzy/opt/gz_rendering_vendor/lib:/opt/ros/jazzy/opt/gz_plugin_vendor/lib:/opt/ros/jazzy/opt/gz_fuel_tools_vendor/lib:/opt/ros/jazzy/opt/gz_msgs_vendor/lib:/opt/ros/jazzy/opt/gz_common_vendor/lib:/opt/ros/jazzy/opt/gz_math_vendor/lib:/opt/ros/jazzy/opt/gz_utils_vendor/lib:/opt/ros/jazzy/opt/gz_tools_vendor/lib:/opt/ros/jazzy/opt/gz_ogre_next_vendor/lib:/opt/ros/jazzy/opt/gz_dartsim_vendor/lib:/opt/ros/jazzy/opt/gz_cmake_vendor/lib:/opt/ros/jazzy/lib PYTHONPATH=/home/kaisar/warehouse_robot/robot/build/robot_map_manager/prefix_override:/usr/lib/python3/dist-packages/colcon_core/task/python/colcon_distutils_commands:/home/kaisar/warehouse_robot/robot/install/robot_map_manager/lib/python3.12/site-packages:/home/kaisar/warehouse_robot/robot/build/robot_planner:/home/kaisar/warehouse_robot/robot/install/robot_planner/lib/python3.12/site-packages:/home/kaisar/warehouse_robot/robot/install/robot_msgs/lib/python3.12/site-packages:/home/kaisar/warehouse_robot/robot/build/ros2_http_client:/home/kaisar/warehouse_robot/robot/install/ros2_http_client/lib/python3.12/site-packages:/home/kaisar/warehouse_robot/robot/build/robot_status:/home/kaisar/warehouse_robot/robot/install/robot_status/lib/python3.12/site-packages:/home/kaisar/warehouse_robot/robot/build/robot_map_manager:/home/kaisar/warehouse_robot/robot/install/robot_map_manager/lib/python3.12/site-packages:/opt/ros/jazzy/lib/python/site-packages:/opt/ros/jazzy/lib/python3.12/site-packages /usr/bin/python3 -W ignore:setup.py install is deprecated -W ignore:easy_install command is deprecated setup.py develop --editable --build-directory /home/kaisar/warehouse_robot/robot/build/robot_map_manager/build --no-deps symlink_data --force
[5.328s] DEBUG:colcon.colcon_core.task.python.build:While undoing a previous installation files outside the Python library path are being ignored: /home/kaisar/warehouse_robot/robot/install/ros2_http_client/share/ament_index/resource_index/packages/ros2_http_client
[5.328s] DEBUG:colcon.colcon_core.task.python.build:While undoing a previous installation files outside the Python library path are being ignored: /home/kaisar/warehouse_robot/robot/install/ros2_http_client/share/ros2_http_client/package.xml
[5.330s] DEBUG:colcon.colcon_core.event_handler.log_command:Invoking command in '/home/kaisar/warehouse_robot/robot/build/ros2_http_client': AMENT_PREFIX_PATH=/home/kaisar/warehouse_robot/robot/install/robot_planner:/home/kaisar/warehouse_robot/robot/install/trp1_description:/home/kaisar/warehouse_robot/robot/install/stage_ros2:/home/kaisar/warehouse_robot/robot/install/ros2_http_client:/home/kaisar/warehouse_robot/robot/install/robot_launch:/home/kaisar/warehouse_robot/robot/install/robot_status:/home/kaisar/warehouse_robot/robot/install/robot_map_manager:/home/kaisar/warehouse_robot/robot/install/robot_msgs:/home/kaisar/warehouse_robot/robot/install/nav2:/opt/ros/jazzy CMAKE_PREFIX_PATH=/home/kaisar/warehouse_robot/robot/install/robot_msgs:/home/kaisar/warehouse_robot/robot/install/trp1_description:/home/kaisar/warehouse_robot/robot/install/stage_ros2:/home/kaisar/warehouse_robot/robot/install/stage:/home/kaisar/warehouse_robot/robot/install/robot_launch:/home/kaisar/warehouse_robot/robot/install/nav2:/opt/ros/jazzy/opt/gz_sim_vendor:/opt/ros/jazzy/opt/gz_sensors_vendor:/opt/ros/jazzy/opt/gz_physics_vendor:/opt/ros/jazzy/opt/sdformat_vendor:/opt/ros/jazzy/opt/gz_gui_vendor:/opt/ros/jazzy/opt/gz_transport_vendor:/opt/ros/jazzy/opt/gz_rendering_vendor:/opt/ros/jazzy/opt/gz_plugin_vendor:/opt/ros/jazzy/opt/gz_fuel_tools_vendor:/opt/ros/jazzy/opt/gz_msgs_vendor:/opt/ros/jazzy/opt/gz_common_vendor:/opt/ros/jazzy/opt/gz_math_vendor:/opt/ros/jazzy/opt/gz_utils_vendor:/opt/ros/jazzy/opt/gz_tools_vendor:/opt/ros/jazzy/opt/gz_ogre_next_vendor:/opt/ros/jazzy/opt/gz_dartsim_vendor:/opt/ros/jazzy/opt/gz_cmake_vendor DEBUGINFOD_URLS=https://debuginfod.ubuntu.com LD_LIBRARY_PATH=/home/kaisar/warehouse_robot/robot/install/robot_msgs/lib:/home/kaisar/warehouse_robot/robot/install/stage_ros2/lib:/home/kaisar/warehouse_robot/robot/install/stage/lib:/opt/ros/jazzy/opt/gz_sim_vendor/lib:/opt/ros/jazzy/opt/gz_sensors_vendor/lib:/opt/ros/jazzy/opt/gz_physics_vendor/lib:/opt/ros/jazzy/opt/sdformat_vendor/lib:/opt/ros/jazzy/opt/rviz_ogre_vendor/lib:/opt/ros/jazzy/lib/x86_64-linux-gnu:/opt/ros/jazzy/opt/gz_gui_vendor/lib:/opt/ros/jazzy/opt/gz_transport_vendor/lib:/opt/ros/jazzy/opt/gz_rendering_vendor/lib:/opt/ros/jazzy/opt/gz_plugin_vendor/lib:/opt/ros/jazzy/opt/gz_fuel_tools_vendor/lib:/opt/ros/jazzy/opt/gz_msgs_vendor/lib:/opt/ros/jazzy/opt/gz_common_vendor/lib:/opt/ros/jazzy/opt/gz_math_vendor/lib:/opt/ros/jazzy/opt/gz_utils_vendor/lib:/opt/ros/jazzy/opt/gz_tools_vendor/lib:/opt/ros/jazzy/opt/gz_ogre_next_vendor/lib:/opt/ros/jazzy/opt/gz_dartsim_vendor/lib:/opt/ros/jazzy/opt/gz_cmake_vendor/lib:/opt/ros/jazzy/lib PYTHONPATH=/home/kaisar/warehouse_robot/robot/build/ros2_http_client/prefix_override:/usr/lib/python3/dist-packages/colcon_core/task/python/colcon_distutils_commands:/home/kaisar/warehouse_robot/robot/install/ros2_http_client/lib/python3.12/site-packages:/home/kaisar/warehouse_robot/robot/build/robot_planner:/home/kaisar/warehouse_robot/robot/install/robot_planner/lib/python3.12/site-packages:/home/kaisar/warehouse_robot/robot/install/robot_msgs/lib/python3.12/site-packages:/home/kaisar/warehouse_robot/robot/build/ros2_http_client:/home/kaisar/warehouse_robot/robot/install/ros2_http_client/lib/python3.12/site-packages:/home/kaisar/warehouse_robot/robot/build/robot_status:/home/kaisar/warehouse_robot/robot/install/robot_status/lib/python3.12/site-packages:/home/kaisar/warehouse_robot/robot/build/robot_map_manager:/home/kaisar/warehouse_robot/robot/install/robot_map_manager/lib/python3.12/site-packages:/opt/ros/jazzy/lib/python/site-packages:/opt/ros/jazzy/lib/python3.12/site-packages /usr/bin/python3 -W ignore:setup.py install is deprecated -W ignore:easy_install command is deprecated setup.py develop --editable --build-directory /home/kaisar/warehouse_robot/robot/build/ros2_http_client/build --no-deps symlink_data --force
[6.350s] Level 1:colcon.colcon_core.shell:create_environment_hook('robot_status', 'pythonpath_develop')
[6.350s] INFO:colcon.colcon_core.shell:Creating environment hook '/home/kaisar/warehouse_robot/robot/build/robot_status/share/robot_status/hook/pythonpath_develop.ps1'
[6.351s] DEBUG:colcon.colcon_core.event_handler.log_command:Invoked command in '/home/kaisar/warehouse_robot/robot/build/robot_status' returned '0': AMENT_PREFIX_PATH=/home/kaisar/warehouse_robot/robot/install/robot_planner:/home/kaisar/warehouse_robot/robot/install/trp1_description:/home/kaisar/warehouse_robot/robot/install/stage_ros2:/home/kaisar/warehouse_robot/robot/install/ros2_http_client:/home/kaisar/warehouse_robot/robot/install/robot_launch:/home/kaisar/warehouse_robot/robot/install/robot_status:/home/kaisar/warehouse_robot/robot/install/robot_map_manager:/home/kaisar/warehouse_robot/robot/install/robot_msgs:/home/kaisar/warehouse_robot/robot/install/nav2:/opt/ros/jazzy CMAKE_PREFIX_PATH=/home/kaisar/warehouse_robot/robot/install/robot_msgs:/home/kaisar/warehouse_robot/robot/install/trp1_description:/home/kaisar/warehouse_robot/robot/install/stage_ros2:/home/kaisar/warehouse_robot/robot/install/stage:/home/kaisar/warehouse_robot/robot/install/robot_launch:/home/kaisar/warehouse_robot/robot/install/nav2:/opt/ros/jazzy/opt/gz_sim_vendor:/opt/ros/jazzy/opt/gz_sensors_vendor:/opt/ros/jazzy/opt/gz_physics_vendor:/opt/ros/jazzy/opt/sdformat_vendor:/opt/ros/jazzy/opt/gz_gui_vendor:/opt/ros/jazzy/opt/gz_transport_vendor:/opt/ros/jazzy/opt/gz_rendering_vendor:/opt/ros/jazzy/opt/gz_plugin_vendor:/opt/ros/jazzy/opt/gz_fuel_tools_vendor:/opt/ros/jazzy/opt/gz_msgs_vendor:/opt/ros/jazzy/opt/gz_common_vendor:/opt/ros/jazzy/opt/gz_math_vendor:/opt/ros/jazzy/opt/gz_utils_vendor:/opt/ros/jazzy/opt/gz_tools_vendor:/opt/ros/jazzy/opt/gz_ogre_next_vendor:/opt/ros/jazzy/opt/gz_dartsim_vendor:/opt/ros/jazzy/opt/gz_cmake_vendor DEBUGINFOD_URLS=https://debuginfod.ubuntu.com LD_LIBRARY_PATH=/home/kaisar/warehouse_robot/robot/install/robot_msgs/lib:/home/kaisar/warehouse_robot/robot/install/stage_ros2/lib:/home/kaisar/warehouse_robot/robot/install/stage/lib:/opt/ros/jazzy/opt/gz_sim_vendor/lib:/opt/ros/jazzy/opt/gz_sensors_vendor/lib:/opt/ros/jazzy/opt/gz_physics_vendor/lib:/opt/ros/jazzy/opt/sdformat_vendor/lib:/opt/ros/jazzy/opt/rviz_ogre_vendor/lib:/opt/ros/jazzy/lib/x86_64-linux-gnu:/opt/ros/jazzy/opt/gz_gui_vendor/lib:/opt/ros/jazzy/opt/gz_transport_vendor/lib:/opt/ros/jazzy/opt/gz_rendering_vendor/lib:/opt/ros/jazzy/opt/gz_plugin_vendor/lib:/opt/ros/jazzy/opt/gz_fuel_tools_vendor/lib:/opt/ros/jazzy/opt/gz_msgs_vendor/lib:/opt/ros/jazzy/opt/gz_common_vendor/lib:/opt/ros/jazzy/opt/gz_math_vendor/lib:/opt/ros/jazzy/opt/gz_utils_vendor/lib:/opt/ros/jazzy/opt/gz_tools_vendor/lib:/opt/ros/jazzy/opt/gz_ogre_next_vendor/lib:/opt/ros/jazzy/opt/gz_dartsim_vendor/lib:/opt/ros/jazzy/opt/gz_cmake_vendor/lib:/opt/ros/jazzy/lib PYTHONPATH=/home/kaisar/warehouse_robot/robot/build/robot_status/prefix_override:/usr/lib/python3/dist-packages/colcon_core/task/python/colcon_distutils_commands:/home/kaisar/warehouse_robot/robot/install/robot_status/lib/python3.12/site-packages:/home/kaisar/warehouse_robot/robot/build/robot_planner:/home/kaisar/warehouse_robot/robot/install/robot_planner/lib/python3.12/site-packages:/home/kaisar/warehouse_robot/robot/install/robot_msgs/lib/python3.12/site-packages:/home/kaisar/warehouse_robot/robot/build/ros2_http_client:/home/kaisar/warehouse_robot/robot/install/ros2_http_client/lib/python3.12/site-packages:/home/kaisar/warehouse_robot/robot/build/robot_status:/home/kaisar/warehouse_robot/robot/install/robot_status/lib/python3.12/site-packages:/home/kaisar/warehouse_robot/robot/build/robot_map_manager:/home/kaisar/warehouse_robot/robot/install/robot_map_manager/lib/python3.12/site-packages:/opt/ros/jazzy/lib/python/site-packages:/opt/ros/jazzy/lib/python3.12/site-packages /usr/bin/python3 -W ignore:setup.py install is deprecated -W ignore:easy_install command is deprecated setup.py develop --editable --build-directory /home/kaisar/warehouse_robot/robot/build/robot_status/build --no-deps symlink_data --force
[6.351s] INFO:colcon.colcon_core.shell:Creating environment descriptor '/home/kaisar/warehouse_robot/robot/build/robot_status/share/robot_status/hook/pythonpath_develop.dsv'
[6.352s] INFO:colcon.colcon_core.shell:Creating environment hook '/home/kaisar/warehouse_robot/robot/build/robot_status/share/robot_status/hook/pythonpath_develop.sh'
[6.352s] Level 1:colcon.colcon_core.environment:checking '/home/kaisar/warehouse_robot/robot/install/robot_status' for CMake module files
[6.353s] Level 1:colcon.colcon_core.environment:checking '/home/kaisar/warehouse_robot/robot/install/robot_status' for CMake config files
[6.353s] Level 1:colcon.colcon_core.environment:checking '/home/kaisar/warehouse_robot/robot/install/robot_status/lib'
[6.353s] Level 1:colcon.colcon_core.environment:checking '/home/kaisar/warehouse_robot/robot/install/robot_status/bin'
[6.353s] Level 1:colcon.colcon_core.environment:checking '/home/kaisar/warehouse_robot/robot/install/robot_status/lib/pkgconfig/robot_status.pc'
[6.354s] Level 1:colcon.colcon_core.environment:checking '/home/kaisar/warehouse_robot/robot/install/robot_status/lib/python3.12/site-packages'
[6.354s] Level 1:colcon.colcon_core.shell:create_environment_hook('robot_status', 'pythonpath')
[6.354s] INFO:colcon.colcon_core.shell:Creating environment hook '/home/kaisar/warehouse_robot/robot/install/robot_status/share/robot_status/hook/pythonpath.ps1'
[6.354s] INFO:colcon.colcon_core.shell:Creating environment descriptor '/home/kaisar/warehouse_robot/robot/install/robot_status/share/robot_status/hook/pythonpath.dsv'
[6.355s] INFO:colcon.colcon_core.shell:Creating environment hook '/home/kaisar/warehouse_robot/robot/install/robot_status/share/robot_status/hook/pythonpath.sh'
[6.355s] Level 1:colcon.colcon_core.environment:checking '/home/kaisar/warehouse_robot/robot/install/robot_status/bin'
[6.356s] Level 1:colcon.colcon_core.environment:create_environment_scripts_only(robot_status)
[6.356s] INFO:colcon.colcon_core.shell:Creating package script '/home/kaisar/warehouse_robot/robot/install/robot_status/share/robot_status/package.ps1'
[6.357s] INFO:colcon.colcon_core.shell:Creating package descriptor '/home/kaisar/warehouse_robot/robot/install/robot_status/share/robot_status/package.dsv'
[6.357s] INFO:colcon.colcon_core.shell:Creating package script '/home/kaisar/warehouse_robot/robot/install/robot_status/share/robot_status/package.sh'
[6.358s] INFO:colcon.colcon_core.shell:Creating package script '/home/kaisar/warehouse_robot/robot/install/robot_status/share/robot_status/package.bash'
[6.358s] INFO:colcon.colcon_core.shell:Creating package script '/home/kaisar/warehouse_robot/robot/install/robot_status/share/robot_status/package.zsh'
[6.359s] Level 1:colcon.colcon_core.environment:create_file_with_runtime_dependencies(/home/kaisar/warehouse_robot/robot/install/robot_status/share/colcon-core/packages/robot_status)
[6.369s] Level 1:colcon.colcon_core.shell:create_environment_hook('robot_map_manager', 'pythonpath_develop')
[6.369s] INFO:colcon.colcon_core.shell:Creating environment hook '/home/kaisar/warehouse_robot/robot/build/robot_map_manager/share/robot_map_manager/hook/pythonpath_develop.ps1'
[6.370s] DEBUG:colcon.colcon_core.event_handler.log_command:Invoked command in '/home/kaisar/warehouse_robot/robot/build/robot_map_manager' returned '0': AMENT_PREFIX_PATH=/home/kaisar/warehouse_robot/robot/install/robot_planner:/home/kaisar/warehouse_robot/robot/install/trp1_description:/home/kaisar/warehouse_robot/robot/install/stage_ros2:/home/kaisar/warehouse_robot/robot/install/ros2_http_client:/home/kaisar/warehouse_robot/robot/install/robot_launch:/home/kaisar/warehouse_robot/robot/install/robot_status:/home/kaisar/warehouse_robot/robot/install/robot_map_manager:/home/kaisar/warehouse_robot/robot/install/robot_msgs:/home/kaisar/warehouse_robot/robot/install/nav2:/opt/ros/jazzy CMAKE_PREFIX_PATH=/home/kaisar/warehouse_robot/robot/install/robot_msgs:/home/kaisar/warehouse_robot/robot/install/trp1_description:/home/kaisar/warehouse_robot/robot/install/stage_ros2:/home/kaisar/warehouse_robot/robot/install/stage:/home/kaisar/warehouse_robot/robot/install/robot_launch:/home/kaisar/warehouse_robot/robot/install/nav2:/opt/ros/jazzy/opt/gz_sim_vendor:/opt/ros/jazzy/opt/gz_sensors_vendor:/opt/ros/jazzy/opt/gz_physics_vendor:/opt/ros/jazzy/opt/sdformat_vendor:/opt/ros/jazzy/opt/gz_gui_vendor:/opt/ros/jazzy/opt/gz_transport_vendor:/opt/ros/jazzy/opt/gz_rendering_vendor:/opt/ros/jazzy/opt/gz_plugin_vendor:/opt/ros/jazzy/opt/gz_fuel_tools_vendor:/opt/ros/jazzy/opt/gz_msgs_vendor:/opt/ros/jazzy/opt/gz_common_vendor:/opt/ros/jazzy/opt/gz_math_vendor:/opt/ros/jazzy/opt/gz_utils_vendor:/opt/ros/jazzy/opt/gz_tools_vendor:/opt/ros/jazzy/opt/gz_ogre_next_vendor:/opt/ros/jazzy/opt/gz_dartsim_vendor:/opt/ros/jazzy/opt/gz_cmake_vendor DEBUGINFOD_URLS=https://debuginfod.ubuntu.com LD_LIBRARY_PATH=/home/kaisar/warehouse_robot/robot/install/robot_msgs/lib:/home/kaisar/warehouse_robot/robot/install/stage_ros2/lib:/home/kaisar/warehouse_robot/robot/install/stage/lib:/opt/ros/jazzy/opt/gz_sim_vendor/lib:/opt/ros/jazzy/opt/gz_sensors_vendor/lib:/opt/ros/jazzy/opt/gz_physics_vendor/lib:/opt/ros/jazzy/opt/sdformat_vendor/lib:/opt/ros/jazzy/opt/rviz_ogre_vendor/lib:/opt/ros/jazzy/lib/x86_64-linux-gnu:/opt/ros/jazzy/opt/gz_gui_vendor/lib:/opt/ros/jazzy/opt/gz_transport_vendor/lib:/opt/ros/jazzy/opt/gz_rendering_vendor/lib:/opt/ros/jazzy/opt/gz_plugin_vendor/lib:/opt/ros/jazzy/opt/gz_fuel_tools_vendor/lib:/opt/ros/jazzy/opt/gz_msgs_vendor/lib:/opt/ros/jazzy/opt/gz_common_vendor/lib:/opt/ros/jazzy/opt/gz_math_vendor/lib:/opt/ros/jazzy/opt/gz_utils_vendor/lib:/opt/ros/jazzy/opt/gz_tools_vendor/lib:/opt/ros/jazzy/opt/gz_ogre_next_vendor/lib:/opt/ros/jazzy/opt/gz_dartsim_vendor/lib:/opt/ros/jazzy/opt/gz_cmake_vendor/lib:/opt/ros/jazzy/lib PYTHONPATH=/home/kaisar/warehouse_robot/robot/build/robot_map_manager/prefix_override:/usr/lib/python3/dist-packages/colcon_core/task/python/colcon_distutils_commands:/home/kaisar/warehouse_robot/robot/install/robot_map_manager/lib/python3.12/site-packages:/home/kaisar/warehouse_robot/robot/build/robot_planner:/home/kaisar/warehouse_robot/robot/install/robot_planner/lib/python3.12/site-packages:/home/kaisar/warehouse_robot/robot/install/robot_msgs/lib/python3.12/site-packages:/home/kaisar/warehouse_robot/robot/build/ros2_http_client:/home/kaisar/warehouse_robot/robot/install/ros2_http_client/lib/python3.12/site-packages:/home/kaisar/warehouse_robot/robot/build/robot_status:/home/kaisar/warehouse_robot/robot/install/robot_status/lib/python3.12/site-packages:/home/kaisar/warehouse_robot/robot/build/robot_map_manager:/home/kaisar/warehouse_robot/robot/install/robot_map_manager/lib/python3.12/site-packages:/opt/ros/jazzy/lib/python/site-packages:/opt/ros/jazzy/lib/python3.12/site-packages /usr/bin/python3 -W ignore:setup.py install is deprecated -W ignore:easy_install command is deprecated setup.py develop --editable --build-directory /home/kaisar/warehouse_robot/robot/build/robot_map_manager/build --no-deps symlink_data --force
[6.370s] INFO:colcon.colcon_core.shell:Creating environment descriptor '/home/kaisar/warehouse_robot/robot/build/robot_map_manager/share/robot_map_manager/hook/pythonpath_develop.dsv'
[6.371s] INFO:colcon.colcon_core.shell:Creating environment hook '/home/kaisar/warehouse_robot/robot/build/robot_map_manager/share/robot_map_manager/hook/pythonpath_develop.sh'
[6.372s] Level 1:colcon.colcon_core.environment:checking '/home/kaisar/warehouse_robot/robot/install/robot_map_manager' for CMake module files
[6.372s] Level 1:colcon.colcon_core.environment:checking '/home/kaisar/warehouse_robot/robot/install/robot_map_manager' for CMake config files
[6.373s] Level 1:colcon.colcon_core.environment:checking '/home/kaisar/warehouse_robot/robot/install/robot_map_manager/lib'
[6.373s] Level 1:colcon.colcon_core.environment:checking '/home/kaisar/warehouse_robot/robot/install/robot_map_manager/bin'
[6.373s] Level 1:colcon.colcon_core.environment:checking '/home/kaisar/warehouse_robot/robot/install/robot_map_manager/lib/pkgconfig/robot_map_manager.pc'
[6.374s] Level 1:colcon.colcon_core.environment:checking '/home/kaisar/warehouse_robot/robot/install/robot_map_manager/lib/python3.12/site-packages'
[6.374s] Level 1:colcon.colcon_core.shell:create_environment_hook('robot_map_manager', 'pythonpath')
[6.374s] INFO:colcon.colcon_core.shell:Creating environment hook '/home/kaisar/warehouse_robot/robot/install/robot_map_manager/share/robot_map_manager/hook/pythonpath.ps1'
[6.375s] INFO:colcon.colcon_core.shell:Creating environment descriptor '/home/kaisar/warehouse_robot/robot/install/robot_map_manager/share/robot_map_manager/hook/pythonpath.dsv'
[6.375s] INFO:colcon.colcon_core.shell:Creating environment hook '/home/kaisar/warehouse_robot/robot/install/robot_map_manager/share/robot_map_manager/hook/pythonpath.sh'
[6.376s] Level 1:colcon.colcon_core.environment:checking '/home/kaisar/warehouse_robot/robot/install/robot_map_manager/bin'
[6.376s] Level 1:colcon.colcon_core.environment:create_environment_scripts_only(robot_map_manager)
[6.377s] INFO:colcon.colcon_core.shell:Creating package script '/home/kaisar/warehouse_robot/robot/install/robot_map_manager/share/robot_map_manager/package.ps1'
[6.377s] INFO:colcon.colcon_core.shell:Creating package descriptor '/home/kaisar/warehouse_robot/robot/install/robot_map_manager/share/robot_map_manager/package.dsv'
[6.378s] INFO:colcon.colcon_core.shell:Creating package script '/home/kaisar/warehouse_robot/robot/install/robot_map_manager/share/robot_map_manager/package.sh'
[6.378s] INFO:colcon.colcon_core.shell:Creating package script '/home/kaisar/warehouse_robot/robot/install/robot_map_manager/share/robot_map_manager/package.bash'
[6.379s] INFO:colcon.colcon_core.shell:Creating package script '/home/kaisar/warehouse_robot/robot/install/robot_map_manager/share/robot_map_manager/package.zsh'
[6.379s] Level 1:colcon.colcon_core.environment:create_file_with_runtime_dependencies(/home/kaisar/warehouse_robot/robot/install/robot_map_manager/share/colcon-core/packages/robot_map_manager)
[6.380s] INFO:colcon.colcon_ros.task.ament_cmake.build:Building ROS package in '/home/kaisar/warehouse_robot/robot/ws/src/launch' with build type 'ament_cmake'
[6.380s] INFO:colcon.colcon_cmake.task.cmake.build:Building CMake package in '/home/kaisar/warehouse_robot/robot/ws/src/launch'
[6.380s] INFO:colcon.colcon_core.shell:Skip shell extension 'powershell' for command environment: Not usable outside of PowerShell
[6.380s] DEBUG:colcon.colcon_core.shell:Skip shell extension 'dsv' for command environment
[6.387s] Level 1:colcon.colcon_core.shell:create_environment_hook('ros2_http_client', 'pythonpath_develop')
[6.387s] INFO:colcon.colcon_core.shell:Creating environment hook '/home/kaisar/warehouse_robot/robot/build/ros2_http_client/share/ros2_http_client/hook/pythonpath_develop.ps1'
[6.388s] DEBUG:colcon.colcon_core.event_handler.log_command:Invoked command in '/home/kaisar/warehouse_robot/robot/build/ros2_http_client' returned '0': AMENT_PREFIX_PATH=/home/kaisar/warehouse_robot/robot/install/robot_planner:/home/kaisar/warehouse_robot/robot/install/trp1_description:/home/kaisar/warehouse_robot/robot/install/stage_ros2:/home/kaisar/warehouse_robot/robot/install/ros2_http_client:/home/kaisar/warehouse_robot/robot/install/robot_launch:/home/kaisar/warehouse_robot/robot/install/robot_status:/home/kaisar/warehouse_robot/robot/install/robot_map_manager:/home/kaisar/warehouse_robot/robot/install/robot_msgs:/home/kaisar/warehouse_robot/robot/install/nav2:/opt/ros/jazzy CMAKE_PREFIX_PATH=/home/kaisar/warehouse_robot/robot/install/robot_msgs:/home/kaisar/warehouse_robot/robot/install/trp1_description:/home/kaisar/warehouse_robot/robot/install/stage_ros2:/home/kaisar/warehouse_robot/robot/install/stage:/home/kaisar/warehouse_robot/robot/install/robot_launch:/home/kaisar/warehouse_robot/robot/install/nav2:/opt/ros/jazzy/opt/gz_sim_vendor:/opt/ros/jazzy/opt/gz_sensors_vendor:/opt/ros/jazzy/opt/gz_physics_vendor:/opt/ros/jazzy/opt/sdformat_vendor:/opt/ros/jazzy/opt/gz_gui_vendor:/opt/ros/jazzy/opt/gz_transport_vendor:/opt/ros/jazzy/opt/gz_rendering_vendor:/opt/ros/jazzy/opt/gz_plugin_vendor:/opt/ros/jazzy/opt/gz_fuel_tools_vendor:/opt/ros/jazzy/opt/gz_msgs_vendor:/opt/ros/jazzy/opt/gz_common_vendor:/opt/ros/jazzy/opt/gz_math_vendor:/opt/ros/jazzy/opt/gz_utils_vendor:/opt/ros/jazzy/opt/gz_tools_vendor:/opt/ros/jazzy/opt/gz_ogre_next_vendor:/opt/ros/jazzy/opt/gz_dartsim_vendor:/opt/ros/jazzy/opt/gz_cmake_vendor DEBUGINFOD_URLS=https://debuginfod.ubuntu.com LD_LIBRARY_PATH=/home/kaisar/warehouse_robot/robot/install/robot_msgs/lib:/home/kaisar/warehouse_robot/robot/install/stage_ros2/lib:/home/kaisar/warehouse_robot/robot/install/stage/lib:/opt/ros/jazzy/opt/gz_sim_vendor/lib:/opt/ros/jazzy/opt/gz_sensors_vendor/lib:/opt/ros/jazzy/opt/gz_physics_vendor/lib:/opt/ros/jazzy/opt/sdformat_vendor/lib:/opt/ros/jazzy/opt/rviz_ogre_vendor/lib:/opt/ros/jazzy/lib/x86_64-linux-gnu:/opt/ros/jazzy/opt/gz_gui_vendor/lib:/opt/ros/jazzy/opt/gz_transport_vendor/lib:/opt/ros/jazzy/opt/gz_rendering_vendor/lib:/opt/ros/jazzy/opt/gz_plugin_vendor/lib:/opt/ros/jazzy/opt/gz_fuel_tools_vendor/lib:/opt/ros/jazzy/opt/gz_msgs_vendor/lib:/opt/ros/jazzy/opt/gz_common_vendor/lib:/opt/ros/jazzy/opt/gz_math_vendor/lib:/opt/ros/jazzy/opt/gz_utils_vendor/lib:/opt/ros/jazzy/opt/gz_tools_vendor/lib:/opt/ros/jazzy/opt/gz_ogre_next_vendor/lib:/opt/ros/jazzy/opt/gz_dartsim_vendor/lib:/opt/ros/jazzy/opt/gz_cmake_vendor/lib:/opt/ros/jazzy/lib PYTHONPATH=/home/kaisar/warehouse_robot/robot/build/ros2_http_client/prefix_override:/usr/lib/python3/dist-packages/colcon_core/task/python/colcon_distutils_commands:/home/kaisar/warehouse_robot/robot/install/ros2_http_client/lib/python3.12/site-packages:/home/kaisar/warehouse_robot/robot/build/robot_planner:/home/kaisar/warehouse_robot/robot/install/robot_planner/lib/python3.12/site-packages:/home/kaisar/warehouse_robot/robot/install/robot_msgs/lib/python3.12/site-packages:/home/kaisar/warehouse_robot/robot/build/ros2_http_client:/home/kaisar/warehouse_robot/robot/install/ros2_http_client/lib/python3.12/site-packages:/home/kaisar/warehouse_robot/robot/build/robot_status:/home/kaisar/warehouse_robot/robot/install/robot_status/lib/python3.12/site-packages:/home/kaisar/warehouse_robot/robot/build/robot_map_manager:/home/kaisar/warehouse_robot/robot/install/robot_map_manager/lib/python3.12/site-packages:/opt/ros/jazzy/lib/python/site-packages:/opt/ros/jazzy/lib/python3.12/site-packages /usr/bin/python3 -W ignore:setup.py install is deprecated -W ignore:easy_install command is deprecated setup.py develop --editable --build-directory /home/kaisar/warehouse_robot/robot/build/ros2_http_client/build --no-deps symlink_data --force
[6.388s] INFO:colcon.colcon_core.shell:Creating environment descriptor '/home/kaisar/warehouse_robot/robot/build/ros2_http_client/share/ros2_http_client/hook/pythonpath_develop.dsv'
[6.388s] INFO:colcon.colcon_core.shell:Creating environment hook '/home/kaisar/warehouse_robot/robot/build/ros2_http_client/share/ros2_http_client/hook/pythonpath_develop.sh'
[6.389s] Level 1:colcon.colcon_core.environment:checking '/home/kaisar/warehouse_robot/robot/install/ros2_http_client' for CMake module files
[6.389s] Level 1:colcon.colcon_core.environment:checking '/home/kaisar/warehouse_robot/robot/install/ros2_http_client' for CMake config files
[6.390s] Level 1:colcon.colcon_core.environment:checking '/home/kaisar/warehouse_robot/robot/install/ros2_http_client/lib'
[6.390s] Level 1:colcon.colcon_core.environment:checking '/home/kaisar/warehouse_robot/robot/install/ros2_http_client/bin'
[6.390s] Level 1:colcon.colcon_core.environment:checking '/home/kaisar/warehouse_robot/robot/install/ros2_http_client/lib/pkgconfig/ros2_http_client.pc'
[6.391s] Level 1:colcon.colcon_core.environment:checking '/home/kaisar/warehouse_robot/robot/install/ros2_http_client/lib/python3.12/site-packages'
[6.391s] Level 1:colcon.colcon_core.shell:create_environment_hook('ros2_http_client', 'pythonpath')
[6.391s] INFO:colcon.colcon_core.shell:Creating environment hook '/home/kaisar/warehouse_robot/robot/install/ros2_http_client/share/ros2_http_client/hook/pythonpath.ps1'
[6.392s] INFO:colcon.colcon_core.shell:Creating environment descriptor '/home/kaisar/warehouse_robot/robot/install/ros2_http_client/share/ros2_http_client/hook/pythonpath.dsv'
[6.392s] INFO:colcon.colcon_core.shell:Creating environment hook '/home/kaisar/warehouse_robot/robot/install/ros2_http_client/share/ros2_http_client/hook/pythonpath.sh'
[6.393s] Level 1:colcon.colcon_core.environment:checking '/home/kaisar/warehouse_robot/robot/install/ros2_http_client/bin'
[6.394s] Level 1:colcon.colcon_core.environment:create_environment_scripts_only(ros2_http_client)
[6.394s] INFO:colcon.colcon_core.shell:Creating package script '/home/kaisar/warehouse_robot/robot/install/ros2_http_client/share/ros2_http_client/package.ps1'
[6.395s] INFO:colcon.colcon_core.shell:Creating package descriptor '/home/kaisar/warehouse_robot/robot/install/ros2_http_client/share/ros2_http_client/package.dsv'
[6.396s] INFO:colcon.colcon_core.shell:Creating package script '/home/kaisar/warehouse_robot/robot/install/ros2_http_client/share/ros2_http_client/package.sh'
[6.396s] INFO:colcon.colcon_core.shell:Creating package script '/home/kaisar/warehouse_robot/robot/install/ros2_http_client/share/ros2_http_client/package.bash'
[6.396s] INFO:colcon.colcon_core.shell:Creating package script '/home/kaisar/warehouse_robot/robot/install/ros2_http_client/share/ros2_http_client/package.zsh'
[6.397s] Level 1:colcon.colcon_core.environment:create_file_with_runtime_dependencies(/home/kaisar/warehouse_robot/robot/install/ros2_http_client/share/colcon-core/packages/ros2_http_client)
[6.400s] DEBUG:colcon.colcon_core.event_handler.log_command:Invoking command in '/home/kaisar/warehouse_robot/robot/build/robot_launch': AMENT_PREFIX_PATH=/home/kaisar/warehouse_robot/robot/install/robot_status:/home/kaisar/warehouse_robot/robot/install/robot_map_manager:/home/kaisar/warehouse_robot/robot/install/robot_planner:/home/kaisar/warehouse_robot/robot/install/trp1_description:/home/kaisar/warehouse_robot/robot/install/stage_ros2:/home/kaisar/warehouse_robot/robot/install/ros2_http_client:/home/kaisar/warehouse_robot/robot/install/robot_launch:/home/kaisar/warehouse_robot/robot/install/robot_msgs:/home/kaisar/warehouse_robot/robot/install/nav2:/opt/ros/jazzy CMAKE_PREFIX_PATH=/home/kaisar/warehouse_robot/robot/install/robot_msgs:/home/kaisar/warehouse_robot/robot/install/trp1_description:/home/kaisar/warehouse_robot/robot/install/stage_ros2:/home/kaisar/warehouse_robot/robot/install/ros2_http_client:/home/kaisar/warehouse_robot/robot/install/robot_status:/home/kaisar/warehouse_robot/robot/install/robot_map_manager:/home/kaisar/warehouse_robot/robot/install/robot_planner:/opt/ros/jazzy:/home/kaisar/warehouse_robot/robot/install/stage:/home/kaisar/warehouse_robot/robot/install/robot_launch:/home/kaisar/warehouse_robot/robot/install/nav2:/opt/ros/jazzy/opt/gz_sim_vendor:/opt/ros/jazzy/opt/gz_sensors_vendor:/opt/ros/jazzy/opt/gz_physics_vendor:/opt/ros/jazzy/opt/sdformat_vendor:/opt/ros/jazzy/opt/gz_gui_vendor:/opt/ros/jazzy/opt/gz_transport_vendor:/opt/ros/jazzy/opt/gz_rendering_vendor:/opt/ros/jazzy/opt/gz_plugin_vendor:/opt/ros/jazzy/opt/gz_fuel_tools_vendor:/opt/ros/jazzy/opt/gz_msgs_vendor:/opt/ros/jazzy/opt/gz_common_vendor:/opt/ros/jazzy/opt/gz_math_vendor:/opt/ros/jazzy/opt/gz_utils_vendor:/opt/ros/jazzy/opt/gz_tools_vendor:/opt/ros/jazzy/opt/gz_ogre_next_vendor:/opt/ros/jazzy/opt/gz_dartsim_vendor:/opt/ros/jazzy/opt/gz_cmake_vendor DEBUGINFOD_URLS=https://debuginfod.ubuntu.com LD_LIBRARY_PATH=/home/kaisar/warehouse_robot/robot/install/robot_msgs/lib:/home/kaisar/warehouse_robot/robot/install/stage_ros2/lib:/home/kaisar/warehouse_robot/robot/install/stage/lib:/opt/ros/jazzy/opt/gz_sim_vendor/lib:/opt/ros/jazzy/opt/gz_sensors_vendor/lib:/opt/ros/jazzy/opt/gz_physics_vendor/lib:/opt/ros/jazzy/opt/sdformat_vendor/lib:/opt/ros/jazzy/opt/rviz_ogre_vendor/lib:/opt/ros/jazzy/lib/x86_64-linux-gnu:/opt/ros/jazzy/opt/gz_gui_vendor/lib:/opt/ros/jazzy/opt/gz_transport_vendor/lib:/opt/ros/jazzy/opt/gz_rendering_vendor/lib:/opt/ros/jazzy/opt/gz_plugin_vendor/lib:/opt/ros/jazzy/opt/gz_fuel_tools_vendor/lib:/opt/ros/jazzy/opt/gz_msgs_vendor/lib:/opt/ros/jazzy/opt/gz_common_vendor/lib:/opt/ros/jazzy/opt/gz_math_vendor/lib:/opt/ros/jazzy/opt/gz_utils_vendor/lib:/opt/ros/jazzy/opt/gz_tools_vendor/lib:/opt/ros/jazzy/opt/gz_ogre_next_vendor/lib:/opt/ros/jazzy/opt/gz_dartsim_vendor/lib:/opt/ros/jazzy/opt/gz_cmake_vendor/lib:/opt/ros/jazzy/lib PYTHONPATH=/home/kaisar/warehouse_robot/robot/build/robot_status:/home/kaisar/warehouse_robot/robot/install/robot_status/lib/python3.12/site-packages:/home/kaisar/warehouse_robot/robot/build/robot_map_manager:/home/kaisar/warehouse_robot/robot/install/robot_map_manager/lib/python3.12/site-packages:/home/kaisar/warehouse_robot/robot/build/robot_planner:/home/kaisar/warehouse_robot/robot/install/robot_planner/lib/python3.12/site-packages:/home/kaisar/warehouse_robot/robot/install/robot_msgs/lib/python3.12/site-packages:/home/kaisar/warehouse_robot/robot/build/ros2_http_client:/home/kaisar/warehouse_robot/robot/install/ros2_http_client/lib/python3.12/site-packages:/opt/ros/jazzy/lib/python/site-packages:/opt/ros/jazzy/lib/python3.12/site-packages /usr/bin/cmake /home/kaisar/warehouse_robot/robot/ws/src/launch -DAMENT_CMAKE_SYMLINK_INSTALL=1 -DCMAKE_INSTALL_PREFIX=/home/kaisar/warehouse_robot/robot/install/robot_launch
[6.784s] DEBUG:colcon.colcon_core.event_handler.log_command:Invoked command in '/home/kaisar/warehouse_robot/robot/build/robot_launch' returned '0': AMENT_PREFIX_PATH=/home/kaisar/warehouse_robot/robot/install/robot_status:/home/kaisar/warehouse_robot/robot/install/robot_map_manager:/home/kaisar/warehouse_robot/robot/install/robot_planner:/home/kaisar/warehouse_robot/robot/install/trp1_description:/home/kaisar/warehouse_robot/robot/install/stage_ros2:/home/kaisar/warehouse_robot/robot/install/ros2_http_client:/home/kaisar/warehouse_robot/robot/install/robot_launch:/home/kaisar/warehouse_robot/robot/install/robot_msgs:/home/kaisar/warehouse_robot/robot/install/nav2:/opt/ros/jazzy CMAKE_PREFIX_PATH=/home/kaisar/warehouse_robot/robot/install/robot_msgs:/home/kaisar/warehouse_robot/robot/install/trp1_description:/home/kaisar/warehouse_robot/robot/install/stage_ros2:/home/kaisar/warehouse_robot/robot/install/ros2_http_client:/home/kaisar/warehouse_robot/robot/install/robot_status:/home/kaisar/warehouse_robot/robot/install/robot_map_manager:/home/kaisar/warehouse_robot/robot/install/robot_planner:/opt/ros/jazzy:/home/kaisar/warehouse_robot/robot/install/stage:/home/kaisar/warehouse_robot/robot/install/robot_launch:/home/kaisar/warehouse_robot/robot/install/nav2:/opt/ros/jazzy/opt/gz_sim_vendor:/opt/ros/jazzy/opt/gz_sensors_vendor:/opt/ros/jazzy/opt/gz_physics_vendor:/opt/ros/jazzy/opt/sdformat_vendor:/opt/ros/jazzy/opt/gz_gui_vendor:/opt/ros/jazzy/opt/gz_transport_vendor:/opt/ros/jazzy/opt/gz_rendering_vendor:/opt/ros/jazzy/opt/gz_plugin_vendor:/opt/ros/jazzy/opt/gz_fuel_tools_vendor:/opt/ros/jazzy/opt/gz_msgs_vendor:/opt/ros/jazzy/opt/gz_common_vendor:/opt/ros/jazzy/opt/gz_math_vendor:/opt/ros/jazzy/opt/gz_utils_vendor:/opt/ros/jazzy/opt/gz_tools_vendor:/opt/ros/jazzy/opt/gz_ogre_next_vendor:/opt/ros/jazzy/opt/gz_dartsim_vendor:/opt/ros/jazzy/opt/gz_cmake_vendor DEBUGINFOD_URLS=https://debuginfod.ubuntu.com LD_LIBRARY_PATH=/home/kaisar/warehouse_robot/robot/install/robot_msgs/lib:/home/kaisar/warehouse_robot/robot/install/stage_ros2/lib:/home/kaisar/warehouse_robot/robot/install/stage/lib:/opt/ros/jazzy/opt/gz_sim_vendor/lib:/opt/ros/jazzy/opt/gz_sensors_vendor/lib:/opt/ros/jazzy/opt/gz_physics_vendor/lib:/opt/ros/jazzy/opt/sdformat_vendor/lib:/opt/ros/jazzy/opt/rviz_ogre_vendor/lib:/opt/ros/jazzy/lib/x86_64-linux-gnu:/opt/ros/jazzy/opt/gz_gui_vendor/lib:/opt/ros/jazzy/opt/gz_transport_vendor/lib:/opt/ros/jazzy/opt/gz_rendering_vendor/lib:/opt/ros/jazzy/opt/gz_plugin_vendor/lib:/opt/ros/jazzy/opt/gz_fuel_tools_vendor/lib:/opt/ros/jazzy/opt/gz_msgs_vendor/lib:/opt/ros/jazzy/opt/gz_common_vendor/lib:/opt/ros/jazzy/opt/gz_math_vendor/lib:/opt/ros/jazzy/opt/gz_utils_vendor/lib:/opt/ros/jazzy/opt/gz_tools_vendor/lib:/opt/ros/jazzy/opt/gz_ogre_next_vendor/lib:/opt/ros/jazzy/opt/gz_dartsim_vendor/lib:/opt/ros/jazzy/opt/gz_cmake_vendor/lib:/opt/ros/jazzy/lib PYTHONPATH=/home/kaisar/warehouse_robot/robot/build/robot_status:/home/kaisar/warehouse_robot/robot/install/robot_status/lib/python3.12/site-packages:/home/kaisar/warehouse_robot/robot/build/robot_map_manager:/home/kaisar/warehouse_robot/robot/install/robot_map_manager/lib/python3.12/site-packages:/home/kaisar/warehouse_robot/robot/build/robot_planner:/home/kaisar/warehouse_robot/robot/install/robot_planner/lib/python3.12/site-packages:/home/kaisar/warehouse_robot/robot/install/robot_msgs/lib/python3.12/site-packages:/home/kaisar/warehouse_robot/robot/build/ros2_http_client:/home/kaisar/warehouse_robot/robot/install/ros2_http_client/lib/python3.12/site-packages:/opt/ros/jazzy/lib/python/site-packages:/opt/ros/jazzy/lib/python3.12/site-packages /usr/bin/cmake /home/kaisar/warehouse_robot/robot/ws/src/launch -DAMENT_CMAKE_SYMLINK_INSTALL=1 -DCMAKE_INSTALL_PREFIX=/home/kaisar/warehouse_robot/robot/install/robot_launch
[6.785s] DEBUG:colcon.colcon_core.event_handler.log_command:Invoking command in '/home/kaisar/warehouse_robot/robot/build/robot_launch': AMENT_PREFIX_PATH=/home/kaisar/warehouse_robot/robot/install/robot_status:/home/kaisar/warehouse_robot/robot/install/robot_map_manager:/home/kaisar/warehouse_robot/robot/install/robot_planner:/home/kaisar/warehouse_robot/robot/install/trp1_description:/home/kaisar/warehouse_robot/robot/install/stage_ros2:/home/kaisar/warehouse_robot/robot/install/ros2_http_client:/home/kaisar/warehouse_robot/robot/install/robot_launch:/home/kaisar/warehouse_robot/robot/install/robot_msgs:/home/kaisar/warehouse_robot/robot/install/nav2:/opt/ros/jazzy CMAKE_PREFIX_PATH=/home/kaisar/warehouse_robot/robot/install/robot_msgs:/home/kaisar/warehouse_robot/robot/install/trp1_description:/home/kaisar/warehouse_robot/robot/install/stage_ros2:/home/kaisar/warehouse_robot/robot/install/ros2_http_client:/home/kaisar/warehouse_robot/robot/install/robot_status:/home/kaisar/warehouse_robot/robot/install/robot_map_manager:/home/kaisar/warehouse_robot/robot/install/robot_planner:/opt/ros/jazzy:/home/kaisar/warehouse_robot/robot/install/stage:/home/kaisar/warehouse_robot/robot/install/robot_launch:/home/kaisar/warehouse_robot/robot/install/nav2:/opt/ros/jazzy/opt/gz_sim_vendor:/opt/ros/jazzy/opt/gz_sensors_vendor:/opt/ros/jazzy/opt/gz_physics_vendor:/opt/ros/jazzy/opt/sdformat_vendor:/opt/ros/jazzy/opt/gz_gui_vendor:/opt/ros/jazzy/opt/gz_transport_vendor:/opt/ros/jazzy/opt/gz_rendering_vendor:/opt/ros/jazzy/opt/gz_plugin_vendor:/opt/ros/jazzy/opt/gz_fuel_tools_vendor:/opt/ros/jazzy/opt/gz_msgs_vendor:/opt/ros/jazzy/opt/gz_common_vendor:/opt/ros/jazzy/opt/gz_math_vendor:/opt/ros/jazzy/opt/gz_utils_vendor:/opt/ros/jazzy/opt/gz_tools_vendor:/opt/ros/jazzy/opt/gz_ogre_next_vendor:/opt/ros/jazzy/opt/gz_dartsim_vendor:/opt/ros/jazzy/opt/gz_cmake_vendor DEBUGINFOD_URLS=https://debuginfod.ubuntu.com LD_LIBRARY_PATH=/home/kaisar/warehouse_robot/robot/install/robot_msgs/lib:/home/kaisar/warehouse_robot/robot/install/stage_ros2/lib:/home/kaisar/warehouse_robot/robot/install/stage/lib:/opt/ros/jazzy/opt/gz_sim_vendor/lib:/opt/ros/jazzy/opt/gz_sensors_vendor/lib:/opt/ros/jazzy/opt/gz_physics_vendor/lib:/opt/ros/jazzy/opt/sdformat_vendor/lib:/opt/ros/jazzy/opt/rviz_ogre_vendor/lib:/opt/ros/jazzy/lib/x86_64-linux-gnu:/opt/ros/jazzy/opt/gz_gui_vendor/lib:/opt/ros/jazzy/opt/gz_transport_vendor/lib:/opt/ros/jazzy/opt/gz_rendering_vendor/lib:/opt/ros/jazzy/opt/gz_plugin_vendor/lib:/opt/ros/jazzy/opt/gz_fuel_tools_vendor/lib:/opt/ros/jazzy/opt/gz_msgs_vendor/lib:/opt/ros/jazzy/opt/gz_common_vendor/lib:/opt/ros/jazzy/opt/gz_math_vendor/lib:/opt/ros/jazzy/opt/gz_utils_vendor/lib:/opt/ros/jazzy/opt/gz_tools_vendor/lib:/opt/ros/jazzy/opt/gz_ogre_next_vendor/lib:/opt/ros/jazzy/opt/gz_dartsim_vendor/lib:/opt/ros/jazzy/opt/gz_cmake_vendor/lib:/opt/ros/jazzy/lib PYTHONPATH=/home/kaisar/warehouse_robot/robot/build/robot_status:/home/kaisar/warehouse_robot/robot/install/robot_status/lib/python3.12/site-packages:/home/kaisar/warehouse_robot/robot/build/robot_map_manager:/home/kaisar/warehouse_robot/robot/install/robot_map_manager/lib/python3.12/site-packages:/home/kaisar/warehouse_robot/robot/build/robot_planner:/home/kaisar/warehouse_robot/robot/install/robot_planner/lib/python3.12/site-packages:/home/kaisar/warehouse_robot/robot/install/robot_msgs/lib/python3.12/site-packages:/home/kaisar/warehouse_robot/robot/build/ros2_http_client:/home/kaisar/warehouse_robot/robot/install/ros2_http_client/lib/python3.12/site-packages:/opt/ros/jazzy/lib/python/site-packages:/opt/ros/jazzy/lib/python3.12/site-packages /usr/bin/cmake --build /home/kaisar/warehouse_robot/robot/build/robot_launch -- -j12 -l12
[6.837s] DEBUG:colcon.colcon_core.event_handler.log_command:Invoked command in '/home/kaisar/warehouse_robot/robot/build/robot_launch' returned '0': AMENT_PREFIX_PATH=/home/kaisar/warehouse_robot/robot/install/robot_status:/home/kaisar/warehouse_robot/robot/install/robot_map_manager:/home/kaisar/warehouse_robot/robot/install/robot_planner:/home/kaisar/warehouse_robot/robot/install/trp1_description:/home/kaisar/warehouse_robot/robot/install/stage_ros2:/home/kaisar/warehouse_robot/robot/install/ros2_http_client:/home/kaisar/warehouse_robot/robot/install/robot_launch:/home/kaisar/warehouse_robot/robot/install/robot_msgs:/home/kaisar/warehouse_robot/robot/install/nav2:/opt/ros/jazzy CMAKE_PREFIX_PATH=/home/kaisar/warehouse_robot/robot/install/robot_msgs:/home/kaisar/warehouse_robot/robot/install/trp1_description:/home/kaisar/warehouse_robot/robot/install/stage_ros2:/home/kaisar/warehouse_robot/robot/install/ros2_http_client:/home/kaisar/warehouse_robot/robot/install/robot_status:/home/kaisar/warehouse_robot/robot/install/robot_map_manager:/home/kaisar/warehouse_robot/robot/install/robot_planner:/opt/ros/jazzy:/home/kaisar/warehouse_robot/robot/install/stage:/home/kaisar/warehouse_robot/robot/install/robot_launch:/home/kaisar/warehouse_robot/robot/install/nav2:/opt/ros/jazzy/opt/gz_sim_vendor:/opt/ros/jazzy/opt/gz_sensors_vendor:/opt/ros/jazzy/opt/gz_physics_vendor:/opt/ros/jazzy/opt/sdformat_vendor:/opt/ros/jazzy/opt/gz_gui_vendor:/opt/ros/jazzy/opt/gz_transport_vendor:/opt/ros/jazzy/opt/gz_rendering_vendor:/opt/ros/jazzy/opt/gz_plugin_vendor:/opt/ros/jazzy/opt/gz_fuel_tools_vendor:/opt/ros/jazzy/opt/gz_msgs_vendor:/opt/ros/jazzy/opt/gz_common_vendor:/opt/ros/jazzy/opt/gz_math_vendor:/opt/ros/jazzy/opt/gz_utils_vendor:/opt/ros/jazzy/opt/gz_tools_vendor:/opt/ros/jazzy/opt/gz_ogre_next_vendor:/opt/ros/jazzy/opt/gz_dartsim_vendor:/opt/ros/jazzy/opt/gz_cmake_vendor DEBUGINFOD_URLS=https://debuginfod.ubuntu.com LD_LIBRARY_PATH=/home/kaisar/warehouse_robot/robot/install/robot_msgs/lib:/home/kaisar/warehouse_robot/robot/install/stage_ros2/lib:/home/kaisar/warehouse_robot/robot/install/stage/lib:/opt/ros/jazzy/opt/gz_sim_vendor/lib:/opt/ros/jazzy/opt/gz_sensors_vendor/lib:/opt/ros/jazzy/opt/gz_physics_vendor/lib:/opt/ros/jazzy/opt/sdformat_vendor/lib:/opt/ros/jazzy/opt/rviz_ogre_vendor/lib:/opt/ros/jazzy/lib/x86_64-linux-gnu:/opt/ros/jazzy/opt/gz_gui_vendor/lib:/opt/ros/jazzy/opt/gz_transport_vendor/lib:/opt/ros/jazzy/opt/gz_rendering_vendor/lib:/opt/ros/jazzy/opt/gz_plugin_vendor/lib:/opt/ros/jazzy/opt/gz_fuel_tools_vendor/lib:/opt/ros/jazzy/opt/gz_msgs_vendor/lib:/opt/ros/jazzy/opt/gz_common_vendor/lib:/opt/ros/jazzy/opt/gz_math_vendor/lib:/opt/ros/jazzy/opt/gz_utils_vendor/lib:/opt/ros/jazzy/opt/gz_tools_vendor/lib:/opt/ros/jazzy/opt/gz_ogre_next_vendor/lib:/opt/ros/jazzy/opt/gz_dartsim_vendor/lib:/opt/ros/jazzy/opt/gz_cmake_vendor/lib:/opt/ros/jazzy/lib PYTHONPATH=/home/kaisar/warehouse_robot/robot/build/robot_status:/home/kaisar/warehouse_robot/robot/install/robot_status/lib/python3.12/site-packages:/home/kaisar/warehouse_robot/robot/build/robot_map_manager:/home/kaisar/warehouse_robot/robot/install/robot_map_manager/lib/python3.12/site-packages:/home/kaisar/warehouse_robot/robot/build/robot_planner:/home/kaisar/warehouse_robot/robot/install/robot_planner/lib/python3.12/site-packages:/home/kaisar/warehouse_robot/robot/install/robot_msgs/lib/python3.12/site-packages:/home/kaisar/warehouse_robot/robot/build/ros2_http_client:/home/kaisar/warehouse_robot/robot/install/ros2_http_client/lib/python3.12/site-packages:/opt/ros/jazzy/lib/python/site-packages:/opt/ros/jazzy/lib/python3.12/site-packages /usr/bin/cmake --build /home/kaisar/warehouse_robot/robot/build/robot_launch -- -j12 -l12
[6.838s] DEBUG:colcon.colcon_core.event_handler.log_command:Invoking command in '/home/kaisar/warehouse_robot/robot/build/robot_launch': AMENT_PREFIX_PATH=/home/kaisar/warehouse_robot/robot/install/robot_status:/home/kaisar/warehouse_robot/robot/install/robot_map_manager:/home/kaisar/warehouse_robot/robot/install/robot_planner:/home/kaisar/warehouse_robot/robot/install/trp1_description:/home/kaisar/warehouse_robot/robot/install/stage_ros2:/home/kaisar/warehouse_robot/robot/install/ros2_http_client:/home/kaisar/warehouse_robot/robot/install/robot_launch:/home/kaisar/warehouse_robot/robot/install/robot_msgs:/home/kaisar/warehouse_robot/robot/install/nav2:/opt/ros/jazzy CMAKE_PREFIX_PATH=/home/kaisar/warehouse_robot/robot/install/robot_msgs:/home/kaisar/warehouse_robot/robot/install/trp1_description:/home/kaisar/warehouse_robot/robot/install/stage_ros2:/home/kaisar/warehouse_robot/robot/install/ros2_http_client:/home/kaisar/warehouse_robot/robot/install/robot_status:/home/kaisar/warehouse_robot/robot/install/robot_map_manager:/home/kaisar/warehouse_robot/robot/install/robot_planner:/opt/ros/jazzy:/home/kaisar/warehouse_robot/robot/install/stage:/home/kaisar/warehouse_robot/robot/install/robot_launch:/home/kaisar/warehouse_robot/robot/install/nav2:/opt/ros/jazzy/opt/gz_sim_vendor:/opt/ros/jazzy/opt/gz_sensors_vendor:/opt/ros/jazzy/opt/gz_physics_vendor:/opt/ros/jazzy/opt/sdformat_vendor:/opt/ros/jazzy/opt/gz_gui_vendor:/opt/ros/jazzy/opt/gz_transport_vendor:/opt/ros/jazzy/opt/gz_rendering_vendor:/opt/ros/jazzy/opt/gz_plugin_vendor:/opt/ros/jazzy/opt/gz_fuel_tools_vendor:/opt/ros/jazzy/opt/gz_msgs_vendor:/opt/ros/jazzy/opt/gz_common_vendor:/opt/ros/jazzy/opt/gz_math_vendor:/opt/ros/jazzy/opt/gz_utils_vendor:/opt/ros/jazzy/opt/gz_tools_vendor:/opt/ros/jazzy/opt/gz_ogre_next_vendor:/opt/ros/jazzy/opt/gz_dartsim_vendor:/opt/ros/jazzy/opt/gz_cmake_vendor DEBUGINFOD_URLS=https://debuginfod.ubuntu.com LD_LIBRARY_PATH=/home/kaisar/warehouse_robot/robot/install/robot_msgs/lib:/home/kaisar/warehouse_robot/robot/install/stage_ros2/lib:/home/kaisar/warehouse_robot/robot/install/stage/lib:/opt/ros/jazzy/opt/gz_sim_vendor/lib:/opt/ros/jazzy/opt/gz_sensors_vendor/lib:/opt/ros/jazzy/opt/gz_physics_vendor/lib:/opt/ros/jazzy/opt/sdformat_vendor/lib:/opt/ros/jazzy/opt/rviz_ogre_vendor/lib:/opt/ros/jazzy/lib/x86_64-linux-gnu:/opt/ros/jazzy/opt/gz_gui_vendor/lib:/opt/ros/jazzy/opt/gz_transport_vendor/lib:/opt/ros/jazzy/opt/gz_rendering_vendor/lib:/opt/ros/jazzy/opt/gz_plugin_vendor/lib:/opt/ros/jazzy/opt/gz_fuel_tools_vendor/lib:/opt/ros/jazzy/opt/gz_msgs_vendor/lib:/opt/ros/jazzy/opt/gz_common_vendor/lib:/opt/ros/jazzy/opt/gz_math_vendor/lib:/opt/ros/jazzy/opt/gz_utils_vendor/lib:/opt/ros/jazzy/opt/gz_tools_vendor/lib:/opt/ros/jazzy/opt/gz_ogre_next_vendor/lib:/opt/ros/jazzy/opt/gz_dartsim_vendor/lib:/opt/ros/jazzy/opt/gz_cmake_vendor/lib:/opt/ros/jazzy/lib PYTHONPATH=/home/kaisar/warehouse_robot/robot/build/robot_status:/home/kaisar/warehouse_robot/robot/install/robot_status/lib/python3.12/site-packages:/home/kaisar/warehouse_robot/robot/build/robot_map_manager:/home/kaisar/warehouse_robot/robot/install/robot_map_manager/lib/python3.12/site-packages:/home/kaisar/warehouse_robot/robot/build/robot_planner:/home/kaisar/warehouse_robot/robot/install/robot_planner/lib/python3.12/site-packages:/home/kaisar/warehouse_robot/robot/install/robot_msgs/lib/python3.12/site-packages:/home/kaisar/warehouse_robot/robot/build/ros2_http_client:/home/kaisar/warehouse_robot/robot/install/ros2_http_client/lib/python3.12/site-packages:/opt/ros/jazzy/lib/python/site-packages:/opt/ros/jazzy/lib/python3.12/site-packages /usr/bin/cmake --install /home/kaisar/warehouse_robot/robot/build/robot_launch
[6.865s] Level 1:colcon.colcon_core.environment:create_environment_scripts_only(robot_launch)
[6.866s] Level 1:colcon.colcon_core.environment:checking '/home/kaisar/warehouse_robot/robot/install/robot_launch' for CMake module files
[6.866s] DEBUG:colcon.colcon_core.event_handler.log_command:Invoked command in '/home/kaisar/warehouse_robot/robot/build/robot_launch' returned '0': AMENT_PREFIX_PATH=/home/kaisar/warehouse_robot/robot/install/robot_status:/home/kaisar/warehouse_robot/robot/install/robot_map_manager:/home/kaisar/warehouse_robot/robot/install/robot_planner:/home/kaisar/warehouse_robot/robot/install/trp1_description:/home/kaisar/warehouse_robot/robot/install/stage_ros2:/home/kaisar/warehouse_robot/robot/install/ros2_http_client:/home/kaisar/warehouse_robot/robot/install/robot_launch:/home/kaisar/warehouse_robot/robot/install/robot_msgs:/home/kaisar/warehouse_robot/robot/install/nav2:/opt/ros/jazzy CMAKE_PREFIX_PATH=/home/kaisar/warehouse_robot/robot/install/robot_msgs:/home/kaisar/warehouse_robot/robot/install/trp1_description:/home/kaisar/warehouse_robot/robot/install/stage_ros2:/home/kaisar/warehouse_robot/robot/install/ros2_http_client:/home/kaisar/warehouse_robot/robot/install/robot_status:/home/kaisar/warehouse_robot/robot/install/robot_map_manager:/home/kaisar/warehouse_robot/robot/install/robot_planner:/opt/ros/jazzy:/home/kaisar/warehouse_robot/robot/install/stage:/home/kaisar/warehouse_robot/robot/install/robot_launch:/home/kaisar/warehouse_robot/robot/install/nav2:/opt/ros/jazzy/opt/gz_sim_vendor:/opt/ros/jazzy/opt/gz_sensors_vendor:/opt/ros/jazzy/opt/gz_physics_vendor:/opt/ros/jazzy/opt/sdformat_vendor:/opt/ros/jazzy/opt/gz_gui_vendor:/opt/ros/jazzy/opt/gz_transport_vendor:/opt/ros/jazzy/opt/gz_rendering_vendor:/opt/ros/jazzy/opt/gz_plugin_vendor:/opt/ros/jazzy/opt/gz_fuel_tools_vendor:/opt/ros/jazzy/opt/gz_msgs_vendor:/opt/ros/jazzy/opt/gz_common_vendor:/opt/ros/jazzy/opt/gz_math_vendor:/opt/ros/jazzy/opt/gz_utils_vendor:/opt/ros/jazzy/opt/gz_tools_vendor:/opt/ros/jazzy/opt/gz_ogre_next_vendor:/opt/ros/jazzy/opt/gz_dartsim_vendor:/opt/ros/jazzy/opt/gz_cmake_vendor DEBUGINFOD_URLS=https://debuginfod.ubuntu.com LD_LIBRARY_PATH=/home/kaisar/warehouse_robot/robot/install/robot_msgs/lib:/home/kaisar/warehouse_robot/robot/install/stage_ros2/lib:/home/kaisar/warehouse_robot/robot/install/stage/lib:/opt/ros/jazzy/opt/gz_sim_vendor/lib:/opt/ros/jazzy/opt/gz_sensors_vendor/lib:/opt/ros/jazzy/opt/gz_physics_vendor/lib:/opt/ros/jazzy/opt/sdformat_vendor/lib:/opt/ros/jazzy/opt/rviz_ogre_vendor/lib:/opt/ros/jazzy/lib/x86_64-linux-gnu:/opt/ros/jazzy/opt/gz_gui_vendor/lib:/opt/ros/jazzy/opt/gz_transport_vendor/lib:/opt/ros/jazzy/opt/gz_rendering_vendor/lib:/opt/ros/jazzy/opt/gz_plugin_vendor/lib:/opt/ros/jazzy/opt/gz_fuel_tools_vendor/lib:/opt/ros/jazzy/opt/gz_msgs_vendor/lib:/opt/ros/jazzy/opt/gz_common_vendor/lib:/opt/ros/jazzy/opt/gz_math_vendor/lib:/opt/ros/jazzy/opt/gz_utils_vendor/lib:/opt/ros/jazzy/opt/gz_tools_vendor/lib:/opt/ros/jazzy/opt/gz_ogre_next_vendor/lib:/opt/ros/jazzy/opt/gz_dartsim_vendor/lib:/opt/ros/jazzy/opt/gz_cmake_vendor/lib:/opt/ros/jazzy/lib PYTHONPATH=/home/kaisar/warehouse_robot/robot/build/robot_status:/home/kaisar/warehouse_robot/robot/install/robot_status/lib/python3.12/site-packages:/home/kaisar/warehouse_robot/robot/build/robot_map_manager:/home/kaisar/warehouse_robot/robot/install/robot_map_manager/lib/python3.12/site-packages:/home/kaisar/warehouse_robot/robot/build/robot_planner:/home/kaisar/warehouse_robot/robot/install/robot_planner/lib/python3.12/site-packages:/home/kaisar/warehouse_robot/robot/install/robot_msgs/lib/python3.12/site-packages:/home/kaisar/warehouse_robot/robot/build/ros2_http_client:/home/kaisar/warehouse_robot/robot/install/ros2_http_client/lib/python3.12/site-packages:/opt/ros/jazzy/lib/python/site-packages:/opt/ros/jazzy/lib/python3.12/site-packages /usr/bin/cmake --install /home/kaisar/warehouse_robot/robot/build/robot_launch
[6.867s] Level 1:colcon.colcon_core.environment:checking '/home/kaisar/warehouse_robot/robot/install/robot_launch' for CMake config files
[6.867s] Level 1:colcon.colcon_core.shell:create_environment_hook('robot_launch', 'cmake_prefix_path')
[6.867s] INFO:colcon.colcon_core.shell:Creating environment hook '/home/kaisar/warehouse_robot/robot/install/robot_launch/share/robot_launch/hook/cmake_prefix_path.ps1'
[6.868s] INFO:colcon.colcon_core.shell:Creating environment descriptor '/home/kaisar/warehouse_robot/robot/install/robot_launch/share/robot_launch/hook/cmake_prefix_path.dsv'
[6.868s] INFO:colcon.colcon_core.shell:Creating environment hook '/home/kaisar/warehouse_robot/robot/install/robot_launch/share/robot_launch/hook/cmake_prefix_path.sh'
[6.869s] Level 1:colcon.colcon_core.environment:checking '/home/kaisar/warehouse_robot/robot/install/robot_launch/bin'
[6.869s] Level 1:colcon.colcon_core.environment:checking '/home/kaisar/warehouse_robot/robot/install/robot_launch/lib/pkgconfig/robot_launch.pc'
[6.869s] Level 1:colcon.colcon_core.environment:checking '/home/kaisar/warehouse_robot/robot/install/robot_launch/lib/python3.12/site-packages'
[6.869s] Level 1:colcon.colcon_core.environment:checking '/home/kaisar/warehouse_robot/robot/install/robot_launch/bin'
[6.870s] INFO:colcon.colcon_core.shell:Creating package script '/home/kaisar/warehouse_robot/robot/install/robot_launch/share/robot_launch/package.ps1'
[6.870s] INFO:colcon.colcon_core.shell:Creating package descriptor '/home/kaisar/warehouse_robot/robot/install/robot_launch/share/robot_launch/package.dsv'
[6.871s] INFO:colcon.colcon_core.shell:Creating package script '/home/kaisar/warehouse_robot/robot/install/robot_launch/share/robot_launch/package.sh'
[6.871s] INFO:colcon.colcon_core.shell:Creating package script '/home/kaisar/warehouse_robot/robot/install/robot_launch/share/robot_launch/package.bash'
[6.871s] INFO:colcon.colcon_core.shell:Creating package script '/home/kaisar/warehouse_robot/robot/install/robot_launch/share/robot_launch/package.zsh'
[6.872s] Level 1:colcon.colcon_core.environment:create_file_with_runtime_dependencies(/home/kaisar/warehouse_robot/robot/install/robot_launch/share/colcon-core/packages/robot_launch)
[6.872s] Level 1:colcon.colcon_core.environment:create_environment_scripts_only(robot_launch)
[6.872s] Level 1:colcon.colcon_core.environment:checking '/home/kaisar/warehouse_robot/robot/install/robot_launch' for CMake module files
[6.873s] Level 1:colcon.colcon_core.environment:checking '/home/kaisar/warehouse_robot/robot/install/robot_launch' for CMake config files
[6.873s] Level 1:colcon.colcon_core.shell:create_environment_hook('robot_launch', 'cmake_prefix_path')
[6.873s] INFO:colcon.colcon_core.shell:Creating environment hook '/home/kaisar/warehouse_robot/robot/install/robot_launch/share/robot_launch/hook/cmake_prefix_path.ps1'
[6.874s] INFO:colcon.colcon_core.shell:Creating environment descriptor '/home/kaisar/warehouse_robot/robot/install/robot_launch/share/robot_launch/hook/cmake_prefix_path.dsv'
[6.874s] INFO:colcon.colcon_core.shell:Creating environment hook '/home/kaisar/warehouse_robot/robot/install/robot_launch/share/robot_launch/hook/cmake_prefix_path.sh'
[6.875s] Level 1:colcon.colcon_core.environment:checking '/home/kaisar/warehouse_robot/robot/install/robot_launch/bin'
[6.875s] Level 1:colcon.colcon_core.environment:checking '/home/kaisar/warehouse_robot/robot/install/robot_launch/lib/pkgconfig/robot_launch.pc'
[6.875s] Level 1:colcon.colcon_core.environment:checking '/home/kaisar/warehouse_robot/robot/install/robot_launch/lib/python3.12/site-packages'
[6.876s] Level 1:colcon.colcon_core.environment:checking '/home/kaisar/warehouse_robot/robot/install/robot_launch/bin'
[6.876s] INFO:colcon.colcon_core.shell:Creating package script '/home/kaisar/warehouse_robot/robot/install/robot_launch/share/robot_launch/package.ps1'
[6.876s] INFO:colcon.colcon_core.shell:Creating package descriptor '/home/kaisar/warehouse_robot/robot/install/robot_launch/share/robot_launch/package.dsv'
[6.877s] INFO:colcon.colcon_core.shell:Creating package script '/home/kaisar/warehouse_robot/robot/install/robot_launch/share/robot_launch/package.sh'
[6.877s] INFO:colcon.colcon_core.shell:Creating package script '/home/kaisar/warehouse_robot/robot/install/robot_launch/share/robot_launch/package.bash'
[6.878s] INFO:colcon.colcon_core.shell:Creating package script '/home/kaisar/warehouse_robot/robot/install/robot_launch/share/robot_launch/package.zsh'
[6.878s] Level 1:colcon.colcon_core.environment:create_file_with_runtime_dependencies(/home/kaisar/warehouse_robot/robot/install/robot_launch/share/colcon-core/packages/robot_launch)
[6.878s] DEBUG:colcon.colcon_parallel_executor.executor.parallel:closing loop
[6.879s] DEBUG:colcon.colcon_parallel_executor.executor.parallel:loop closed
[6.879s] DEBUG:colcon.colcon_parallel_executor.executor.parallel:run_until_complete finished with '0'
[6.879s] DEBUG:colcon.colcon_core.event_reactor:joining thread
[6.886s] INFO:colcon.colcon_core.plugin_system:Skipping extension 'colcon_notification.desktop_notification.terminal_notifier': Not used on non-Darwin systems
[6.886s] INFO:colcon.colcon_core.plugin_system:Skipping extension 'colcon_notification.desktop_notification.win32': Not used on non-Windows systems
[6.886s] INFO:colcon.colcon_notification.desktop_notification:Sending desktop notification using 'notify2'
[6.901s] DEBUG:colcon.colcon_core.event_reactor:joined thread
[6.902s] INFO:colcon.colcon_core.shell:Creating prefix script '/home/kaisar/warehouse_robot/robot/install/local_setup.ps1'
[6.903s] INFO:colcon.colcon_core.shell:Creating prefix util module '/home/kaisar/warehouse_robot/robot/install/_local_setup_util_ps1.py'
[6.904s] INFO:colcon.colcon_core.shell:Creating prefix chain script '/home/kaisar/warehouse_robot/robot/install/setup.ps1'
[6.905s] INFO:colcon.colcon_core.shell:Creating prefix script '/home/kaisar/warehouse_robot/robot/install/local_setup.sh'
[6.906s] INFO:colcon.colcon_core.shell:Creating prefix util module '/home/kaisar/warehouse_robot/robot/install/_local_setup_util_sh.py'
[6.907s] INFO:colcon.colcon_core.shell:Creating prefix chain script '/home/kaisar/warehouse_robot/robot/install/setup.sh'
[6.909s] INFO:colcon.colcon_core.shell:Creating prefix script '/home/kaisar/warehouse_robot/robot/install/local_setup.bash'
[6.909s] INFO:colcon.colcon_core.shell:Creating prefix chain script '/home/kaisar/warehouse_robot/robot/install/setup.bash'
[6.911s] INFO:colcon.colcon_core.shell:Creating prefix script '/home/kaisar/warehouse_robot/robot/install/local_setup.zsh'
[6.911s] INFO:colcon.colcon_core.shell:Creating prefix chain script '/home/kaisar/warehouse_robot/robot/install/setup.zsh'
