[0.016s] Invoking command in '/home/kaisar/warehouse_robot/robot/build/nav2': CMAKE_PREFIX_PATH=/home/kaisar/warehouse_robot/install/trp1_description:/home/kaisar/warehouse_robot/install/stage_ros2:/opt/ros/jazzy:/home/kaisar/warehouse_robot/install/stage:/home/kaisar/warehouse_robot/install/robot_msgs:/home/kaisar/warehouse_robot/install/nav2:/home/kaisar/warehouse_robot/robot/install/trp1_description:/home/kaisar/warehouse_robot/robot/install/stage_ros2:/home/kaisar/warehouse_robot/robot/install/stage:/home/kaisar/warehouse_robot/robot/install/robot_msgs:/home/kaisar/warehouse_robot/robot/install/nav2:/opt/ros/jazzy/opt/gz_sim_vendor:/opt/ros/jazzy/opt/gz_sensors_vendor:/opt/ros/jazzy/opt/gz_physics_vendor:/opt/ros/jazzy/opt/sdformat_vendor:/opt/ros/jazzy/opt/gz_gui_vendor:/opt/ros/jazzy/opt/gz_transport_vendor:/opt/ros/jazzy/opt/gz_rendering_vendor:/opt/ros/jazzy/opt/gz_plugin_vendor:/opt/ros/jazzy/opt/gz_fuel_tools_vendor:/opt/ros/jazzy/opt/gz_msgs_vendor:/opt/ros/jazzy/opt/gz_common_vendor:/opt/ros/jazzy/opt/gz_math_vendor:/opt/ros/jazzy/opt/gz_utils_vendor:/opt/ros/jazzy/opt/gz_tools_vendor:/opt/ros/jazzy/opt/gz_ogre_next_vendor:/opt/ros/jazzy/opt/gz_dartsim_vendor:/opt/ros/jazzy/opt/gz_cmake_vendor DEBUGINFOD_URLS=https://debuginfod.ubuntu.com /usr/bin/cmake /home/kaisar/warehouse_robot/robot/ws/src/nav2 -DAMENT_CMAKE_SYMLINK_INSTALL=1 -DCMAKE_INSTALL_PREFIX=/home/kaisar/warehouse_robot/robot/install/nav2
[0.084s] -- The C compiler identification is GNU 13.3.0
[0.152s] -- The CXX compiler identification is GNU 13.3.0
[0.172s] -- Detecting C compiler ABI info
[0.292s] -- Detecting C compiler ABI info - done
[0.302s] -- Check for working C compiler: /usr/bin/cc - skipped
[0.302s] -- Detecting C compile features
[0.303s] -- Detecting C compile features - done
[0.313s] -- Detecting CXX compiler ABI info
[0.449s] -- Detecting CXX compiler ABI info - done
[0.463s] -- Check for working CXX compiler: /usr/bin/c++ - skipped
[0.464s] -- Detecting CXX compile features
[0.464s] -- Detecting CXX compile features - done
[0.469s] -- Found ament_cmake: 2.5.6 (/opt/ros/jazzy/share/ament_cmake/cmake)
[0.659s] -- Found Python3: /usr/bin/python3 (found version "3.12.3") found components: Interpreter 
[0.743s] -- Override CMake install command with custom implementation using symlinks instead of copying resources
[0.788s] -- Found rclcpp: 28.1.18 (/opt/ros/jazzy/share/rclcpp/cmake)
[0.843s] -- Found rosidl_generator_c: 4.6.7 (/opt/ros/jazzy/share/rosidl_generator_c/cmake)
[0.860s] -- Found rosidl_generator_cpp: 4.6.7 (/opt/ros/jazzy/share/rosidl_generator_cpp/cmake)
[0.881s] -- Using all available rosidl_typesupport_c: rosidl_typesupport_fastrtps_c;rosidl_typesupport_introspection_c
[0.904s] -- Using all available rosidl_typesupport_cpp: rosidl_typesupport_fastrtps_cpp;rosidl_typesupport_introspection_cpp
[1.010s] -- Found rmw_implementation_cmake: 7.3.3 (/opt/ros/jazzy/share/rmw_implementation_cmake/cmake)
[1.017s] -- Found rmw_fastrtps_cpp: 8.4.3 (/opt/ros/jazzy/share/rmw_fastrtps_cpp/cmake)
[1.150s] -- Found OpenSSL: /usr/lib/x86_64-linux-gnu/libcrypto.so (found version "3.0.13")  
[1.181s] -- Found FastRTPS: /opt/ros/jazzy/include (Required is at least version "2.13") 
[1.213s] -- Using RMW implementation 'rmw_fastrtps_cpp' as default
[1.328s] -- Found urdf: 2.10.0 (/opt/ros/jazzy/share/urdf/cmake)
[1.372s] -- Found xacro: 2.1.1 (/opt/ros/jazzy/share/xacro/cmake)
[1.375s] -- Found std_msgs: 5.3.7 (/opt/ros/jazzy/share/std_msgs/cmake)
[1.493s] -- Configuring done (1.5s)
[1.500s] -- Generating done (0.0s)
[1.503s] -- Build files have been written to: /home/kaisar/warehouse_robot/robot/build/nav2
[1.514s] Invoked command in '/home/kaisar/warehouse_robot/robot/build/nav2' returned '0': CMAKE_PREFIX_PATH=/home/kaisar/warehouse_robot/install/trp1_description:/home/kaisar/warehouse_robot/install/stage_ros2:/opt/ros/jazzy:/home/kaisar/warehouse_robot/install/stage:/home/kaisar/warehouse_robot/install/robot_msgs:/home/kaisar/warehouse_robot/install/nav2:/home/kaisar/warehouse_robot/robot/install/trp1_description:/home/kaisar/warehouse_robot/robot/install/stage_ros2:/home/kaisar/warehouse_robot/robot/install/stage:/home/kaisar/warehouse_robot/robot/install/robot_msgs:/home/kaisar/warehouse_robot/robot/install/nav2:/opt/ros/jazzy/opt/gz_sim_vendor:/opt/ros/jazzy/opt/gz_sensors_vendor:/opt/ros/jazzy/opt/gz_physics_vendor:/opt/ros/jazzy/opt/sdformat_vendor:/opt/ros/jazzy/opt/gz_gui_vendor:/opt/ros/jazzy/opt/gz_transport_vendor:/opt/ros/jazzy/opt/gz_rendering_vendor:/opt/ros/jazzy/opt/gz_plugin_vendor:/opt/ros/jazzy/opt/gz_fuel_tools_vendor:/opt/ros/jazzy/opt/gz_msgs_vendor:/opt/ros/jazzy/opt/gz_common_vendor:/opt/ros/jazzy/opt/gz_math_vendor:/opt/ros/jazzy/opt/gz_utils_vendor:/opt/ros/jazzy/opt/gz_tools_vendor:/opt/ros/jazzy/opt/gz_ogre_next_vendor:/opt/ros/jazzy/opt/gz_dartsim_vendor:/opt/ros/jazzy/opt/gz_cmake_vendor DEBUGINFOD_URLS=https://debuginfod.ubuntu.com /usr/bin/cmake /home/kaisar/warehouse_robot/robot/ws/src/nav2 -DAMENT_CMAKE_SYMLINK_INSTALL=1 -DCMAKE_INSTALL_PREFIX=/home/kaisar/warehouse_robot/robot/install/nav2
[1.515s] Invoking command in '/home/kaisar/warehouse_robot/robot/build/nav2': CMAKE_PREFIX_PATH=/home/kaisar/warehouse_robot/install/trp1_description:/home/kaisar/warehouse_robot/install/stage_ros2:/opt/ros/jazzy:/home/kaisar/warehouse_robot/install/stage:/home/kaisar/warehouse_robot/install/robot_msgs:/home/kaisar/warehouse_robot/install/nav2:/home/kaisar/warehouse_robot/robot/install/trp1_description:/home/kaisar/warehouse_robot/robot/install/stage_ros2:/home/kaisar/warehouse_robot/robot/install/stage:/home/kaisar/warehouse_robot/robot/install/robot_msgs:/home/kaisar/warehouse_robot/robot/install/nav2:/opt/ros/jazzy/opt/gz_sim_vendor:/opt/ros/jazzy/opt/gz_sensors_vendor:/opt/ros/jazzy/opt/gz_physics_vendor:/opt/ros/jazzy/opt/sdformat_vendor:/opt/ros/jazzy/opt/gz_gui_vendor:/opt/ros/jazzy/opt/gz_transport_vendor:/opt/ros/jazzy/opt/gz_rendering_vendor:/opt/ros/jazzy/opt/gz_plugin_vendor:/opt/ros/jazzy/opt/gz_fuel_tools_vendor:/opt/ros/jazzy/opt/gz_msgs_vendor:/opt/ros/jazzy/opt/gz_common_vendor:/opt/ros/jazzy/opt/gz_math_vendor:/opt/ros/jazzy/opt/gz_utils_vendor:/opt/ros/jazzy/opt/gz_tools_vendor:/opt/ros/jazzy/opt/gz_ogre_next_vendor:/opt/ros/jazzy/opt/gz_dartsim_vendor:/opt/ros/jazzy/opt/gz_cmake_vendor DEBUGINFOD_URLS=https://debuginfod.ubuntu.com /usr/bin/cmake --build /home/kaisar/warehouse_robot/robot/build/nav2 -- -j12 -l12
[1.566s] Invoked command in '/home/kaisar/warehouse_robot/robot/build/nav2' returned '0': CMAKE_PREFIX_PATH=/home/kaisar/warehouse_robot/install/trp1_description:/home/kaisar/warehouse_robot/install/stage_ros2:/opt/ros/jazzy:/home/kaisar/warehouse_robot/install/stage:/home/kaisar/warehouse_robot/install/robot_msgs:/home/kaisar/warehouse_robot/install/nav2:/home/kaisar/warehouse_robot/robot/install/trp1_description:/home/kaisar/warehouse_robot/robot/install/stage_ros2:/home/kaisar/warehouse_robot/robot/install/stage:/home/kaisar/warehouse_robot/robot/install/robot_msgs:/home/kaisar/warehouse_robot/robot/install/nav2:/opt/ros/jazzy/opt/gz_sim_vendor:/opt/ros/jazzy/opt/gz_sensors_vendor:/opt/ros/jazzy/opt/gz_physics_vendor:/opt/ros/jazzy/opt/sdformat_vendor:/opt/ros/jazzy/opt/gz_gui_vendor:/opt/ros/jazzy/opt/gz_transport_vendor:/opt/ros/jazzy/opt/gz_rendering_vendor:/opt/ros/jazzy/opt/gz_plugin_vendor:/opt/ros/jazzy/opt/gz_fuel_tools_vendor:/opt/ros/jazzy/opt/gz_msgs_vendor:/opt/ros/jazzy/opt/gz_common_vendor:/opt/ros/jazzy/opt/gz_math_vendor:/opt/ros/jazzy/opt/gz_utils_vendor:/opt/ros/jazzy/opt/gz_tools_vendor:/opt/ros/jazzy/opt/gz_ogre_next_vendor:/opt/ros/jazzy/opt/gz_dartsim_vendor:/opt/ros/jazzy/opt/gz_cmake_vendor DEBUGINFOD_URLS=https://debuginfod.ubuntu.com /usr/bin/cmake --build /home/kaisar/warehouse_robot/robot/build/nav2 -- -j12 -l12
[1.567s] Invoking command in '/home/kaisar/warehouse_robot/robot/build/nav2': CMAKE_PREFIX_PATH=/home/kaisar/warehouse_robot/install/trp1_description:/home/kaisar/warehouse_robot/install/stage_ros2:/opt/ros/jazzy:/home/kaisar/warehouse_robot/install/stage:/home/kaisar/warehouse_robot/install/robot_msgs:/home/kaisar/warehouse_robot/install/nav2:/home/kaisar/warehouse_robot/robot/install/trp1_description:/home/kaisar/warehouse_robot/robot/install/stage_ros2:/home/kaisar/warehouse_robot/robot/install/stage:/home/kaisar/warehouse_robot/robot/install/robot_msgs:/home/kaisar/warehouse_robot/robot/install/nav2:/opt/ros/jazzy/opt/gz_sim_vendor:/opt/ros/jazzy/opt/gz_sensors_vendor:/opt/ros/jazzy/opt/gz_physics_vendor:/opt/ros/jazzy/opt/sdformat_vendor:/opt/ros/jazzy/opt/gz_gui_vendor:/opt/ros/jazzy/opt/gz_transport_vendor:/opt/ros/jazzy/opt/gz_rendering_vendor:/opt/ros/jazzy/opt/gz_plugin_vendor:/opt/ros/jazzy/opt/gz_fuel_tools_vendor:/opt/ros/jazzy/opt/gz_msgs_vendor:/opt/ros/jazzy/opt/gz_common_vendor:/opt/ros/jazzy/opt/gz_math_vendor:/opt/ros/jazzy/opt/gz_utils_vendor:/opt/ros/jazzy/opt/gz_tools_vendor:/opt/ros/jazzy/opt/gz_ogre_next_vendor:/opt/ros/jazzy/opt/gz_dartsim_vendor:/opt/ros/jazzy/opt/gz_cmake_vendor DEBUGINFOD_URLS=https://debuginfod.ubuntu.com /usr/bin/cmake --install /home/kaisar/warehouse_robot/robot/build/nav2
[1.577s] -- Install configuration: ""
[1.578s] -- Execute custom install script
[1.578s] -- Symlinking: /home/kaisar/warehouse_robot/robot/install/nav2/share/nav2//config/apriltags_36h11.yaml
[1.589s] -- Symlinking: /home/kaisar/warehouse_robot/robot/install/nav2/share/nav2//config/ekf.yaml
[1.600s] -- Symlinking: /home/kaisar/warehouse_robot/robot/install/nav2/share/nav2//config/nav2_params.yaml
[1.611s] -- Symlinking: /home/kaisar/warehouse_robot/robot/install/nav2/share/nav2//config/navigate_to_pose_w_replanning_and_recovery.xml
[1.622s] -- Symlinking: /home/kaisar/warehouse_robot/robot/install/nav2/share/nav2//launch/__pycache__/gazebo_multi_nav2_world.launch.cpython-312.pyc
[1.634s] -- Symlinking: /home/kaisar/warehouse_robot/robot/install/nav2/share/nav2//launch/__pycache__/launch.cpython-312.pyc
[1.644s] -- Symlinking: /home/kaisar/warehouse_robot/robot/install/nav2/share/nav2//launch/__pycache__/nav2_launch.cpython-312.pyc
[1.656s] -- Symlinking: /home/kaisar/warehouse_robot/robot/install/nav2/share/nav2//launch/__pycache__/rviz_launch.cpython-312.pyc
[1.668s] -- Symlinking: /home/kaisar/warehouse_robot/robot/install/nav2/share/nav2//launch/nav2/__pycache__/localization_launch.cpython-312.pyc
[1.679s] -- Symlinking: /home/kaisar/warehouse_robot/robot/install/nav2/share/nav2//launch/nav2/__pycache__/navigation_launch.cpython-312.pyc
[1.692s] -- Symlinking: /home/kaisar/warehouse_robot/robot/install/nav2/share/nav2//launch/nav2/bringup_launch.py
[1.703s] -- Symlinking: /home/kaisar/warehouse_robot/robot/install/nav2/share/nav2//launch/nav2/localization_launch.py
[1.714s] -- Symlinking: /home/kaisar/warehouse_robot/robot/install/nav2/share/nav2//launch/nav2/navigation_launch.py
[1.725s] -- Symlinking: /home/kaisar/warehouse_robot/robot/install/nav2/share/nav2//launch/nav2_launch.py
[1.736s] -- Symlinking: /home/kaisar/warehouse_robot/robot/install/nav2/share/nav2//launch/rviz_launch.py
[1.748s] -- Symlinking: /home/kaisar/warehouse_robot/robot/install/nav2/share/nav2//world/cafe.world
[1.760s] -- Symlinking: /home/kaisar/warehouse_robot/robot/install/nav2/share/nav2//world/empty_world.world
[1.772s] -- Symlinking: /home/kaisar/warehouse_robot/robot/install/nav2/share/nav2//maps/22.05.26_smap.pgm
[1.783s] -- Symlinking: /home/kaisar/warehouse_robot/robot/install/nav2/share/nav2//maps/22.05.26_smap.yaml
[1.802s] -- Symlinking: /home/kaisar/warehouse_robot/robot/install/nav2/share/nav2//maps/LMs.yaml
[1.822s] -- Symlinking: /home/kaisar/warehouse_robot/robot/install/nav2/share/nav2//maps/cafe_world_map.pgm
[1.837s] -- Symlinking: /home/kaisar/warehouse_robot/robot/install/nav2/share/nav2//maps/cafe_world_map.yaml
[1.854s] -- Symlinking: /home/kaisar/warehouse_robot/robot/install/nav2/share/nav2//maps/graph_edges_lengths.yaml
[1.871s] -- Symlinking: /home/kaisar/warehouse_robot/robot/install/nav2/share/nav2//maps/graphs.yaml
[1.893s] -- Symlinking: /home/kaisar/warehouse_robot/robot/install/nav2/share/nav2//rviz/check_joint.rviz
[1.914s] -- Symlinking: /home/kaisar/warehouse_robot/robot/install/nav2/share/nav2//rviz/multi_nav2_default_view.rviz
[1.930s] -- Symlinking: /home/kaisar/warehouse_robot/robot/install/nav2/share/nav2//rviz/nav2_default_view.rviz
[1.952s] -- Symlinking: /home/kaisar/warehouse_robot/robot/install/nav2/share/nav2//rviz/rviz_ns.rviz
[1.982s] -- Symlinking: /home/kaisar/warehouse_robot/robot/install/nav2/share/nav2//models/Apriltag36_11_00000/materials/textures/tag36_11_00000.png
[2.008s] -- Symlinking: /home/kaisar/warehouse_robot/robot/install/nav2/share/nav2//models/Apriltag36_11_00000/meshes/tag36_11_00000.dae
[2.032s] -- Symlinking: /home/kaisar/warehouse_robot/robot/install/nav2/share/nav2//models/Apriltag36_11_00000/model.config
[2.053s] -- Symlinking: /home/kaisar/warehouse_robot/robot/install/nav2/share/nav2//models/Apriltag36_11_00000/model.sdf
[2.073s] -- Symlinking: /home/kaisar/warehouse_robot/robot/install/nav2/share/nav2//models/aws_robomaker_residential_AirconditionerA_01/materials/textures/aws_AirconditionerA_01.png
[2.096s] -- Symlinking: /home/kaisar/warehouse_robot/robot/install/nav2/share/nav2//models/aws_robomaker_residential_AirconditionerA_01/meshes/aws_AirconditionerA_01_collision.DAE
[2.149s] -- Symlinking: /home/kaisar/warehouse_robot/robot/install/nav2/share/nav2//models/aws_robomaker_residential_AirconditionerA_01/meshes/aws_AirconditionerA_01_visual.DAE
[2.184s] -- Symlinking: /home/kaisar/warehouse_robot/robot/install/nav2/share/nav2//models/aws_robomaker_residential_AirconditionerA_01/model.config
[2.224s] -- Symlinking: /home/kaisar/warehouse_robot/robot/install/nav2/share/nav2//models/aws_robomaker_residential_AirconditionerA_01/model.sdf
[2.253s] -- Symlinking: /home/kaisar/warehouse_robot/robot/install/nav2/share/nav2//models/aws_robomaker_residential_AirconditionerB_01/materials/textures/aws_AirconditionerB_01.png
[2.275s] -- Symlinking: /home/kaisar/warehouse_robot/robot/install/nav2/share/nav2//models/aws_robomaker_residential_AirconditionerB_01/meshes/aws_AirconditionerB_01_collision.DAE
[2.299s] -- Symlinking: /home/kaisar/warehouse_robot/robot/install/nav2/share/nav2//models/aws_robomaker_residential_AirconditionerB_01/meshes/aws_AirconditionerB_01_visual.DAE
[2.318s] -- Symlinking: /home/kaisar/warehouse_robot/robot/install/nav2/share/nav2//models/aws_robomaker_residential_AirconditionerB_01/model.config
[2.355s] -- Symlinking: /home/kaisar/warehouse_robot/robot/install/nav2/share/nav2//models/aws_robomaker_residential_AirconditionerB_01/model.sdf
[2.395s] -- Symlinking: /home/kaisar/warehouse_robot/robot/install/nav2/share/nav2//models/aws_robomaker_residential_BalconyTable_01/materials/textures/aws_BalconyTable_01.png
[2.429s] -- Symlinking: /home/kaisar/warehouse_robot/robot/install/nav2/share/nav2//models/aws_robomaker_residential_BalconyTable_01/meshes/aws_BalconyTable_01_collision.DAE
[2.472s] -- Symlinking: /home/kaisar/warehouse_robot/robot/install/nav2/share/nav2//models/aws_robomaker_residential_BalconyTable_01/meshes/aws_BalconyTable_01_visual.DAE
[2.518s] -- Symlinking: /home/kaisar/warehouse_robot/robot/install/nav2/share/nav2//models/aws_robomaker_residential_BalconyTable_01/model.config
[2.564s] -- Symlinking: /home/kaisar/warehouse_robot/robot/install/nav2/share/nav2//models/aws_robomaker_residential_BalconyTable_01/model.sdf
[2.607s] -- Symlinking: /home/kaisar/warehouse_robot/robot/install/nav2/share/nav2//models/aws_robomaker_residential_Ball_01/materials/textures/aws_Ball_01.png
[2.649s] -- Symlinking: /home/kaisar/warehouse_robot/robot/install/nav2/share/nav2//models/aws_robomaker_residential_Ball_01/meshes/aws_Ball_01_collision.DAE
[2.688s] -- Symlinking: /home/kaisar/warehouse_robot/robot/install/nav2/share/nav2//models/aws_robomaker_residential_Ball_01/meshes/aws_Ball_01_visual.DAE
[2.731s] -- Symlinking: /home/kaisar/warehouse_robot/robot/install/nav2/share/nav2//models/aws_robomaker_residential_Ball_01/model.config
[2.774s] -- Symlinking: /home/kaisar/warehouse_robot/robot/install/nav2/share/nav2//models/aws_robomaker_residential_Ball_01/model.sdf
[2.813s] -- Symlinking: /home/kaisar/warehouse_robot/robot/install/nav2/share/nav2//models/aws_robomaker_residential_Bed_01/materials/textures/aws_BedA_01.png
[2.854s] -- Symlinking: /home/kaisar/warehouse_robot/robot/install/nav2/share/nav2//models/aws_robomaker_residential_Bed_01/materials/textures/aws_BedB_01.png
[2.876s] -- Symlinking: /home/kaisar/warehouse_robot/robot/install/nav2/share/nav2//models/aws_robomaker_residential_Bed_01/materials/textures/aws_BedC_01.png
[2.901s] -- Symlinking: /home/kaisar/warehouse_robot/robot/install/nav2/share/nav2//models/aws_robomaker_residential_Bed_01/materials/textures/aws_Bed_01.png
[2.943s] -- Symlinking: /home/kaisar/warehouse_robot/robot/install/nav2/share/nav2//models/aws_robomaker_residential_Bed_01/meshes/aws_Bed_01_collision.DAE
[2.976s] -- Symlinking: /home/kaisar/warehouse_robot/robot/install/nav2/share/nav2//models/aws_robomaker_residential_Bed_01/meshes/aws_Bed_01_visual.DAE
[3.000s] -- Symlinking: /home/kaisar/warehouse_robot/robot/install/nav2/share/nav2//models/aws_robomaker_residential_Bed_01/model.config
[3.030s] -- Symlinking: /home/kaisar/warehouse_robot/robot/install/nav2/share/nav2//models/aws_robomaker_residential_Bed_01/model.sdf
[3.049s] -- Symlinking: /home/kaisar/warehouse_robot/robot/install/nav2/share/nav2//models/aws_robomaker_residential_Board_01/materials/textures/aws_Board_01.png
[3.069s] -- Symlinking: /home/kaisar/warehouse_robot/robot/install/nav2/share/nav2//models/aws_robomaker_residential_Board_01/meshes/aws_Board_01_collision.DAE
[3.095s] -- Symlinking: /home/kaisar/warehouse_robot/robot/install/nav2/share/nav2//models/aws_robomaker_residential_Board_01/meshes/aws_Board_01_visual.DAE
[3.129s] -- Symlinking: /home/kaisar/warehouse_robot/robot/install/nav2/share/nav2//models/aws_robomaker_residential_Board_01/model.config
[3.172s] -- Symlinking: /home/kaisar/warehouse_robot/robot/install/nav2/share/nav2//models/aws_robomaker_residential_Board_01/model.sdf
[3.210s] -- Symlinking: /home/kaisar/warehouse_robot/robot/install/nav2/share/nav2//models/aws_robomaker_residential_Carpet_01/materials/textures/aws_Carpet_01.png
[3.250s] -- Symlinking: /home/kaisar/warehouse_robot/robot/install/nav2/share/nav2//models/aws_robomaker_residential_Carpet_01/meshes/aws_Carpet_01_collision.DAE
[3.286s] -- Symlinking: /home/kaisar/warehouse_robot/robot/install/nav2/share/nav2//models/aws_robomaker_residential_Carpet_01/meshes/aws_Carpet_01_visual.DAE
[3.311s] -- Symlinking: /home/kaisar/warehouse_robot/robot/install/nav2/share/nav2//models/aws_robomaker_residential_Carpet_01/model.config
[3.332s] -- Symlinking: /home/kaisar/warehouse_robot/robot/install/nav2/share/nav2//models/aws_robomaker_residential_Carpet_01/model.sdf
[3.376s] -- Symlinking: /home/kaisar/warehouse_robot/robot/install/nav2/share/nav2//models/aws_robomaker_residential_ChairA_01/materials/textures/aws_ChairA_01.png
[3.415s] -- Symlinking: /home/kaisar/warehouse_robot/robot/install/nav2/share/nav2//models/aws_robomaker_residential_ChairA_01/meshes/aws_ChairA_01_collision.DAE
[3.457s] -- Symlinking: /home/kaisar/warehouse_robot/robot/install/nav2/share/nav2//models/aws_robomaker_residential_ChairA_01/meshes/aws_ChairA_01_visual.DAE
[3.491s] -- Symlinking: /home/kaisar/warehouse_robot/robot/install/nav2/share/nav2//models/aws_robomaker_residential_ChairA_01/model.config
[3.511s] -- Symlinking: /home/kaisar/warehouse_robot/robot/install/nav2/share/nav2//models/aws_robomaker_residential_ChairA_01/model.sdf
[3.535s] -- Symlinking: /home/kaisar/warehouse_robot/robot/install/nav2/share/nav2//models/aws_robomaker_residential_ChairD_01/materials/textures/aws_ChairD_01.png
[3.569s] -- Symlinking: /home/kaisar/warehouse_robot/robot/install/nav2/share/nav2//models/aws_robomaker_residential_ChairD_01/meshes/aws_ChairD_01_collision.DAE
[3.609s] -- Symlinking: /home/kaisar/warehouse_robot/robot/install/nav2/share/nav2//models/aws_robomaker_residential_ChairD_01/meshes/aws_ChairD_01_visual.DAE
[3.630s] -- Symlinking: /home/kaisar/warehouse_robot/robot/install/nav2/share/nav2//models/aws_robomaker_residential_ChairD_01/model.config
[3.676s] -- Symlinking: /home/kaisar/warehouse_robot/robot/install/nav2/share/nav2//models/aws_robomaker_residential_ChairD_01/model.sdf
[3.705s] -- Symlinking: /home/kaisar/warehouse_robot/robot/install/nav2/share/nav2//models/aws_robomaker_residential_Chandelier_01/materials/textures/aws_Chandelier_01.png
[3.730s] -- Symlinking: /home/kaisar/warehouse_robot/robot/install/nav2/share/nav2//models/aws_robomaker_residential_Chandelier_01/meshes/aws_Chandelier_01.DAE
[3.771s] -- Symlinking: /home/kaisar/warehouse_robot/robot/install/nav2/share/nav2//models/aws_robomaker_residential_Chandelier_01/meshes/aws_Chandelier_01_collision.DAE
[3.813s] -- Symlinking: /home/kaisar/warehouse_robot/robot/install/nav2/share/nav2//models/aws_robomaker_residential_Chandelier_01/meshes/aws_Chandelier_01_visual.DAE
[3.856s] -- Symlinking: /home/kaisar/warehouse_robot/robot/install/nav2/share/nav2//models/aws_robomaker_residential_Chandelier_01/model.config
[3.895s] -- Symlinking: /home/kaisar/warehouse_robot/robot/install/nav2/share/nav2//models/aws_robomaker_residential_Chandelier_01/model.sdf
[3.939s] -- Symlinking: /home/kaisar/warehouse_robot/robot/install/nav2/share/nav2//models/aws_robomaker_residential_CoffeeTable_01/materials/textures/aws_CoffeeTable_01.png
[3.982s] -- Symlinking: /home/kaisar/warehouse_robot/robot/install/nav2/share/nav2//models/aws_robomaker_residential_CoffeeTable_01/meshes/aws_CoffeeTable_01_collision.DAE
[4.018s] -- Symlinking: /home/kaisar/warehouse_robot/robot/install/nav2/share/nav2//models/aws_robomaker_residential_CoffeeTable_01/meshes/aws_CoffeeTable_01_visual.DAE
[4.055s] -- Symlinking: /home/kaisar/warehouse_robot/robot/install/nav2/share/nav2//models/aws_robomaker_residential_CoffeeTable_01/model.config
[4.098s] -- Symlinking: /home/kaisar/warehouse_robot/robot/install/nav2/share/nav2//models/aws_robomaker_residential_CoffeeTable_01/model.sdf
[4.140s] -- Symlinking: /home/kaisar/warehouse_robot/robot/install/nav2/share/nav2//models/aws_robomaker_residential_CookingBench_01/materials/textures/aws_CookingBench_01.png
[4.181s] -- Symlinking: /home/kaisar/warehouse_robot/robot/install/nav2/share/nav2//models/aws_robomaker_residential_CookingBench_01/meshes/aws_CookingBench_01.DAE
[4.224s] -- Symlinking: /home/kaisar/warehouse_robot/robot/install/nav2/share/nav2//models/aws_robomaker_residential_CookingBench_01/meshes/aws_CookingBench_01_collision.DAE
[4.260s] -- Symlinking: /home/kaisar/warehouse_robot/robot/install/nav2/share/nav2//models/aws_robomaker_residential_CookingBench_01/meshes/aws_CookingBench_01_visual.DAE
[4.282s] -- Symlinking: /home/kaisar/warehouse_robot/robot/install/nav2/share/nav2//models/aws_robomaker_residential_CookingBench_01/model.config
[4.307s] -- Symlinking: /home/kaisar/warehouse_robot/robot/install/nav2/share/nav2//models/aws_robomaker_residential_CookingBench_01/model.sdf
[4.325s] -- Symlinking: /home/kaisar/warehouse_robot/robot/install/nav2/share/nav2//models/aws_robomaker_residential_Curtain_01/materials/textures/aws_Curtain_01.png
[4.345s] -- Symlinking: /home/kaisar/warehouse_robot/robot/install/nav2/share/nav2//models/aws_robomaker_residential_Curtain_01/meshes/aws_Curtain_01_collision.DAE
[4.368s] -- Symlinking: /home/kaisar/warehouse_robot/robot/install/nav2/share/nav2//models/aws_robomaker_residential_Curtain_01/meshes/aws_Curtain_01_visual.DAE
[4.389s] -- Symlinking: /home/kaisar/warehouse_robot/robot/install/nav2/share/nav2//models/aws_robomaker_residential_Curtain_01/model.config
[4.444s] -- Symlinking: /home/kaisar/warehouse_robot/robot/install/nav2/share/nav2//models/aws_robomaker_residential_Curtain_01/model.sdf
[4.465s] -- Symlinking: /home/kaisar/warehouse_robot/robot/install/nav2/share/nav2//models/aws_robomaker_residential_DeskPortraitA_01/materials/textures/DeskPortraitA_01.jpg
[4.505s] -- Symlinking: /home/kaisar/warehouse_robot/robot/install/nav2/share/nav2//models/aws_robomaker_residential_DeskPortraitA_01/materials/textures/aws_DeskPortraitA_01.png
[4.548s] -- Symlinking: /home/kaisar/warehouse_robot/robot/install/nav2/share/nav2//models/aws_robomaker_residential_DeskPortraitA_01/materials/textures/aws_DeskPortraitA_02.png
[4.586s] -- Symlinking: /home/kaisar/warehouse_robot/robot/install/nav2/share/nav2//models/aws_robomaker_residential_DeskPortraitA_01/meshes/aws_DeskPortraitA_01_collision.DAE
[4.626s] -- Symlinking: /home/kaisar/warehouse_robot/robot/install/nav2/share/nav2//models/aws_robomaker_residential_DeskPortraitA_01/meshes/aws_DeskPortraitA_01_visual.DAE
[4.674s] -- Symlinking: /home/kaisar/warehouse_robot/robot/install/nav2/share/nav2//models/aws_robomaker_residential_DeskPortraitA_01/model.config
[4.713s] -- Symlinking: /home/kaisar/warehouse_robot/robot/install/nav2/share/nav2//models/aws_robomaker_residential_DeskPortraitA_01/model.sdf
[4.755s] -- Symlinking: /home/kaisar/warehouse_robot/robot/install/nav2/share/nav2//models/aws_robomaker_residential_DeskPortraitA_02/materials/textures/DeskPortraitA_02.jpg
[4.795s] -- Symlinking: /home/kaisar/warehouse_robot/robot/install/nav2/share/nav2//models/aws_robomaker_residential_DeskPortraitA_02/materials/textures/aws_DeskPortraitA_01.png
[4.846s] -- Symlinking: /home/kaisar/warehouse_robot/robot/install/nav2/share/nav2//models/aws_robomaker_residential_DeskPortraitA_02/materials/textures/aws_DeskPortraitA_02.png
[4.884s] -- Symlinking: /home/kaisar/warehouse_robot/robot/install/nav2/share/nav2//models/aws_robomaker_residential_DeskPortraitA_02/meshes/aws_DeskPortraitA_01_collision.DAE
[4.923s] -- Symlinking: /home/kaisar/warehouse_robot/robot/install/nav2/share/nav2//models/aws_robomaker_residential_DeskPortraitA_02/meshes/aws_DeskPortraitA_01_visual.DAE
[4.970s] -- Symlinking: /home/kaisar/warehouse_robot/robot/install/nav2/share/nav2//models/aws_robomaker_residential_DeskPortraitA_02/model.config
[5.012s] -- Symlinking: /home/kaisar/warehouse_robot/robot/install/nav2/share/nav2//models/aws_robomaker_residential_DeskPortraitA_02/model.sdf
[5.036s] -- Symlinking: /home/kaisar/warehouse_robot/robot/install/nav2/share/nav2//models/aws_robomaker_residential_DeskPortraitB_01/materials/textures/DeskPortraitB_01.jpg
[5.061s] -- Symlinking: /home/kaisar/warehouse_robot/robot/install/nav2/share/nav2//models/aws_robomaker_residential_DeskPortraitB_01/materials/textures/aws_DeskPortraitB_01.png
[5.114s] -- Symlinking: /home/kaisar/warehouse_robot/robot/install/nav2/share/nav2//models/aws_robomaker_residential_DeskPortraitB_01/materials/textures/aws_DeskPortraitB_02.png
[5.154s] -- Symlinking: /home/kaisar/warehouse_robot/robot/install/nav2/share/nav2//models/aws_robomaker_residential_DeskPortraitB_01/meshes/aws_DeskPortraitB_01_collision.DAE
[5.196s] -- Symlinking: /home/kaisar/warehouse_robot/robot/install/nav2/share/nav2//models/aws_robomaker_residential_DeskPortraitB_01/meshes/aws_DeskPortraitB_01_visual.DAE
[5.217s] -- Symlinking: /home/kaisar/warehouse_robot/robot/install/nav2/share/nav2//models/aws_robomaker_residential_DeskPortraitB_01/model.config
[5.275s] -- Symlinking: /home/kaisar/warehouse_robot/robot/install/nav2/share/nav2//models/aws_robomaker_residential_DeskPortraitB_01/model.sdf
[5.318s] -- Symlinking: /home/kaisar/warehouse_robot/robot/install/nav2/share/nav2//models/aws_robomaker_residential_DeskPortraitB_02/materials/textures/DeskPortraitB_02.jpg
[5.362s] -- Symlinking: /home/kaisar/warehouse_robot/robot/install/nav2/share/nav2//models/aws_robomaker_residential_DeskPortraitB_02/materials/textures/aws_DeskPortraitB_01.png
[5.405s] -- Symlinking: /home/kaisar/warehouse_robot/robot/install/nav2/share/nav2//models/aws_robomaker_residential_DeskPortraitB_02/materials/textures/aws_DeskPortraitB_02.png
[5.445s] -- Symlinking: /home/kaisar/warehouse_robot/robot/install/nav2/share/nav2//models/aws_robomaker_residential_DeskPortraitB_02/meshes/aws_DeskPortraitB_01_collision.DAE
[5.483s] -- Symlinking: /home/kaisar/warehouse_robot/robot/install/nav2/share/nav2//models/aws_robomaker_residential_DeskPortraitB_02/meshes/aws_DeskPortraitB_01_visual.DAE
[5.524s] -- Symlinking: /home/kaisar/warehouse_robot/robot/install/nav2/share/nav2//models/aws_robomaker_residential_DeskPortraitB_02/model.config
[5.568s] -- Symlinking: /home/kaisar/warehouse_robot/robot/install/nav2/share/nav2//models/aws_robomaker_residential_DeskPortraitB_02/model.sdf
[5.589s] -- Symlinking: /home/kaisar/warehouse_robot/robot/install/nav2/share/nav2//models/aws_robomaker_residential_DeskPortraitC_01/materials/textures/DeskPortraitC_01.jpg
[5.613s] -- Symlinking: /home/kaisar/warehouse_robot/robot/install/nav2/share/nav2//models/aws_robomaker_residential_DeskPortraitC_01/materials/textures/aws_DeskPortraitC_01.png
[5.655s] -- Symlinking: /home/kaisar/warehouse_robot/robot/install/nav2/share/nav2//models/aws_robomaker_residential_DeskPortraitC_01/materials/textures/aws_DeskPortraitC_02.png
[5.690s] -- Symlinking: /home/kaisar/warehouse_robot/robot/install/nav2/share/nav2//models/aws_robomaker_residential_DeskPortraitC_01/meshes/aws_DeskPortraitC_01_collision.DAE
[5.730s] -- Symlinking: /home/kaisar/warehouse_robot/robot/install/nav2/share/nav2//models/aws_robomaker_residential_DeskPortraitC_01/meshes/aws_DeskPortraitC_01_visual.DAE
[5.768s] -- Symlinking: /home/kaisar/warehouse_robot/robot/install/nav2/share/nav2//models/aws_robomaker_residential_DeskPortraitC_01/model.config
[5.806s] -- Symlinking: /home/kaisar/warehouse_robot/robot/install/nav2/share/nav2//models/aws_robomaker_residential_DeskPortraitC_01/model.sdf
[5.851s] -- Symlinking: /home/kaisar/warehouse_robot/robot/install/nav2/share/nav2//models/aws_robomaker_residential_DeskPortraitC_02/materials/textures/DeskPortraitC_02.jpg
[5.889s] -- Symlinking: /home/kaisar/warehouse_robot/robot/install/nav2/share/nav2//models/aws_robomaker_residential_DeskPortraitC_02/materials/textures/aws_DeskPortraitC_01.png
[5.923s] -- Symlinking: /home/kaisar/warehouse_robot/robot/install/nav2/share/nav2//models/aws_robomaker_residential_DeskPortraitC_02/materials/textures/aws_DeskPortraitC_02.png
[5.952s] -- Symlinking: /home/kaisar/warehouse_robot/robot/install/nav2/share/nav2//models/aws_robomaker_residential_DeskPortraitC_02/meshes/aws_DeskPortraitC_01_collision.DAE
[5.973s] -- Symlinking: /home/kaisar/warehouse_robot/robot/install/nav2/share/nav2//models/aws_robomaker_residential_DeskPortraitC_02/meshes/aws_DeskPortraitC_01_visual.DAE
[5.993s] -- Symlinking: /home/kaisar/warehouse_robot/robot/install/nav2/share/nav2//models/aws_robomaker_residential_DeskPortraitC_02/model.config
[6.026s] -- Symlinking: /home/kaisar/warehouse_robot/robot/install/nav2/share/nav2//models/aws_robomaker_residential_DeskPortraitC_02/model.sdf
[6.050s] -- Symlinking: /home/kaisar/warehouse_robot/robot/install/nav2/share/nav2//models/aws_robomaker_residential_DeskPortraitD_01/materials/textures/DeskPortraitD_01.jpg
[6.071s] -- Symlinking: /home/kaisar/warehouse_robot/robot/install/nav2/share/nav2//models/aws_robomaker_residential_DeskPortraitD_01/materials/textures/aws_DeskPortraitD_01.png
[6.102s] -- Symlinking: /home/kaisar/warehouse_robot/robot/install/nav2/share/nav2//models/aws_robomaker_residential_DeskPortraitD_01/materials/textures/aws_DeskPortraitD_02.png
[6.127s] -- Symlinking: /home/kaisar/warehouse_robot/robot/install/nav2/share/nav2//models/aws_robomaker_residential_DeskPortraitD_01/meshes/aws_DeskPortraitD_01_collision.DAE
[6.171s] -- Symlinking: /home/kaisar/warehouse_robot/robot/install/nav2/share/nav2//models/aws_robomaker_residential_DeskPortraitD_01/meshes/aws_DeskPortraitD_01_visual.DAE
[6.219s] -- Symlinking: /home/kaisar/warehouse_robot/robot/install/nav2/share/nav2//models/aws_robomaker_residential_DeskPortraitD_01/model.config
[6.258s] -- Symlinking: /home/kaisar/warehouse_robot/robot/install/nav2/share/nav2//models/aws_robomaker_residential_DeskPortraitD_01/model.sdf
[6.303s] -- Symlinking: /home/kaisar/warehouse_robot/robot/install/nav2/share/nav2//models/aws_robomaker_residential_DeskPortraitD_02/materials/textures/DeskPortraitD_02.jpg
[6.348s] -- Symlinking: /home/kaisar/warehouse_robot/robot/install/nav2/share/nav2//models/aws_robomaker_residential_DeskPortraitD_02/materials/textures/aws_DeskPortraitD_01.png
[6.386s] -- Symlinking: /home/kaisar/warehouse_robot/robot/install/nav2/share/nav2//models/aws_robomaker_residential_DeskPortraitD_02/materials/textures/aws_DeskPortraitD_02.png
[6.432s] -- Symlinking: /home/kaisar/warehouse_robot/robot/install/nav2/share/nav2//models/aws_robomaker_residential_DeskPortraitD_02/meshes/aws_DeskPortraitD_01_collision.DAE
[6.452s] -- Symlinking: /home/kaisar/warehouse_robot/robot/install/nav2/share/nav2//models/aws_robomaker_residential_DeskPortraitD_02/meshes/aws_DeskPortraitD_01_visual.DAE
[6.474s] -- Symlinking: /home/kaisar/warehouse_robot/robot/install/nav2/share/nav2//models/aws_robomaker_residential_DeskPortraitD_02/model.config
[6.499s] -- Symlinking: /home/kaisar/warehouse_robot/robot/install/nav2/share/nav2//models/aws_robomaker_residential_DeskPortraitD_02/model.sdf
[6.541s] -- Symlinking: /home/kaisar/warehouse_robot/robot/install/nav2/share/nav2//models/aws_robomaker_residential_DeskPortraitD_03/materials/textures/DeskPortraitD_03.jpg
[6.585s] -- Symlinking: /home/kaisar/warehouse_robot/robot/install/nav2/share/nav2//models/aws_robomaker_residential_DeskPortraitD_03/materials/textures/aws_DeskPortraitD_01.png
[6.621s] -- Symlinking: /home/kaisar/warehouse_robot/robot/install/nav2/share/nav2//models/aws_robomaker_residential_DeskPortraitD_03/materials/textures/aws_DeskPortraitD_02.png
[6.658s] -- Symlinking: /home/kaisar/warehouse_robot/robot/install/nav2/share/nav2//models/aws_robomaker_residential_DeskPortraitD_03/meshes/aws_DeskPortraitD_01_collision.DAE
[6.682s] -- Symlinking: /home/kaisar/warehouse_robot/robot/install/nav2/share/nav2//models/aws_robomaker_residential_DeskPortraitD_03/meshes/aws_DeskPortraitD_01_visual.DAE
[6.703s] -- Symlinking: /home/kaisar/warehouse_robot/robot/install/nav2/share/nav2//models/aws_robomaker_residential_DeskPortraitD_03/model.config
[6.726s] -- Symlinking: /home/kaisar/warehouse_robot/robot/install/nav2/share/nav2//models/aws_robomaker_residential_DeskPortraitD_03/model.sdf
[6.744s] -- Symlinking: /home/kaisar/warehouse_robot/robot/install/nav2/share/nav2//models/aws_robomaker_residential_DeskPortraitD_04/materials/textures/DeskPortraitD_04.jpg
[6.767s] -- Symlinking: /home/kaisar/warehouse_robot/robot/install/nav2/share/nav2//models/aws_robomaker_residential_DeskPortraitD_04/materials/textures/aws_DeskPortraitD_01.png
[6.789s] -- Symlinking: /home/kaisar/warehouse_robot/robot/install/nav2/share/nav2//models/aws_robomaker_residential_DeskPortraitD_04/materials/textures/aws_DeskPortraitD_02.png
[6.810s] -- Symlinking: /home/kaisar/warehouse_robot/robot/install/nav2/share/nav2//models/aws_robomaker_residential_DeskPortraitD_04/meshes/aws_DeskPortraitD_01_collision.DAE
[6.833s] -- Symlinking: /home/kaisar/warehouse_robot/robot/install/nav2/share/nav2//models/aws_robomaker_residential_DeskPortraitD_04/meshes/aws_DeskPortraitD_01_visual.DAE
[6.863s] -- Symlinking: /home/kaisar/warehouse_robot/robot/install/nav2/share/nav2//models/aws_robomaker_residential_DeskPortraitD_04/model.config
[6.884s] -- Symlinking: /home/kaisar/warehouse_robot/robot/install/nav2/share/nav2//models/aws_robomaker_residential_DeskPortraitD_04/model.sdf
[6.910s] -- Symlinking: /home/kaisar/warehouse_robot/robot/install/nav2/share/nav2//models/aws_robomaker_residential_Door_01/materials/textures/aws_Door_01.png
[6.932s] -- Symlinking: /home/kaisar/warehouse_robot/robot/install/nav2/share/nav2//models/aws_robomaker_residential_Door_01/meshes/aws_Door_01_collision.DAE
[6.951s] -- Symlinking: /home/kaisar/warehouse_robot/robot/install/nav2/share/nav2//models/aws_robomaker_residential_Door_01/meshes/aws_Door_01_visual.DAE
[6.970s] -- Symlinking: /home/kaisar/warehouse_robot/robot/install/nav2/share/nav2//models/aws_robomaker_residential_Door_01/model.config
[6.991s] -- Symlinking: /home/kaisar/warehouse_robot/robot/install/nav2/share/nav2//models/aws_robomaker_residential_Door_01/model.sdf
[7.014s] -- Symlinking: /home/kaisar/warehouse_robot/robot/install/nav2/share/nav2//models/aws_robomaker_residential_Dumbbell_01/materials/textures/aws_Dumbbell_01.png
[7.035s] -- Symlinking: /home/kaisar/warehouse_robot/robot/install/nav2/share/nav2//models/aws_robomaker_residential_Dumbbell_01/meshes/aws_Dumbbell_01_collision.DAE
[7.057s] -- Symlinking: /home/kaisar/warehouse_robot/robot/install/nav2/share/nav2//models/aws_robomaker_residential_Dumbbell_01/meshes/aws_Dumbbell_01_visual.DAE
[7.082s] -- Symlinking: /home/kaisar/warehouse_robot/robot/install/nav2/share/nav2//models/aws_robomaker_residential_Dumbbell_01/model.config
[7.100s] -- Symlinking: /home/kaisar/warehouse_robot/robot/install/nav2/share/nav2//models/aws_robomaker_residential_Dumbbell_01/model.sdf
[7.126s] -- Symlinking: /home/kaisar/warehouse_robot/robot/install/nav2/share/nav2//models/aws_robomaker_residential_FitnessEquipment_01/materials/textures/aws_FitnessEquipment_01.png
[7.148s] -- Symlinking: /home/kaisar/warehouse_robot/robot/install/nav2/share/nav2//models/aws_robomaker_residential_FitnessEquipment_01/meshes/aws_FitnessEquipment_01_collision.DAE
[7.169s] -- Symlinking: /home/kaisar/warehouse_robot/robot/install/nav2/share/nav2//models/aws_robomaker_residential_FitnessEquipment_01/meshes/aws_FitnessEquipment_01_visual.DAE
[7.189s] -- Symlinking: /home/kaisar/warehouse_robot/robot/install/nav2/share/nav2//models/aws_robomaker_residential_FitnessEquipment_01/model.config
[7.209s] -- Symlinking: /home/kaisar/warehouse_robot/robot/install/nav2/share/nav2//models/aws_robomaker_residential_FitnessEquipment_01/model.sdf
[7.230s] -- Symlinking: /home/kaisar/warehouse_robot/robot/install/nav2/share/nav2//models/aws_robomaker_residential_FloorB_01/materials/textures/aws_FloorB_01.png
[7.248s] -- Symlinking: /home/kaisar/warehouse_robot/robot/install/nav2/share/nav2//models/aws_robomaker_residential_FloorB_01/meshes/aws_FloorB_01_collision.DAE
[7.267s] -- Symlinking: /home/kaisar/warehouse_robot/robot/install/nav2/share/nav2//models/aws_robomaker_residential_FloorB_01/meshes/aws_FloorB_01_visual.DAE
[7.280s] -- Symlinking: /home/kaisar/warehouse_robot/robot/install/nav2/share/nav2//models/aws_robomaker_residential_FloorB_01/model.config
[7.296s] -- Symlinking: /home/kaisar/warehouse_robot/robot/install/nav2/share/nav2//models/aws_robomaker_residential_FloorB_01/model.sdf
[7.313s] -- Symlinking: /home/kaisar/warehouse_robot/robot/install/nav2/share/nav2//models/aws_robomaker_residential_FoldingDoor_01/materials/textures/aws_FoldingDoor_01.png
[7.330s] -- Symlinking: /home/kaisar/warehouse_robot/robot/install/nav2/share/nav2//models/aws_robomaker_residential_FoldingDoor_01/meshes/aws_FoldingDoor_01_collision.DAE
[7.343s] -- Symlinking: /home/kaisar/warehouse_robot/robot/install/nav2/share/nav2//models/aws_robomaker_residential_FoldingDoor_01/meshes/aws_FoldingDoor_01_visual.DAE
[7.357s] -- Symlinking: /home/kaisar/warehouse_robot/robot/install/nav2/share/nav2//models/aws_robomaker_residential_FoldingDoor_01/model.config
[7.372s] -- Symlinking: /home/kaisar/warehouse_robot/robot/install/nav2/share/nav2//models/aws_robomaker_residential_FoldingDoor_01/model.sdf
[7.386s] -- Symlinking: /home/kaisar/warehouse_robot/robot/install/nav2/share/nav2//models/aws_robomaker_residential_FoldingDoor_02/materials/textures/aws_FoldingDoor_02.png
[7.400s] -- Symlinking: /home/kaisar/warehouse_robot/robot/install/nav2/share/nav2//models/aws_robomaker_residential_FoldingDoor_02/meshes/aws_FoldingDoor_02_collision.DAE
[7.415s] -- Symlinking: /home/kaisar/warehouse_robot/robot/install/nav2/share/nav2//models/aws_robomaker_residential_FoldingDoor_02/meshes/aws_FoldingDoor_02_visual.DAE
[7.428s] -- Symlinking: /home/kaisar/warehouse_robot/robot/install/nav2/share/nav2//models/aws_robomaker_residential_FoldingDoor_02/model.config
[7.442s] -- Symlinking: /home/kaisar/warehouse_robot/robot/install/nav2/share/nav2//models/aws_robomaker_residential_FoldingDoor_02/model.sdf
[7.459s] -- Symlinking: /home/kaisar/warehouse_robot/robot/install/nav2/share/nav2//models/aws_robomaker_residential_Handle_01/materials/textures/aws_Handle_01.png
[7.472s] -- Symlinking: /home/kaisar/warehouse_robot/robot/install/nav2/share/nav2//models/aws_robomaker_residential_Handle_01/meshes/aws_Handle_01_collision.DAE
[7.485s] -- Symlinking: /home/kaisar/warehouse_robot/robot/install/nav2/share/nav2//models/aws_robomaker_residential_Handle_01/meshes/aws_Handle_01_visual.DAE
[7.500s] -- Symlinking: /home/kaisar/warehouse_robot/robot/install/nav2/share/nav2//models/aws_robomaker_residential_Handle_01/model.config
[7.518s] -- Symlinking: /home/kaisar/warehouse_robot/robot/install/nav2/share/nav2//models/aws_robomaker_residential_Handle_01/model.sdf
[7.534s] -- Symlinking: /home/kaisar/warehouse_robot/robot/install/nav2/share/nav2//models/aws_robomaker_residential_HouseWallB_01/materials/textures/aws_HouseWallB_01.png
[7.547s] -- Symlinking: /home/kaisar/warehouse_robot/robot/install/nav2/share/nav2//models/aws_robomaker_residential_HouseWallB_01/meshes/aws_HouseWallB_01_collision.DAE
[7.561s] -- Symlinking: /home/kaisar/warehouse_robot/robot/install/nav2/share/nav2//models/aws_robomaker_residential_HouseWallB_01/meshes/aws_HouseWallB_01_visual.DAE
[7.575s] -- Symlinking: /home/kaisar/warehouse_robot/robot/install/nav2/share/nav2//models/aws_robomaker_residential_HouseWallB_01/model.config
[7.589s] -- Symlinking: /home/kaisar/warehouse_robot/robot/install/nav2/share/nav2//models/aws_robomaker_residential_HouseWallB_01/model.sdf
[7.603s] -- Symlinking: /home/kaisar/warehouse_robot/robot/install/nav2/share/nav2//models/aws_robomaker_residential_KitchenCabinet_01/materials/textures/aws_KitchenCabinet_01.png
[7.617s] -- Symlinking: /home/kaisar/warehouse_robot/robot/install/nav2/share/nav2//models/aws_robomaker_residential_KitchenCabinet_01/meshes/aws_KitchenCabinet_01_collision.DAE
[7.635s] -- Symlinking: /home/kaisar/warehouse_robot/robot/install/nav2/share/nav2//models/aws_robomaker_residential_KitchenCabinet_01/meshes/aws_KitchenCabinet_01_visual.DAE
[7.648s] -- Symlinking: /home/kaisar/warehouse_robot/robot/install/nav2/share/nav2//models/aws_robomaker_residential_KitchenCabinet_01/model.config
[7.662s] -- Symlinking: /home/kaisar/warehouse_robot/robot/install/nav2/share/nav2//models/aws_robomaker_residential_KitchenCabinet_01/model.sdf
[7.677s] -- Symlinking: /home/kaisar/warehouse_robot/robot/install/nav2/share/nav2//models/aws_robomaker_residential_KitchenTable_01/materials/textures/aws_KitchenTable_01.png
[7.690s] -- Symlinking: /home/kaisar/warehouse_robot/robot/install/nav2/share/nav2//models/aws_robomaker_residential_KitchenTable_01/meshes/aws_KitchenTable_01_collision.DAE
[7.704s] -- Symlinking: /home/kaisar/warehouse_robot/robot/install/nav2/share/nav2//models/aws_robomaker_residential_KitchenTable_01/meshes/aws_KitchenTable_01_visual.DAE
[7.718s] -- Symlinking: /home/kaisar/warehouse_robot/robot/install/nav2/share/nav2//models/aws_robomaker_residential_KitchenTable_01/model.config
[7.731s] -- Symlinking: /home/kaisar/warehouse_robot/robot/install/nav2/share/nav2//models/aws_robomaker_residential_KitchenTable_01/model.sdf
[7.745s] -- Symlinking: /home/kaisar/warehouse_robot/robot/install/nav2/share/nav2//models/aws_robomaker_residential_KitchenUtensils_01/materials/textures/aws_KitchenUtensils_01.png
[7.758s] -- Symlinking: /home/kaisar/warehouse_robot/robot/install/nav2/share/nav2//models/aws_robomaker_residential_KitchenUtensils_01/meshes/aws_KitchenUtensils_01_collision.DAE
[7.771s] -- Symlinking: /home/kaisar/warehouse_robot/robot/install/nav2/share/nav2//models/aws_robomaker_residential_KitchenUtensils_01/meshes/aws_KitchenUtensils_01_visual.DAE
[7.785s] -- Symlinking: /home/kaisar/warehouse_robot/robot/install/nav2/share/nav2//models/aws_robomaker_residential_KitchenUtensils_01/model.config
[7.799s] -- Symlinking: /home/kaisar/warehouse_robot/robot/install/nav2/share/nav2//models/aws_robomaker_residential_KitchenUtensils_01/model.sdf
[7.817s] -- Symlinking: /home/kaisar/warehouse_robot/robot/install/nav2/share/nav2//models/aws_robomaker_residential_LightC_01/materials/textures/aws_LightC_01.png
[7.836s] -- Symlinking: /home/kaisar/warehouse_robot/robot/install/nav2/share/nav2//models/aws_robomaker_residential_LightC_01/meshes/aws_LightC_01_collision.DAE
[7.851s] -- Symlinking: /home/kaisar/warehouse_robot/robot/install/nav2/share/nav2//models/aws_robomaker_residential_LightC_01/meshes/aws_LightC_01_visual.DAE
[7.872s] -- Symlinking: /home/kaisar/warehouse_robot/robot/install/nav2/share/nav2//models/aws_robomaker_residential_LightC_01/model.config
[7.896s] -- Symlinking: /home/kaisar/warehouse_robot/robot/install/nav2/share/nav2//models/aws_robomaker_residential_LightC_01/model.sdf
[7.915s] -- Symlinking: /home/kaisar/warehouse_robot/robot/install/nav2/share/nav2//models/aws_robomaker_residential_NightStand_01/materials/textures/aws_NightStand_01.png
[7.928s] -- Symlinking: /home/kaisar/warehouse_robot/robot/install/nav2/share/nav2//models/aws_robomaker_residential_NightStand_01/meshes/aws_NightStand_01_collision.DAE
[7.941s] -- Symlinking: /home/kaisar/warehouse_robot/robot/install/nav2/share/nav2//models/aws_robomaker_residential_NightStand_01/meshes/aws_NightStand_01_visual.DAE
[7.955s] -- Symlinking: /home/kaisar/warehouse_robot/robot/install/nav2/share/nav2//models/aws_robomaker_residential_NightStand_01/model.config
[7.969s] -- Symlinking: /home/kaisar/warehouse_robot/robot/install/nav2/share/nav2//models/aws_robomaker_residential_NightStand_01/model.sdf
[7.986s] -- Symlinking: /home/kaisar/warehouse_robot/robot/install/nav2/share/nav2//models/aws_robomaker_residential_Pillow_01/materials/textures/aws_Pillow_01.png
[8.002s] -- Symlinking: /home/kaisar/warehouse_robot/robot/install/nav2/share/nav2//models/aws_robomaker_residential_Pillow_01/meshes/aws_Pillow_01_collision.DAE
[8.017s] -- Symlinking: /home/kaisar/warehouse_robot/robot/install/nav2/share/nav2//models/aws_robomaker_residential_Pillow_01/meshes/aws_Pillow_01_visual.DAE
[8.030s] -- Symlinking: /home/kaisar/warehouse_robot/robot/install/nav2/share/nav2//models/aws_robomaker_residential_Pillow_01/model.config
[8.048s] -- Symlinking: /home/kaisar/warehouse_robot/robot/install/nav2/share/nav2//models/aws_robomaker_residential_Pillow_01/model.sdf
[8.065s] -- Symlinking: /home/kaisar/warehouse_robot/robot/install/nav2/share/nav2//models/aws_robomaker_residential_PortraitA_01/materials/textures/PortraitA_01.jpg
[8.081s] -- Symlinking: /home/kaisar/warehouse_robot/robot/install/nav2/share/nav2//models/aws_robomaker_residential_PortraitA_01/materials/textures/aws_PortraitA_01.png
[8.097s] -- Symlinking: /home/kaisar/warehouse_robot/robot/install/nav2/share/nav2//models/aws_robomaker_residential_PortraitA_01/materials/textures/aws_PortraitA_02.png
[8.110s] -- Symlinking: /home/kaisar/warehouse_robot/robot/install/nav2/share/nav2//models/aws_robomaker_residential_PortraitA_01/meshes/aws_PortraitA_01_collision.DAE
[8.123s] -- Symlinking: /home/kaisar/warehouse_robot/robot/install/nav2/share/nav2//models/aws_robomaker_residential_PortraitA_01/meshes/aws_PortraitA_01_visual.DAE
[8.134s] -- Symlinking: /home/kaisar/warehouse_robot/robot/install/nav2/share/nav2//models/aws_robomaker_residential_PortraitA_01/model.config
[8.146s] -- Symlinking: /home/kaisar/warehouse_robot/robot/install/nav2/share/nav2//models/aws_robomaker_residential_PortraitA_01/model.sdf
[8.159s] -- Symlinking: /home/kaisar/warehouse_robot/robot/install/nav2/share/nav2//models/aws_robomaker_residential_PortraitA_02/materials/textures/PortraitA_02.jpg
[8.170s] -- Symlinking: /home/kaisar/warehouse_robot/robot/install/nav2/share/nav2//models/aws_robomaker_residential_PortraitA_02/materials/textures/aws_PortraitA_01.png
[8.182s] -- Symlinking: /home/kaisar/warehouse_robot/robot/install/nav2/share/nav2//models/aws_robomaker_residential_PortraitA_02/materials/textures/aws_PortraitA_02.png
[8.195s] -- Symlinking: /home/kaisar/warehouse_robot/robot/install/nav2/share/nav2//models/aws_robomaker_residential_PortraitA_02/meshes/aws_PortraitA_01_collision.DAE
[8.207s] -- Symlinking: /home/kaisar/warehouse_robot/robot/install/nav2/share/nav2//models/aws_robomaker_residential_PortraitA_02/meshes/aws_PortraitA_01_visual.DAE
[8.219s] -- Symlinking: /home/kaisar/warehouse_robot/robot/install/nav2/share/nav2//models/aws_robomaker_residential_PortraitA_02/model.config
[8.230s] -- Symlinking: /home/kaisar/warehouse_robot/robot/install/nav2/share/nav2//models/aws_robomaker_residential_PortraitA_02/model.sdf
[8.242s] -- Symlinking: /home/kaisar/warehouse_robot/robot/install/nav2/share/nav2//models/aws_robomaker_residential_PortraitB_01/materials/textures/PortraitB_01.jpg
[8.253s] -- Symlinking: /home/kaisar/warehouse_robot/robot/install/nav2/share/nav2//models/aws_robomaker_residential_PortraitB_01/materials/textures/aws_PortraitB_01.png
[8.265s] -- Symlinking: /home/kaisar/warehouse_robot/robot/install/nav2/share/nav2//models/aws_robomaker_residential_PortraitB_01/materials/textures/aws_PortraitB_02.png
[8.277s] -- Symlinking: /home/kaisar/warehouse_robot/robot/install/nav2/share/nav2//models/aws_robomaker_residential_PortraitB_01/meshes/aws_PortraitB_01_collision.DAE
[8.288s] -- Symlinking: /home/kaisar/warehouse_robot/robot/install/nav2/share/nav2//models/aws_robomaker_residential_PortraitB_01/meshes/aws_PortraitB_01_visual.DAE
[8.300s] -- Symlinking: /home/kaisar/warehouse_robot/robot/install/nav2/share/nav2//models/aws_robomaker_residential_PortraitB_01/model.config
[8.312s] -- Symlinking: /home/kaisar/warehouse_robot/robot/install/nav2/share/nav2//models/aws_robomaker_residential_PortraitB_01/model.sdf
[8.325s] -- Symlinking: /home/kaisar/warehouse_robot/robot/install/nav2/share/nav2//models/aws_robomaker_residential_PortraitB_02/materials/textures/PortraitB_02.jpg
[8.338s] -- Symlinking: /home/kaisar/warehouse_robot/robot/install/nav2/share/nav2//models/aws_robomaker_residential_PortraitB_02/materials/textures/aws_PortraitB_01.png
[8.356s] -- Symlinking: /home/kaisar/warehouse_robot/robot/install/nav2/share/nav2//models/aws_robomaker_residential_PortraitB_02/materials/textures/aws_PortraitB_02.png
[8.372s] -- Symlinking: /home/kaisar/warehouse_robot/robot/install/nav2/share/nav2//models/aws_robomaker_residential_PortraitB_02/meshes/aws_PortraitB_01_collision.DAE
[8.387s] -- Symlinking: /home/kaisar/warehouse_robot/robot/install/nav2/share/nav2//models/aws_robomaker_residential_PortraitB_02/meshes/aws_PortraitB_01_visual.DAE
[8.402s] -- Symlinking: /home/kaisar/warehouse_robot/robot/install/nav2/share/nav2//models/aws_robomaker_residential_PortraitB_02/model.config
[8.419s] -- Symlinking: /home/kaisar/warehouse_robot/robot/install/nav2/share/nav2//models/aws_robomaker_residential_PortraitB_02/model.sdf
[8.432s] -- Symlinking: /home/kaisar/warehouse_robot/robot/install/nav2/share/nav2//models/aws_robomaker_residential_PortraitB_03/materials/textures/PortraitB_03.jpg
[8.445s] -- Symlinking: /home/kaisar/warehouse_robot/robot/install/nav2/share/nav2//models/aws_robomaker_residential_PortraitB_03/materials/textures/aws_PortraitB_01.png
[8.457s] -- Symlinking: /home/kaisar/warehouse_robot/robot/install/nav2/share/nav2//models/aws_robomaker_residential_PortraitB_03/materials/textures/aws_PortraitB_02.png
[8.468s] -- Symlinking: /home/kaisar/warehouse_robot/robot/install/nav2/share/nav2//models/aws_robomaker_residential_PortraitB_03/meshes/aws_PortraitB_01_collision.DAE
[8.480s] -- Symlinking: /home/kaisar/warehouse_robot/robot/install/nav2/share/nav2//models/aws_robomaker_residential_PortraitB_03/meshes/aws_PortraitB_01_visual.DAE
[8.491s] -- Symlinking: /home/kaisar/warehouse_robot/robot/install/nav2/share/nav2//models/aws_robomaker_residential_PortraitB_03/model.config
[8.503s] -- Symlinking: /home/kaisar/warehouse_robot/robot/install/nav2/share/nav2//models/aws_robomaker_residential_PortraitB_03/model.sdf
[8.515s] -- Symlinking: /home/kaisar/warehouse_robot/robot/install/nav2/share/nav2//models/aws_robomaker_residential_PortraitC_01/materials/textures/PortraitC_01.jpg
[8.527s] -- Symlinking: /home/kaisar/warehouse_robot/robot/install/nav2/share/nav2//models/aws_robomaker_residential_PortraitC_01/materials/textures/aws_PortraitC_01.png
[8.539s] -- Symlinking: /home/kaisar/warehouse_robot/robot/install/nav2/share/nav2//models/aws_robomaker_residential_PortraitC_01/materials/textures/aws_PortraitC_02.png
[8.551s] -- Symlinking: /home/kaisar/warehouse_robot/robot/install/nav2/share/nav2//models/aws_robomaker_residential_PortraitC_01/meshes/aws_PortraitC_01_collision.DAE
[8.565s] -- Symlinking: /home/kaisar/warehouse_robot/robot/install/nav2/share/nav2//models/aws_robomaker_residential_PortraitC_01/meshes/aws_PortraitC_01_visual.DAE
[8.579s] -- Symlinking: /home/kaisar/warehouse_robot/robot/install/nav2/share/nav2//models/aws_robomaker_residential_PortraitC_01/model.config
[8.592s] -- Symlinking: /home/kaisar/warehouse_robot/robot/install/nav2/share/nav2//models/aws_robomaker_residential_PortraitC_01/model.sdf
[8.608s] -- Symlinking: /home/kaisar/warehouse_robot/robot/install/nav2/share/nav2//models/aws_robomaker_residential_PortraitD_01/materials/textures/PortraitD_01.jpg
[8.619s] -- Symlinking: /home/kaisar/warehouse_robot/robot/install/nav2/share/nav2//models/aws_robomaker_residential_PortraitD_01/materials/textures/aws_PortraitD_01.png
[8.632s] -- Symlinking: /home/kaisar/warehouse_robot/robot/install/nav2/share/nav2//models/aws_robomaker_residential_PortraitD_01/materials/textures/aws_PortraitD_02.png
[8.648s] -- Symlinking: /home/kaisar/warehouse_robot/robot/install/nav2/share/nav2//models/aws_robomaker_residential_PortraitD_01/meshes/aws_PortraitD_01_collision.DAE
[8.662s] -- Symlinking: /home/kaisar/warehouse_robot/robot/install/nav2/share/nav2//models/aws_robomaker_residential_PortraitD_01/meshes/aws_PortraitD_01_visual.DAE
[8.675s] -- Symlinking: /home/kaisar/warehouse_robot/robot/install/nav2/share/nav2//models/aws_robomaker_residential_PortraitD_01/model.config
[8.688s] -- Symlinking: /home/kaisar/warehouse_robot/robot/install/nav2/share/nav2//models/aws_robomaker_residential_PortraitD_01/model.sdf
[8.701s] -- Symlinking: /home/kaisar/warehouse_robot/robot/install/nav2/share/nav2//models/aws_robomaker_residential_PortraitD_02/materials/textures/PortraitD_02.jpg
[8.715s] -- Symlinking: /home/kaisar/warehouse_robot/robot/install/nav2/share/nav2//models/aws_robomaker_residential_PortraitD_02/materials/textures/aws_PortraitD_01.png
[8.732s] -- Symlinking: /home/kaisar/warehouse_robot/robot/install/nav2/share/nav2//models/aws_robomaker_residential_PortraitD_02/materials/textures/aws_PortraitD_02.png
[8.746s] -- Symlinking: /home/kaisar/warehouse_robot/robot/install/nav2/share/nav2//models/aws_robomaker_residential_PortraitD_02/meshes/aws_PortraitD_01_collision.DAE
[8.758s] -- Symlinking: /home/kaisar/warehouse_robot/robot/install/nav2/share/nav2//models/aws_robomaker_residential_PortraitD_02/meshes/aws_PortraitD_01_visual.DAE
[8.771s] -- Symlinking: /home/kaisar/warehouse_robot/robot/install/nav2/share/nav2//models/aws_robomaker_residential_PortraitD_02/model.config
[8.784s] -- Symlinking: /home/kaisar/warehouse_robot/robot/install/nav2/share/nav2//models/aws_robomaker_residential_PortraitD_02/model.sdf
[8.796s] -- Symlinking: /home/kaisar/warehouse_robot/robot/install/nav2/share/nav2//models/aws_robomaker_residential_PortraitE_01/materials/textures/PortraitE_01.jpg
[8.809s] -- Symlinking: /home/kaisar/warehouse_robot/robot/install/nav2/share/nav2//models/aws_robomaker_residential_PortraitE_01/materials/textures/aws_PortraitE_01.png
[8.822s] -- Symlinking: /home/kaisar/warehouse_robot/robot/install/nav2/share/nav2//models/aws_robomaker_residential_PortraitE_01/materials/textures/aws_PortraitE_02.png
[8.841s] -- Symlinking: /home/kaisar/warehouse_robot/robot/install/nav2/share/nav2//models/aws_robomaker_residential_PortraitE_01/meshes/aws_PortraitE_01_collision.DAE
[8.856s] -- Symlinking: /home/kaisar/warehouse_robot/robot/install/nav2/share/nav2//models/aws_robomaker_residential_PortraitE_01/meshes/aws_PortraitE_01_visual.DAE
[8.884s] -- Symlinking: /home/kaisar/warehouse_robot/robot/install/nav2/share/nav2//models/aws_robomaker_residential_PortraitE_01/model.config
[8.936s] -- Symlinking: /home/kaisar/warehouse_robot/robot/install/nav2/share/nav2//models/aws_robomaker_residential_PortraitE_01/model.sdf
[8.968s] -- Symlinking: /home/kaisar/warehouse_robot/robot/install/nav2/share/nav2//models/aws_robomaker_residential_PortraitE_02/materials/textures/PortraitE_02.jpg
[9.024s] -- Symlinking: /home/kaisar/warehouse_robot/robot/install/nav2/share/nav2//models/aws_robomaker_residential_PortraitE_02/materials/textures/aws_PortraitE_01.png
[9.061s] -- Symlinking: /home/kaisar/warehouse_robot/robot/install/nav2/share/nav2//models/aws_robomaker_residential_PortraitE_02/materials/textures/aws_PortraitE_02.png
[9.094s] -- Symlinking: /home/kaisar/warehouse_robot/robot/install/nav2/share/nav2//models/aws_robomaker_residential_PortraitE_02/meshes/aws_PortraitE_01_collision.DAE
[9.130s] -- Symlinking: /home/kaisar/warehouse_robot/robot/install/nav2/share/nav2//models/aws_robomaker_residential_PortraitE_02/meshes/aws_PortraitE_01_visual.DAE
[9.175s] -- Symlinking: /home/kaisar/warehouse_robot/robot/install/nav2/share/nav2//models/aws_robomaker_residential_PortraitE_02/model.config
[9.225s] -- Symlinking: /home/kaisar/warehouse_robot/robot/install/nav2/share/nav2//models/aws_robomaker_residential_PortraitE_02/model.sdf
[9.284s] -- Symlinking: /home/kaisar/warehouse_robot/robot/install/nav2/share/nav2//models/aws_robomaker_residential_Quilt_01/materials/textures/aws_Quilt_01.png
[9.332s] -- Symlinking: /home/kaisar/warehouse_robot/robot/install/nav2/share/nav2//models/aws_robomaker_residential_Quilt_01/meshes/aws_Quilt_01_collision.DAE
[9.371s] -- Symlinking: /home/kaisar/warehouse_robot/robot/install/nav2/share/nav2//models/aws_robomaker_residential_Quilt_01/meshes/aws_Quilt_01_visual.DAE
[9.417s] -- Symlinking: /home/kaisar/warehouse_robot/robot/install/nav2/share/nav2//models/aws_robomaker_residential_Quilt_01/model.config
[9.473s] -- Symlinking: /home/kaisar/warehouse_robot/robot/install/nav2/share/nav2//models/aws_robomaker_residential_Quilt_01/model.sdf
[9.510s] -- Symlinking: /home/kaisar/warehouse_robot/robot/install/nav2/share/nav2//models/aws_robomaker_residential_Rangehood_01/materials/textures/aws_Rangehood_01.png
[9.556s] -- Symlinking: /home/kaisar/warehouse_robot/robot/install/nav2/share/nav2//models/aws_robomaker_residential_Rangehood_01/meshes/aws_Rangehood_01_collision.DAE
[9.597s] -- Symlinking: /home/kaisar/warehouse_robot/robot/install/nav2/share/nav2//models/aws_robomaker_residential_Rangehood_01/meshes/aws_Rangehood_01_visual.DAE
[9.643s] -- Symlinking: /home/kaisar/warehouse_robot/robot/install/nav2/share/nav2//models/aws_robomaker_residential_Rangehood_01/model.config
[9.679s] -- Symlinking: /home/kaisar/warehouse_robot/robot/install/nav2/share/nav2//models/aws_robomaker_residential_Rangehood_01/model.sdf
[9.714s] -- Symlinking: /home/kaisar/warehouse_robot/robot/install/nav2/share/nav2//models/aws_robomaker_residential_ReadingDesk_01/materials/textures/aws_ReadingDesk_01.png
[9.771s] -- Symlinking: /home/kaisar/warehouse_robot/robot/install/nav2/share/nav2//models/aws_robomaker_residential_ReadingDesk_01/meshes/aws_ReadingDesk_01_collision.DAE
[9.816s] -- Symlinking: /home/kaisar/warehouse_robot/robot/install/nav2/share/nav2//models/aws_robomaker_residential_ReadingDesk_01/meshes/aws_ReadingDesk_01_visual.DAE
[9.874s] -- Symlinking: /home/kaisar/warehouse_robot/robot/install/nav2/share/nav2//models/aws_robomaker_residential_ReadingDesk_01/model.config
[9.939s] -- Symlinking: /home/kaisar/warehouse_robot/robot/install/nav2/share/nav2//models/aws_robomaker_residential_ReadingDesk_01/model.sdf
[9.982s] -- Symlinking: /home/kaisar/warehouse_robot/robot/install/nav2/share/nav2//models/aws_robomaker_residential_Refrigerator_01/materials/textures/aws_Refrigerator_01.png
[10.025s] -- Symlinking: /home/kaisar/warehouse_robot/robot/install/nav2/share/nav2//models/aws_robomaker_residential_Refrigerator_01/materials/textures/aws_Refrigerator_02.png
[10.068s] -- Symlinking: /home/kaisar/warehouse_robot/robot/install/nav2/share/nav2//models/aws_robomaker_residential_Refrigerator_01/meshes/aws_Refrigerator_01.DAE
[10.113s] -- Symlinking: /home/kaisar/warehouse_robot/robot/install/nav2/share/nav2//models/aws_robomaker_residential_Refrigerator_01/meshes/aws_Refrigerator_01_collision.DAE
[10.171s] -- Symlinking: /home/kaisar/warehouse_robot/robot/install/nav2/share/nav2//models/aws_robomaker_residential_Refrigerator_01/meshes/aws_Refrigerator_01_visual.DAE
[10.216s] -- Symlinking: /home/kaisar/warehouse_robot/robot/install/nav2/share/nav2//models/aws_robomaker_residential_Refrigerator_01/model.config
[10.256s] -- Symlinking: /home/kaisar/warehouse_robot/robot/install/nav2/share/nav2//models/aws_robomaker_residential_Refrigerator_01/model.sdf
[10.297s] -- Symlinking: /home/kaisar/warehouse_robot/robot/install/nav2/share/nav2//models/aws_robomaker_residential_RoomCeiling_01/materials/textures/aws_RoomCeiling_01.png
[10.340s] -- Symlinking: /home/kaisar/warehouse_robot/robot/install/nav2/share/nav2//models/aws_robomaker_residential_RoomCeiling_01/meshes/aws_RoomCeiling_01_collision.DAE
[10.397s] -- Symlinking: /home/kaisar/warehouse_robot/robot/install/nav2/share/nav2//models/aws_robomaker_residential_RoomCeiling_01/meshes/aws_RoomCeiling_01_visual.DAE
[10.441s] -- Symlinking: /home/kaisar/warehouse_robot/robot/install/nav2/share/nav2//models/aws_robomaker_residential_RoomCeiling_01/model.config
[10.484s] -- Symlinking: /home/kaisar/warehouse_robot/robot/install/nav2/share/nav2//models/aws_robomaker_residential_RoomCeiling_01/model.sdf
[10.524s] -- Symlinking: /home/kaisar/warehouse_robot/robot/install/nav2/share/nav2//models/aws_robomaker_residential_RoomWall_01/materials/textures/aws_RoomWall_01.png
[10.569s] -- Symlinking: /home/kaisar/warehouse_robot/robot/install/nav2/share/nav2//models/aws_robomaker_residential_RoomWall_01/meshes/aws_RoomWall_01_collision.DAE
[10.611s] -- Symlinking: /home/kaisar/warehouse_robot/robot/install/nav2/share/nav2//models/aws_robomaker_residential_RoomWall_01/meshes/aws_RoomWall_01_visual.DAE
[10.633s] -- Symlinking: /home/kaisar/warehouse_robot/robot/install/nav2/share/nav2//models/aws_robomaker_residential_RoomWall_01/model.config
[10.691s] -- Symlinking: /home/kaisar/warehouse_robot/robot/install/nav2/share/nav2//models/aws_robomaker_residential_RoomWall_01/model.sdf
[10.738s] -- Symlinking: /home/kaisar/warehouse_robot/robot/install/nav2/share/nav2//models/aws_robomaker_residential_RoomWindow_01/materials/textures/aws_RoomWindow_01.png
[10.782s] -- Symlinking: /home/kaisar/warehouse_robot/robot/install/nav2/share/nav2//models/aws_robomaker_residential_RoomWindow_01/meshes/aws_RoomWindow_01_collision.DAE
[10.821s] -- Symlinking: /home/kaisar/warehouse_robot/robot/install/nav2/share/nav2//models/aws_robomaker_residential_RoomWindow_01/meshes/aws_RoomWindow_01_visual.DAE
[10.866s] -- Symlinking: /home/kaisar/warehouse_robot/robot/install/nav2/share/nav2//models/aws_robomaker_residential_RoomWindow_01/model.config
[10.908s] -- Symlinking: /home/kaisar/warehouse_robot/robot/install/nav2/share/nav2//models/aws_robomaker_residential_RoomWindow_01/model.sdf
[10.952s] -- Symlinking: /home/kaisar/warehouse_robot/robot/install/nav2/share/nav2//models/aws_robomaker_residential_SeasoningBox_01/materials/textures/aws_SeasoningBox_01.png
[10.972s] -- Symlinking: /home/kaisar/warehouse_robot/robot/install/nav2/share/nav2//models/aws_robomaker_residential_SeasoningBox_01/meshes/aws_SeasoningBox_01_collision.DAE
[10.994s] -- Symlinking: /home/kaisar/warehouse_robot/robot/install/nav2/share/nav2//models/aws_robomaker_residential_SeasoningBox_01/meshes/aws_SeasoningBox_01_visual.DAE
[11.023s] -- Symlinking: /home/kaisar/warehouse_robot/robot/install/nav2/share/nav2//models/aws_robomaker_residential_SeasoningBox_01/model.config
[11.058s] -- Symlinking: /home/kaisar/warehouse_robot/robot/install/nav2/share/nav2//models/aws_robomaker_residential_SeasoningBox_01/model.sdf
[11.097s] -- Symlinking: /home/kaisar/warehouse_robot/robot/install/nav2/share/nav2//models/aws_robomaker_residential_SecurityCamera_01/materials/textures/aws_SecurityCamera_01.png
[11.122s] -- Symlinking: /home/kaisar/warehouse_robot/robot/install/nav2/share/nav2//models/aws_robomaker_residential_SecurityCamera_01/meshes/aws_SecurityCamera_01_collision.DAE
[11.144s] -- Symlinking: /home/kaisar/warehouse_robot/robot/install/nav2/share/nav2//models/aws_robomaker_residential_SecurityCamera_01/meshes/aws_SecurityCamera_01_visual.DAE
[11.167s] -- Symlinking: /home/kaisar/warehouse_robot/robot/install/nav2/share/nav2//models/aws_robomaker_residential_SecurityCamera_01/model.config
[11.188s] -- Symlinking: /home/kaisar/warehouse_robot/robot/install/nav2/share/nav2//models/aws_robomaker_residential_SecurityCamera_01/model.sdf
[11.218s] -- Symlinking: /home/kaisar/warehouse_robot/robot/install/nav2/share/nav2//models/aws_robomaker_residential_ShoeRack_01/materials/textures/aws_ShoeRack_01.png
[11.251s] -- Symlinking: /home/kaisar/warehouse_robot/robot/install/nav2/share/nav2//models/aws_robomaker_residential_ShoeRack_01/meshes/aws_ShoeRack_01_collision.DAE
[11.274s] -- Symlinking: /home/kaisar/warehouse_robot/robot/install/nav2/share/nav2//models/aws_robomaker_residential_ShoeRack_01/meshes/aws_ShoeRack_01_visual.DAE
[11.311s] -- Symlinking: /home/kaisar/warehouse_robot/robot/install/nav2/share/nav2//models/aws_robomaker_residential_ShoeRack_01/model.config
[11.353s] -- Symlinking: /home/kaisar/warehouse_robot/robot/install/nav2/share/nav2//models/aws_robomaker_residential_ShoeRack_01/model.sdf
[11.375s] -- Symlinking: /home/kaisar/warehouse_robot/robot/install/nav2/share/nav2//models/aws_robomaker_residential_SofaB_01/materials/textures/aws_SofaB_01.png
[11.411s] -- Symlinking: /home/kaisar/warehouse_robot/robot/install/nav2/share/nav2//models/aws_robomaker_residential_SofaB_01/meshes/aws_SofaB_01_collision.DAE
[11.438s] -- Symlinking: /home/kaisar/warehouse_robot/robot/install/nav2/share/nav2//models/aws_robomaker_residential_SofaB_01/meshes/aws_SofaB_01_visual.DAE
[11.462s] -- Symlinking: /home/kaisar/warehouse_robot/robot/install/nav2/share/nav2//models/aws_robomaker_residential_SofaB_01/model.config
[11.488s] -- Symlinking: /home/kaisar/warehouse_robot/robot/install/nav2/share/nav2//models/aws_robomaker_residential_SofaB_01/model.sdf
[11.512s] -- Symlinking: /home/kaisar/warehouse_robot/robot/install/nav2/share/nav2//models/aws_robomaker_residential_SofaC_01/materials/textures/aws_SofaC_01.png
[11.533s] -- Symlinking: /home/kaisar/warehouse_robot/robot/install/nav2/share/nav2//models/aws_robomaker_residential_SofaC_01/meshes/aws_SofaC_01_collision.DAE
[11.553s] -- Symlinking: /home/kaisar/warehouse_robot/robot/install/nav2/share/nav2//models/aws_robomaker_residential_SofaC_01/meshes/aws_SofaC_01_visual.DAE
[11.572s] -- Symlinking: /home/kaisar/warehouse_robot/robot/install/nav2/share/nav2//models/aws_robomaker_residential_SofaC_01/model.config
[11.588s] -- Symlinking: /home/kaisar/warehouse_robot/robot/install/nav2/share/nav2//models/aws_robomaker_residential_SofaC_01/model.sdf
[11.608s] -- Symlinking: /home/kaisar/warehouse_robot/robot/install/nav2/share/nav2//models/aws_robomaker_residential_Sofa_01/materials/textures/aws_Sofa_01.png
[11.625s] -- Symlinking: /home/kaisar/warehouse_robot/robot/install/nav2/share/nav2//models/aws_robomaker_residential_Sofa_01/meshes/aws_Sofa_01.DAE
[11.642s] -- Symlinking: /home/kaisar/warehouse_robot/robot/install/nav2/share/nav2//models/aws_robomaker_residential_Sofa_01/meshes/aws_Sofa_01_collision.DAE
[11.662s] -- Symlinking: /home/kaisar/warehouse_robot/robot/install/nav2/share/nav2//models/aws_robomaker_residential_Sofa_01/meshes/aws_Sofa_01_visual.DAE
[11.681s] -- Symlinking: /home/kaisar/warehouse_robot/robot/install/nav2/share/nav2//models/aws_robomaker_residential_Sofa_01/model.config
[11.698s] -- Symlinking: /home/kaisar/warehouse_robot/robot/install/nav2/share/nav2//models/aws_robomaker_residential_Sofa_01/model.sdf
[11.713s] -- Symlinking: /home/kaisar/warehouse_robot/robot/install/nav2/share/nav2//models/aws_robomaker_residential_TVCabinet_01/materials/textures/aws_TVCabinet_01.png
[11.733s] -- Symlinking: /home/kaisar/warehouse_robot/robot/install/nav2/share/nav2//models/aws_robomaker_residential_TVCabinet_01/meshes/aws_TVCabinet_01_collision.DAE
[11.748s] -- Symlinking: /home/kaisar/warehouse_robot/robot/install/nav2/share/nav2//models/aws_robomaker_residential_TVCabinet_01/meshes/aws_TVCabinet_01_visual.DAE
[11.762s] -- Symlinking: /home/kaisar/warehouse_robot/robot/install/nav2/share/nav2//models/aws_robomaker_residential_TVCabinet_01/model.config
[11.775s] -- Symlinking: /home/kaisar/warehouse_robot/robot/install/nav2/share/nav2//models/aws_robomaker_residential_TVCabinet_01/model.sdf
[11.789s] -- Symlinking: /home/kaisar/warehouse_robot/robot/install/nav2/share/nav2//models/aws_robomaker_residential_TV_01/materials/textures/aws_TV_01.png
[11.803s] -- Symlinking: /home/kaisar/warehouse_robot/robot/install/nav2/share/nav2//models/aws_robomaker_residential_TV_01/meshes/aws_TV_01_collision.DAE
[11.816s] -- Symlinking: /home/kaisar/warehouse_robot/robot/install/nav2/share/nav2//models/aws_robomaker_residential_TV_01/meshes/aws_TV_01_visual.DAE
[11.831s] -- Symlinking: /home/kaisar/warehouse_robot/robot/install/nav2/share/nav2//models/aws_robomaker_residential_TV_01/model.config
[11.844s] -- Symlinking: /home/kaisar/warehouse_robot/robot/install/nav2/share/nav2//models/aws_robomaker_residential_TV_01/model.sdf
[11.857s] -- Symlinking: /home/kaisar/warehouse_robot/robot/install/nav2/share/nav2//models/aws_robomaker_residential_TV_02/materials/textures/aws_TV_01.png
[11.870s] -- Symlinking: /home/kaisar/warehouse_robot/robot/install/nav2/share/nav2//models/aws_robomaker_residential_TV_02/meshes/aws_TV_01_collision.DAE
[11.883s] -- Symlinking: /home/kaisar/warehouse_robot/robot/install/nav2/share/nav2//models/aws_robomaker_residential_TV_02/meshes/aws_TV_01_visual.DAE
[11.896s] -- Symlinking: /home/kaisar/warehouse_robot/robot/install/nav2/share/nav2//models/aws_robomaker_residential_TV_02/model.config
[11.909s] -- Symlinking: /home/kaisar/warehouse_robot/robot/install/nav2/share/nav2//models/aws_robomaker_residential_TV_02/model.sdf
[11.923s] -- Symlinking: /home/kaisar/warehouse_robot/robot/install/nav2/share/nav2//models/aws_robomaker_residential_Tablet_01/.DS_Store
[11.937s] -- Symlinking: /home/kaisar/warehouse_robot/robot/install/nav2/share/nav2//models/aws_robomaker_residential_Tablet_01/materials/.DS_Store
[11.950s] -- Symlinking: /home/kaisar/warehouse_robot/robot/install/nav2/share/nav2//models/aws_robomaker_residential_Tablet_01/materials/textures/aws_Tablet_01_nologo.png
[11.962s] -- Symlinking: /home/kaisar/warehouse_robot/robot/install/nav2/share/nav2//models/aws_robomaker_residential_Tablet_01/meshes/aws_Tablet_01_collision.DAE
[11.976s] -- Symlinking: /home/kaisar/warehouse_robot/robot/install/nav2/share/nav2//models/aws_robomaker_residential_Tablet_01/meshes/aws_Tablet_01_visual.DAE
[11.989s] -- Symlinking: /home/kaisar/warehouse_robot/robot/install/nav2/share/nav2//models/aws_robomaker_residential_Tablet_01/model.config
[12.001s] -- Symlinking: /home/kaisar/warehouse_robot/robot/install/nav2/share/nav2//models/aws_robomaker_residential_Tablet_01/model.sdf
[12.013s] -- Symlinking: /home/kaisar/warehouse_robot/robot/install/nav2/share/nav2//models/aws_robomaker_residential_Tableware_01/materials/textures/aws_Tableware_01.png
[12.027s] -- Symlinking: /home/kaisar/warehouse_robot/robot/install/nav2/share/nav2//models/aws_robomaker_residential_Tableware_01/meshes/aws_Tableware_01_collision.DAE
[12.040s] -- Symlinking: /home/kaisar/warehouse_robot/robot/install/nav2/share/nav2//models/aws_robomaker_residential_Tableware_01/meshes/aws_Tableware_01_visual.DAE
[12.053s] -- Symlinking: /home/kaisar/warehouse_robot/robot/install/nav2/share/nav2//models/aws_robomaker_residential_Tableware_01/model.config
[12.065s] -- Symlinking: /home/kaisar/warehouse_robot/robot/install/nav2/share/nav2//models/aws_robomaker_residential_Tableware_01/model.sdf
[12.078s] -- Symlinking: /home/kaisar/warehouse_robot/robot/install/nav2/share/nav2//models/aws_robomaker_residential_Trash_01/materials/textures/aws_Trash_01.png
[12.092s] -- Symlinking: /home/kaisar/warehouse_robot/robot/install/nav2/share/nav2//models/aws_robomaker_residential_Trash_01/meshes/aws_Trash_01_collision.DAE
[12.105s] -- Symlinking: /home/kaisar/warehouse_robot/robot/install/nav2/share/nav2//models/aws_robomaker_residential_Trash_01/meshes/aws_Trash_01_visual.DAE
[12.118s] -- Symlinking: /home/kaisar/warehouse_robot/robot/install/nav2/share/nav2//models/aws_robomaker_residential_Trash_01/model.config
[12.133s] -- Symlinking: /home/kaisar/warehouse_robot/robot/install/nav2/share/nav2//models/aws_robomaker_residential_Trash_01/model.sdf
[12.148s] -- Symlinking: /home/kaisar/warehouse_robot/robot/install/nav2/share/nav2//models/aws_robomaker_residential_Vase_01/materials/textures/aws_Vase_01.png
[12.161s] -- Symlinking: /home/kaisar/warehouse_robot/robot/install/nav2/share/nav2//models/aws_robomaker_residential_Vase_01/meshes/aws_Vase_01_collision.DAE
[12.176s] -- Symlinking: /home/kaisar/warehouse_robot/robot/install/nav2/share/nav2//models/aws_robomaker_residential_Vase_01/meshes/aws_Vase_01_visual.DAE
[12.187s] -- Symlinking: /home/kaisar/warehouse_robot/robot/install/nav2/share/nav2//models/aws_robomaker_residential_Vase_01/model.config
[12.200s] -- Symlinking: /home/kaisar/warehouse_robot/robot/install/nav2/share/nav2//models/aws_robomaker_residential_Vase_01/model.sdf
[12.213s] -- Symlinking: /home/kaisar/warehouse_robot/robot/install/nav2/share/nav2//models/aws_robomaker_residential_Wardrobe_01/materials/textures/aws_Wardrobe_01.png
[12.227s] -- Symlinking: /home/kaisar/warehouse_robot/robot/install/nav2/share/nav2//models/aws_robomaker_residential_Wardrobe_01/meshes/aws_Wardrobe_01_collision.DAE
[12.239s] -- Symlinking: /home/kaisar/warehouse_robot/robot/install/nav2/share/nav2//models/aws_robomaker_residential_Wardrobe_01/meshes/aws_Wardrobe_01_visual.DAE
[12.254s] -- Symlinking: /home/kaisar/warehouse_robot/robot/install/nav2/share/nav2//models/aws_robomaker_residential_Wardrobe_01/model.config
[12.267s] -- Symlinking: /home/kaisar/warehouse_robot/robot/install/nav2/share/nav2//models/aws_robomaker_residential_Wardrobe_01/model.sdf
[12.281s] -- Symlinking: /home/kaisar/warehouse_robot/robot/install/nav2/share/nav2//models/aws_robomaker_warehouse_Bucket_01/.DS_Store
[12.294s] -- Symlinking: /home/kaisar/warehouse_robot/robot/install/nav2/share/nav2//models/aws_robomaker_warehouse_Bucket_01/materials/.DS_Store
[12.308s] -- Symlinking: /home/kaisar/warehouse_robot/robot/install/nav2/share/nav2//models/aws_robomaker_warehouse_Bucket_01/materials/textures/aws_robomaker_warehouse_Bucket_01.png
[12.326s] -- Symlinking: /home/kaisar/warehouse_robot/robot/install/nav2/share/nav2//models/aws_robomaker_warehouse_Bucket_01/meshes/aws_robomaker_warehouse_Bucket_01_collision.DAE
[12.340s] -- Symlinking: /home/kaisar/warehouse_robot/robot/install/nav2/share/nav2//models/aws_robomaker_warehouse_Bucket_01/meshes/aws_robomaker_warehouse_Bucket_01_visual.DAE
[12.355s] -- Symlinking: /home/kaisar/warehouse_robot/robot/install/nav2/share/nav2//models/aws_robomaker_warehouse_Bucket_01/model.config
[12.374s] -- Symlinking: /home/kaisar/warehouse_robot/robot/install/nav2/share/nav2//models/aws_robomaker_warehouse_Bucket_01/model.sdf
[12.392s] -- Symlinking: /home/kaisar/warehouse_robot/robot/install/nav2/share/nav2//models/aws_robomaker_warehouse_ClutteringA_01/.DS_Store
[12.409s] -- Symlinking: /home/kaisar/warehouse_robot/robot/install/nav2/share/nav2//models/aws_robomaker_warehouse_ClutteringA_01/materials/.DS_Store
[12.429s] -- Symlinking: /home/kaisar/warehouse_robot/robot/install/nav2/share/nav2//models/aws_robomaker_warehouse_ClutteringA_01/materials/textures/.DS_Store
[12.444s] -- Symlinking: /home/kaisar/warehouse_robot/robot/install/nav2/share/nav2//models/aws_robomaker_warehouse_ClutteringA_01/materials/textures/aws_robomaker_warehouse_ClutteringA_01.png
[12.460s] -- Symlinking: /home/kaisar/warehouse_robot/robot/install/nav2/share/nav2//models/aws_robomaker_warehouse_ClutteringA_01/materials/textures/aws_robomaker_warehouse_ClutteringA_02.png
[12.475s] -- Symlinking: /home/kaisar/warehouse_robot/robot/install/nav2/share/nav2//models/aws_robomaker_warehouse_ClutteringA_01/materials/textures/aws_robomaker_warehouse_ClutteringA_03.png
[12.491s] -- Symlinking: /home/kaisar/warehouse_robot/robot/install/nav2/share/nav2//models/aws_robomaker_warehouse_ClutteringA_01/meshes/aws_robomaker_warehouse_ClutteringA_01_collision.DAE
[12.506s] -- Symlinking: /home/kaisar/warehouse_robot/robot/install/nav2/share/nav2//models/aws_robomaker_warehouse_ClutteringA_01/meshes/aws_robomaker_warehouse_ClutteringA_01_visual.DAE
[12.520s] -- Symlinking: /home/kaisar/warehouse_robot/robot/install/nav2/share/nav2//models/aws_robomaker_warehouse_ClutteringA_01/model.config
[12.534s] -- Symlinking: /home/kaisar/warehouse_robot/robot/install/nav2/share/nav2//models/aws_robomaker_warehouse_ClutteringA_01/model.sdf
[12.549s] -- Symlinking: /home/kaisar/warehouse_robot/robot/install/nav2/share/nav2//models/aws_robomaker_warehouse_ClutteringC_01/materials/textures/aws_robomaker_warehouse_ClutteringC_01.png
[12.565s] -- Symlinking: /home/kaisar/warehouse_robot/robot/install/nav2/share/nav2//models/aws_robomaker_warehouse_ClutteringC_01/materials/textures/aws_robomaker_warehouse_ClutteringC_02.png
[12.579s] -- Symlinking: /home/kaisar/warehouse_robot/robot/install/nav2/share/nav2//models/aws_robomaker_warehouse_ClutteringC_01/meshes/aws_robomaker_warehouse_ClutteringC_01_collision.DAE
[12.591s] -- Symlinking: /home/kaisar/warehouse_robot/robot/install/nav2/share/nav2//models/aws_robomaker_warehouse_ClutteringC_01/meshes/aws_robomaker_warehouse_ClutteringC_01_visual.DAE
[12.603s] -- Symlinking: /home/kaisar/warehouse_robot/robot/install/nav2/share/nav2//models/aws_robomaker_warehouse_ClutteringC_01/model.config
[12.617s] -- Symlinking: /home/kaisar/warehouse_robot/robot/install/nav2/share/nav2//models/aws_robomaker_warehouse_ClutteringC_01/model.sdf
[12.632s] -- Symlinking: /home/kaisar/warehouse_robot/robot/install/nav2/share/nav2//models/aws_robomaker_warehouse_ClutteringD_01/materials/textures/aws_robomaker_warehouse_ClutteringD_01.png
[12.646s] -- Symlinking: /home/kaisar/warehouse_robot/robot/install/nav2/share/nav2//models/aws_robomaker_warehouse_ClutteringD_01/materials/textures/aws_robomaker_warehouse_ClutteringD_02.png
[12.658s] -- Symlinking: /home/kaisar/warehouse_robot/robot/install/nav2/share/nav2//models/aws_robomaker_warehouse_ClutteringD_01/meshes/aws_robomaker_warehouse_ClutteringD_01_collision.DAE
[12.672s] -- Symlinking: /home/kaisar/warehouse_robot/robot/install/nav2/share/nav2//models/aws_robomaker_warehouse_ClutteringD_01/meshes/aws_robomaker_warehouse_ClutteringD_01_visual.DAE
[12.685s] -- Symlinking: /home/kaisar/warehouse_robot/robot/install/nav2/share/nav2//models/aws_robomaker_warehouse_ClutteringD_01/model.config
[12.699s] -- Symlinking: /home/kaisar/warehouse_robot/robot/install/nav2/share/nav2//models/aws_robomaker_warehouse_ClutteringD_01/model.sdf
[12.714s] -- Symlinking: /home/kaisar/warehouse_robot/robot/install/nav2/share/nav2//models/aws_robomaker_warehouse_DeskC_01/materials/.DS_Store
[12.729s] -- Symlinking: /home/kaisar/warehouse_robot/robot/install/nav2/share/nav2//models/aws_robomaker_warehouse_DeskC_01/materials/textures/aws_robomaker_warehouse_DeskC_01.png
[12.741s] -- Symlinking: /home/kaisar/warehouse_robot/robot/install/nav2/share/nav2//models/aws_robomaker_warehouse_DeskC_01/materials/textures/aws_robomaker_warehouse_DeskC_02.png
[12.754s] -- Symlinking: /home/kaisar/warehouse_robot/robot/install/nav2/share/nav2//models/aws_robomaker_warehouse_DeskC_01/materials/textures/aws_robomaker_warehouse_DeskC_03.png
[12.766s] -- Symlinking: /home/kaisar/warehouse_robot/robot/install/nav2/share/nav2//models/aws_robomaker_warehouse_DeskC_01/materials/textures/aws_robomaker_warehouse_DeskC_03.psd
[12.781s] -- Symlinking: /home/kaisar/warehouse_robot/robot/install/nav2/share/nav2//models/aws_robomaker_warehouse_DeskC_01/materials/textures/aws_robomaker_warehouse_DeskC_04.png
[12.792s] -- Symlinking: /home/kaisar/warehouse_robot/robot/install/nav2/share/nav2//models/aws_robomaker_warehouse_DeskC_01/meshes/aws_robomaker_warehouse_DeskC_01_collision.DAE
[12.807s] -- Symlinking: /home/kaisar/warehouse_robot/robot/install/nav2/share/nav2//models/aws_robomaker_warehouse_DeskC_01/meshes/aws_robomaker_warehouse_DeskC_01_visual.DAE
[12.820s] -- Symlinking: /home/kaisar/warehouse_robot/robot/install/nav2/share/nav2//models/aws_robomaker_warehouse_DeskC_01/model.config
[12.834s] -- Symlinking: /home/kaisar/warehouse_robot/robot/install/nav2/share/nav2//models/aws_robomaker_warehouse_DeskC_01/model.sdf
[12.847s] -- Symlinking: /home/kaisar/warehouse_robot/robot/install/nav2/share/nav2//models/aws_robomaker_warehouse_GroundB_01/materials/textures/aws_robomaker_warehouse_GroundB_01.png
[12.860s] -- Symlinking: /home/kaisar/warehouse_robot/robot/install/nav2/share/nav2//models/aws_robomaker_warehouse_GroundB_01/materials/textures/aws_robomaker_warehouse_GroundB_02.png
[12.873s] -- Symlinking: /home/kaisar/warehouse_robot/robot/install/nav2/share/nav2//models/aws_robomaker_warehouse_GroundB_01/meshes/aws_robomaker_warehouse_GroundB_01_collision.DAE
[12.886s] -- Symlinking: /home/kaisar/warehouse_robot/robot/install/nav2/share/nav2//models/aws_robomaker_warehouse_GroundB_01/meshes/aws_robomaker_warehouse_GroundB_01_visual.DAE
[12.898s] -- Symlinking: /home/kaisar/warehouse_robot/robot/install/nav2/share/nav2//models/aws_robomaker_warehouse_GroundB_01/model.config
[12.910s] -- Symlinking: /home/kaisar/warehouse_robot/robot/install/nav2/share/nav2//models/aws_robomaker_warehouse_GroundB_01/model.sdf
[12.922s] -- Symlinking: /home/kaisar/warehouse_robot/robot/install/nav2/share/nav2//models/aws_robomaker_warehouse_Lamp_01/materials/textures/aws_robomaker_warehouse_Lamp_01.png
[12.934s] -- Symlinking: /home/kaisar/warehouse_robot/robot/install/nav2/share/nav2//models/aws_robomaker_warehouse_Lamp_01/meshes/aws_robomaker_warehouse_Lamp_01_collision.DAE
[12.946s] -- Symlinking: /home/kaisar/warehouse_robot/robot/install/nav2/share/nav2//models/aws_robomaker_warehouse_Lamp_01/meshes/aws_robomaker_warehouse_Lamp_01_visual.DAE
[12.958s] -- Symlinking: /home/kaisar/warehouse_robot/robot/install/nav2/share/nav2//models/aws_robomaker_warehouse_Lamp_01/model.config
[12.970s] -- Symlinking: /home/kaisar/warehouse_robot/robot/install/nav2/share/nav2//models/aws_robomaker_warehouse_Lamp_01/model.sdf
[12.982s] -- Symlinking: /home/kaisar/warehouse_robot/robot/install/nav2/share/nav2//models/aws_robomaker_warehouse_PalletJackB_01/.DS_Store
[12.994s] -- Symlinking: /home/kaisar/warehouse_robot/robot/install/nav2/share/nav2//models/aws_robomaker_warehouse_PalletJackB_01/materials/.DS_Store
[13.006s] -- Symlinking: /home/kaisar/warehouse_robot/robot/install/nav2/share/nav2//models/aws_robomaker_warehouse_PalletJackB_01/materials/textures/aws_robomaker_warehouse_PalletJackB_01.png
[13.018s] -- Symlinking: /home/kaisar/warehouse_robot/robot/install/nav2/share/nav2//models/aws_robomaker_warehouse_PalletJackB_01/materials/textures/aws_robomaker_warehouse_PalletJackB_02.png
[13.030s] -- Symlinking: /home/kaisar/warehouse_robot/robot/install/nav2/share/nav2//models/aws_robomaker_warehouse_PalletJackB_01/meshes/aws_robomaker_warehouse_PalletJackB_01_collision.DAE
[13.042s] -- Symlinking: /home/kaisar/warehouse_robot/robot/install/nav2/share/nav2//models/aws_robomaker_warehouse_PalletJackB_01/meshes/aws_robomaker_warehouse_PalletJackB_01_visual.DAE
[13.054s] -- Symlinking: /home/kaisar/warehouse_robot/robot/install/nav2/share/nav2//models/aws_robomaker_warehouse_PalletJackB_01/model.config
[13.065s] -- Symlinking: /home/kaisar/warehouse_robot/robot/install/nav2/share/nav2//models/aws_robomaker_warehouse_PalletJackB_01/model.sdf
[13.078s] -- Symlinking: /home/kaisar/warehouse_robot/robot/install/nav2/share/nav2//models/aws_robomaker_warehouse_RoofB_01/materials/textures/aws_robomaker_warehouse_RoofB_01.png
[13.090s] -- Symlinking: /home/kaisar/warehouse_robot/robot/install/nav2/share/nav2//models/aws_robomaker_warehouse_RoofB_01/meshes/aws_robomaker_warehouse_RoofB_01_collision.DAE
[13.102s] -- Symlinking: /home/kaisar/warehouse_robot/robot/install/nav2/share/nav2//models/aws_robomaker_warehouse_RoofB_01/meshes/aws_robomaker_warehouse_RoofB_01_visual.DAE
[13.114s] -- Symlinking: /home/kaisar/warehouse_robot/robot/install/nav2/share/nav2//models/aws_robomaker_warehouse_RoofB_01/model.config
[13.125s] -- Symlinking: /home/kaisar/warehouse_robot/robot/install/nav2/share/nav2//models/aws_robomaker_warehouse_RoofB_01/model.sdf
[13.136s] -- Symlinking: /home/kaisar/warehouse_robot/robot/install/nav2/share/nav2//models/aws_robomaker_warehouse_ShelfD_01/materials/textures/aws_robomaker_warehouse_ShelfD_01.png
[13.148s] -- Symlinking: /home/kaisar/warehouse_robot/robot/install/nav2/share/nav2//models/aws_robomaker_warehouse_ShelfD_01/materials/textures/aws_robomaker_warehouse_ShelfD_02.png
[13.160s] -- Symlinking: /home/kaisar/warehouse_robot/robot/install/nav2/share/nav2//models/aws_robomaker_warehouse_ShelfD_01/materials/textures/aws_robomaker_warehouse_ShelfD_03.png
[13.172s] -- Symlinking: /home/kaisar/warehouse_robot/robot/install/nav2/share/nav2//models/aws_robomaker_warehouse_ShelfD_01/materials/textures/aws_robomaker_warehouse_ShelfD_04.png
[13.183s] -- Symlinking: /home/kaisar/warehouse_robot/robot/install/nav2/share/nav2//models/aws_robomaker_warehouse_ShelfD_01/meshes/aws_robomaker_warehouse_ShelfD_01_collision.DAE
[13.194s] -- Symlinking: /home/kaisar/warehouse_robot/robot/install/nav2/share/nav2//models/aws_robomaker_warehouse_ShelfD_01/meshes/aws_robomaker_warehouse_ShelfD_01_visual.DAE
[13.206s] -- Symlinking: /home/kaisar/warehouse_robot/robot/install/nav2/share/nav2//models/aws_robomaker_warehouse_ShelfD_01/model.config
[13.217s] -- Symlinking: /home/kaisar/warehouse_robot/robot/install/nav2/share/nav2//models/aws_robomaker_warehouse_ShelfD_01/model.sdf
[13.229s] -- Symlinking: /home/kaisar/warehouse_robot/robot/install/nav2/share/nav2//models/aws_robomaker_warehouse_ShelfE_01/.DS_Store
[13.240s] -- Symlinking: /home/kaisar/warehouse_robot/robot/install/nav2/share/nav2//models/aws_robomaker_warehouse_ShelfE_01/materials/.DS_Store
[13.252s] -- Symlinking: /home/kaisar/warehouse_robot/robot/install/nav2/share/nav2//models/aws_robomaker_warehouse_ShelfE_01/materials/textures/aws_robomaker_warehouse_ShelfE_01.png
[13.264s] -- Symlinking: /home/kaisar/warehouse_robot/robot/install/nav2/share/nav2//models/aws_robomaker_warehouse_ShelfE_01/materials/textures/aws_robomaker_warehouse_ShelfE_02.png
[13.276s] -- Symlinking: /home/kaisar/warehouse_robot/robot/install/nav2/share/nav2//models/aws_robomaker_warehouse_ShelfE_01/materials/textures/aws_robomaker_warehouse_ShelfE_03.png
[13.288s] -- Symlinking: /home/kaisar/warehouse_robot/robot/install/nav2/share/nav2//models/aws_robomaker_warehouse_ShelfE_01/materials/textures/aws_robomaker_warehouse_ShelfE_04.png
[13.300s] -- Symlinking: /home/kaisar/warehouse_robot/robot/install/nav2/share/nav2//models/aws_robomaker_warehouse_ShelfE_01/meshes/aws_robomaker_warehouse_ShelfE_01_collision.DAE
[13.311s] -- Symlinking: /home/kaisar/warehouse_robot/robot/install/nav2/share/nav2//models/aws_robomaker_warehouse_ShelfE_01/meshes/aws_robomaker_warehouse_ShelfE_01_visual.DAE
[13.323s] -- Symlinking: /home/kaisar/warehouse_robot/robot/install/nav2/share/nav2//models/aws_robomaker_warehouse_ShelfE_01/model.config
[13.335s] -- Symlinking: /home/kaisar/warehouse_robot/robot/install/nav2/share/nav2//models/aws_robomaker_warehouse_ShelfE_01/model.sdf
[13.346s] -- Symlinking: /home/kaisar/warehouse_robot/robot/install/nav2/share/nav2//models/aws_robomaker_warehouse_ShelfF_01/materials/textures/aws_robomaker_warehouse_ShelfF_01.png
[13.358s] -- Symlinking: /home/kaisar/warehouse_robot/robot/install/nav2/share/nav2//models/aws_robomaker_warehouse_ShelfF_01/materials/textures/aws_robomaker_warehouse_ShelfF_02.png
[13.371s] -- Symlinking: /home/kaisar/warehouse_robot/robot/install/nav2/share/nav2//models/aws_robomaker_warehouse_ShelfF_01/materials/textures/aws_robomaker_warehouse_ShelfF_03.png
[13.388s] -- Symlinking: /home/kaisar/warehouse_robot/robot/install/nav2/share/nav2//models/aws_robomaker_warehouse_ShelfF_01/meshes/aws_robomaker_warehouse_ShelfF_01_collision.DAE
[13.406s] -- Symlinking: /home/kaisar/warehouse_robot/robot/install/nav2/share/nav2//models/aws_robomaker_warehouse_ShelfF_01/meshes/aws_robomaker_warehouse_ShelfF_01_visual.DAE
[13.418s] -- Symlinking: /home/kaisar/warehouse_robot/robot/install/nav2/share/nav2//models/aws_robomaker_warehouse_ShelfF_01/model.config
[13.431s] -- Symlinking: /home/kaisar/warehouse_robot/robot/install/nav2/share/nav2//models/aws_robomaker_warehouse_ShelfF_01/model.sdf
[13.442s] -- Symlinking: /home/kaisar/warehouse_robot/robot/install/nav2/share/nav2//models/aws_robomaker_warehouse_TrashCanC_01/materials/textures/aws_robomaker_warehouse_TrashCanC_01.png
[13.455s] -- Symlinking: /home/kaisar/warehouse_robot/robot/install/nav2/share/nav2//models/aws_robomaker_warehouse_TrashCanC_01/meshes/aws_robomaker_warehouse_TrashCanC_01_collision.DAE
[13.467s] -- Symlinking: /home/kaisar/warehouse_robot/robot/install/nav2/share/nav2//models/aws_robomaker_warehouse_TrashCanC_01/meshes/aws_robomaker_warehouse_TrashCanC_01_visual.DAE
[13.480s] -- Symlinking: /home/kaisar/warehouse_robot/robot/install/nav2/share/nav2//models/aws_robomaker_warehouse_TrashCanC_01/model.config
[13.493s] -- Symlinking: /home/kaisar/warehouse_robot/robot/install/nav2/share/nav2//models/aws_robomaker_warehouse_TrashCanC_01/model.sdf
[13.506s] -- Symlinking: /home/kaisar/warehouse_robot/robot/install/nav2/share/nav2//models/aws_robomaker_warehouse_WallB_01/materials/textures/aws_robomaker_warehouse_WallB_01.png
[13.518s] -- Symlinking: /home/kaisar/warehouse_robot/robot/install/nav2/share/nav2//models/aws_robomaker_warehouse_WallB_01/meshes/aws_robomaker_warehouse_WallB_01_collision.DAE
[13.529s] -- Symlinking: /home/kaisar/warehouse_robot/robot/install/nav2/share/nav2//models/aws_robomaker_warehouse_WallB_01/meshes/aws_robomaker_warehouse_WallB_01_visual.DAE
[13.540s] -- Symlinking: /home/kaisar/warehouse_robot/robot/install/nav2/share/nav2//models/aws_robomaker_warehouse_WallB_01/model.config
[13.552s] -- Symlinking: /home/kaisar/warehouse_robot/robot/install/nav2/share/nav2//models/aws_robomaker_warehouse_WallB_01/model.sdf
[13.563s] -- Symlinking: /home/kaisar/warehouse_robot/robot/install/nav2/share/nav2//models/brown_table/model.config
[13.576s] -- Symlinking: /home/kaisar/warehouse_robot/robot/install/nav2/share/nav2//models/brown_table/model.sdf
[13.587s] -- Symlinking: /home/kaisar/warehouse_robot/robot/install/nav2/share/nav2//models/cafe/materials/textures/__auto_10.jpg
[13.599s] -- Symlinking: /home/kaisar/warehouse_robot/robot/install/nav2/share/nav2//models/cafe/materials/textures/__auto_2.jpg
[13.611s] -- Symlinking: /home/kaisar/warehouse_robot/robot/install/nav2/share/nav2//models/cafe/materials/textures/__auto_21.jpg
[13.623s] -- Symlinking: /home/kaisar/warehouse_robot/robot/install/nav2/share/nav2//models/cafe/materials/textures/__auto_22.jpg
[13.635s] -- Symlinking: /home/kaisar/warehouse_robot/robot/install/nav2/share/nav2//models/cafe/materials/textures/__auto_23.jpg
[13.646s] -- Symlinking: /home/kaisar/warehouse_robot/robot/install/nav2/share/nav2//models/cafe/materials/textures/__auto_24.jpg
[13.658s] -- Symlinking: /home/kaisar/warehouse_robot/robot/install/nav2/share/nav2//models/cafe/materials/textures/__auto_25.jpg
[13.669s] -- Symlinking: /home/kaisar/warehouse_robot/robot/install/nav2/share/nav2//models/cafe/materials/textures/__auto_26.jpg
[13.681s] -- Symlinking: /home/kaisar/warehouse_robot/robot/install/nav2/share/nav2//models/cafe/materials/textures/__auto_28.jpg
[13.692s] -- Symlinking: /home/kaisar/warehouse_robot/robot/install/nav2/share/nav2//models/cafe/materials/textures/__auto_29.jpg
[13.704s] -- Symlinking: /home/kaisar/warehouse_robot/robot/install/nav2/share/nav2//models/cafe/materials/textures/__auto_30.jpg
[13.715s] -- Symlinking: /home/kaisar/warehouse_robot/robot/install/nav2/share/nav2//models/cafe/materials/textures/__auto_31.jpg
[13.727s] -- Symlinking: /home/kaisar/warehouse_robot/robot/install/nav2/share/nav2//models/cafe/materials/textures/__auto_34.jpg
[13.739s] -- Symlinking: /home/kaisar/warehouse_robot/robot/install/nav2/share/nav2//models/cafe/materials/textures/__auto_35.jpg
[13.752s] -- Symlinking: /home/kaisar/warehouse_robot/robot/install/nav2/share/nav2//models/cafe/materials/textures/__auto_37.jpg
[13.765s] -- Symlinking: /home/kaisar/warehouse_robot/robot/install/nav2/share/nav2//models/cafe/meshes/cafe.dae
[13.777s] -- Symlinking: /home/kaisar/warehouse_robot/robot/install/nav2/share/nav2//models/cafe/model.config
[13.789s] -- Symlinking: /home/kaisar/warehouse_robot/robot/install/nav2/share/nav2//models/cafe/model.sdf
[13.801s] -- Symlinking: /home/kaisar/warehouse_robot/robot/install/nav2/share/nav2//models/cafe_counter/materials/textures/cafe_counter.png
[13.813s] -- Symlinking: /home/kaisar/warehouse_robot/robot/install/nav2/share/nav2//models/cafe_counter/meshes/cafe_counter.mtl
[13.824s] -- Symlinking: /home/kaisar/warehouse_robot/robot/install/nav2/share/nav2//models/cafe_counter/meshes/cafe_counter.obj
[13.837s] -- Symlinking: /home/kaisar/warehouse_robot/robot/install/nav2/share/nav2//models/cafe_counter/meshes/counter_no_sink.obj
[13.849s] -- Symlinking: /home/kaisar/warehouse_robot/robot/install/nav2/share/nav2//models/cafe_counter/meshes/counter_sink.obj
[13.861s] -- Symlinking: /home/kaisar/warehouse_robot/robot/install/nav2/share/nav2//models/cafe_counter/model.config
[13.874s] -- Symlinking: /home/kaisar/warehouse_robot/robot/install/nav2/share/nav2//models/cafe_counter/model.sdf
[13.886s] -- Symlinking: /home/kaisar/warehouse_robot/robot/install/nav2/share/nav2//models/cafe_table/materials/textures/Maple.jpg
[13.898s] -- Symlinking: /home/kaisar/warehouse_robot/robot/install/nav2/share/nav2//models/cafe_table/materials/textures/Wood_Floor_Dark.jpg
[13.910s] -- Symlinking: /home/kaisar/warehouse_robot/robot/install/nav2/share/nav2//models/cafe_table/meshes/cafe_table.dae
[13.922s] -- Symlinking: /home/kaisar/warehouse_robot/robot/install/nav2/share/nav2//models/cafe_table/model-1_4.sdf
[13.935s] -- Symlinking: /home/kaisar/warehouse_robot/robot/install/nav2/share/nav2//models/cafe_table/model.config
[13.948s] -- Symlinking: /home/kaisar/warehouse_robot/robot/install/nav2/share/nav2//models/cafe_table/model.sdf
[13.962s] -- Symlinking: /home/kaisar/warehouse_robot/robot/install/nav2/share/nav2//models/cardboard_box/materials/textures/cardboard_box.png
[13.974s] -- Symlinking: /home/kaisar/warehouse_robot/robot/install/nav2/share/nav2//models/cardboard_box/meshes/cardboard_box.dae
[13.986s] -- Symlinking: /home/kaisar/warehouse_robot/robot/install/nav2/share/nav2//models/cardboard_box/meshes/cardboard_box.png
[14.000s] -- Symlinking: /home/kaisar/warehouse_robot/robot/install/nav2/share/nav2//models/cardboard_box/model.config
[14.012s] -- Symlinking: /home/kaisar/warehouse_robot/robot/install/nav2/share/nav2//models/cardboard_box/model.sdf
[14.025s] -- Symlinking: /home/kaisar/warehouse_robot/robot/install/nav2/share/nav2//models/cheezit_big_original/meshes/cheez_tex_0.jpg
[14.039s] -- Symlinking: /home/kaisar/warehouse_robot/robot/install/nav2/share/nav2//models/cheezit_big_original/meshes/cheezit_big_original.dae
[14.051s] -- Symlinking: /home/kaisar/warehouse_robot/robot/install/nav2/share/nav2//models/cheezit_big_original/model.config
[14.064s] -- Symlinking: /home/kaisar/warehouse_robot/robot/install/nav2/share/nav2//models/cheezit_big_original/model.sdf
[14.079s] -- Symlinking: /home/kaisar/warehouse_robot/robot/install/nav2/share/nav2//models/christman_L1/meshes/blue_linoleum.png
[14.090s] -- Symlinking: /home/kaisar/warehouse_robot/robot/install/nav2/share/nav2//models/christman_L1/meshes/concrete2.png
[14.103s] -- Symlinking: /home/kaisar/warehouse_robot/robot/install/nav2/share/nav2//models/christman_L1/meshes/default.png
[14.114s] -- Symlinking: /home/kaisar/warehouse_robot/robot/install/nav2/share/nav2//models/christman_L1/meshes/floor_1.mtl
[14.126s] -- Symlinking: /home/kaisar/warehouse_robot/robot/install/nav2/share/nav2//models/christman_L1/meshes/floor_1.obj
[14.138s] -- Symlinking: /home/kaisar/warehouse_robot/robot/install/nav2/share/nav2//models/christman_L1/meshes/model.material
[14.151s] -- Symlinking: /home/kaisar/warehouse_robot/robot/install/nav2/share/nav2//models/christman_L1/meshes/wall_1.mtl
[14.162s] -- Symlinking: /home/kaisar/warehouse_robot/robot/install/nav2/share/nav2//models/christman_L1/meshes/wall_1.obj
[14.175s] -- Symlinking: /home/kaisar/warehouse_robot/robot/install/nav2/share/nav2//models/christman_L1/meshes/wall_white.png
[14.188s] -- Symlinking: /home/kaisar/warehouse_robot/robot/install/nav2/share/nav2//models/christman_L1/model.config
[14.201s] -- Symlinking: /home/kaisar/warehouse_robot/robot/install/nav2/share/nav2//models/christman_L1/model.sdf
[14.215s] -- Symlinking: /home/kaisar/warehouse_robot/robot/install/nav2/share/nav2//models/coke_can/materials/textures/coke_can.png
[14.229s] -- Symlinking: /home/kaisar/warehouse_robot/robot/install/nav2/share/nav2//models/coke_can/meshes/coke_can.dae
[14.240s] -- Symlinking: /home/kaisar/warehouse_robot/robot/install/nav2/share/nav2//models/coke_can/model-1_2.sdf
[14.252s] -- Symlinking: /home/kaisar/warehouse_robot/robot/install/nav2/share/nav2//models/coke_can/model-1_3.sdf
[14.264s] -- Symlinking: /home/kaisar/warehouse_robot/robot/install/nav2/share/nav2//models/coke_can/model-1_4.sdf
[14.276s] -- Symlinking: /home/kaisar/warehouse_robot/robot/install/nav2/share/nav2//models/coke_can/model.config
[14.288s] -- Symlinking: /home/kaisar/warehouse_robot/robot/install/nav2/share/nav2//models/coke_can/model.sdf
[14.301s] -- Symlinking: /home/kaisar/warehouse_robot/robot/install/nav2/share/nav2//models/ground_plane/model-1_2.sdf
[14.315s] -- Symlinking: /home/kaisar/warehouse_robot/robot/install/nav2/share/nav2//models/ground_plane/model-1_3.sdf
[14.328s] -- Symlinking: /home/kaisar/warehouse_robot/robot/install/nav2/share/nav2//models/ground_plane/model-1_4.sdf
[14.340s] -- Symlinking: /home/kaisar/warehouse_robot/robot/install/nav2/share/nav2//models/ground_plane/model.config
[14.353s] -- Symlinking: /home/kaisar/warehouse_robot/robot/install/nav2/share/nav2//models/ground_plane/model.sdf
[14.367s] -- Symlinking: /home/kaisar/warehouse_robot/robot/install/nav2/share/nav2//models/hotel_L1/meshes/blue_linoleum.png
[14.382s] -- Symlinking: /home/kaisar/warehouse_robot/robot/install/nav2/share/nav2//models/hotel_L1/meshes/default.png
[14.394s] -- Symlinking: /home/kaisar/warehouse_robot/robot/install/nav2/share/nav2//models/hotel_L1/meshes/floor_1.mtl
[14.406s] -- Symlinking: /home/kaisar/warehouse_robot/robot/install/nav2/share/nav2//models/hotel_L1/meshes/floor_1.obj
[14.418s] -- Symlinking: /home/kaisar/warehouse_robot/robot/install/nav2/share/nav2//models/hotel_L1/meshes/model.material
[14.431s] -- Symlinking: /home/kaisar/warehouse_robot/robot/install/nav2/share/nav2//models/hotel_L1/meshes/wall_1.mtl
[14.442s] -- Symlinking: /home/kaisar/warehouse_robot/robot/install/nav2/share/nav2//models/hotel_L1/meshes/wall_1.obj
[14.455s] -- Symlinking: /home/kaisar/warehouse_robot/robot/install/nav2/share/nav2//models/hotel_L1/model.config
[14.466s] -- Symlinking: /home/kaisar/warehouse_robot/robot/install/nav2/share/nav2//models/hotel_L1/model.sdf
[14.479s] -- Symlinking: /home/kaisar/warehouse_robot/robot/install/nav2/share/nav2//models/mustard/materials/scripts/mustard.material
[14.493s] -- Symlinking: /home/kaisar/warehouse_robot/robot/install/nav2/share/nav2//models/mustard/materials/textures/optimized_tsdf_texture_mapped_mesh.png
[14.507s] -- Symlinking: /home/kaisar/warehouse_robot/robot/install/nav2/share/nav2//models/mustard/meshes/mustard.dae
[14.519s] -- Symlinking: /home/kaisar/warehouse_robot/robot/install/nav2/share/nav2//models/mustard/meshes/texture_map.png
[14.534s] -- Symlinking: /home/kaisar/warehouse_robot/robot/install/nav2/share/nav2//models/mustard/model.config
[14.545s] -- Symlinking: /home/kaisar/warehouse_robot/robot/install/nav2/share/nav2//models/mustard/model.sdf
[14.558s] -- Symlinking: /home/kaisar/warehouse_robot/robot/install/nav2/share/nav2//models/red_cylinder/model.config
[14.571s] -- Symlinking: /home/kaisar/warehouse_robot/robot/install/nav2/share/nav2//models/red_cylinder/model.sdf
[14.586s] -- Symlinking: /home/kaisar/warehouse_robot/robot/install/nav2/share/nav2//models/sun/model-1_2.sdf
[14.599s] -- Symlinking: /home/kaisar/warehouse_robot/robot/install/nav2/share/nav2//models/sun/model-1_3.sdf
[14.614s] -- Symlinking: /home/kaisar/warehouse_robot/robot/install/nav2/share/nav2//models/sun/model-1_4.sdf
[14.627s] -- Symlinking: /home/kaisar/warehouse_robot/robot/install/nav2/share/nav2//models/sun/model.config
[14.639s] -- Symlinking: /home/kaisar/warehouse_robot/robot/install/nav2/share/nav2//models/sun/model.sdf
[14.651s] -- Symlinking: /home/kaisar/warehouse_robot/robot/install/nav2/share/ament_index/resource_index/package_run_dependencies/nav2
[14.663s] -- Symlinking: /home/kaisar/warehouse_robot/robot/install/nav2/share/ament_index/resource_index/parent_prefix_path/nav2
[14.675s] -- Symlinking: /home/kaisar/warehouse_robot/robot/install/nav2/share/nav2/environment/ament_prefix_path.sh
[14.688s] -- Symlinking: /home/kaisar/warehouse_robot/robot/install/nav2/share/nav2/environment/ament_prefix_path.dsv
[14.700s] -- Symlinking: /home/kaisar/warehouse_robot/robot/install/nav2/share/nav2/environment/path.sh
[14.712s] -- Symlinking: /home/kaisar/warehouse_robot/robot/install/nav2/share/nav2/environment/path.dsv
[14.724s] -- Symlinking: /home/kaisar/warehouse_robot/robot/install/nav2/share/nav2/local_setup.bash
[14.737s] -- Symlinking: /home/kaisar/warehouse_robot/robot/install/nav2/share/nav2/local_setup.sh
[14.749s] -- Symlinking: /home/kaisar/warehouse_robot/robot/install/nav2/share/nav2/local_setup.zsh
[14.762s] -- Symlinking: /home/kaisar/warehouse_robot/robot/install/nav2/share/nav2/local_setup.dsv
[14.774s] -- Symlinking: /home/kaisar/warehouse_robot/robot/install/nav2/share/nav2/package.dsv
[14.787s] -- Symlinking: /home/kaisar/warehouse_robot/robot/install/nav2/share/ament_index/resource_index/packages/nav2
[14.799s] -- Symlinking: /home/kaisar/warehouse_robot/robot/install/nav2/share/nav2/cmake/nav2Config.cmake
[14.811s] -- Symlinking: /home/kaisar/warehouse_robot/robot/install/nav2/share/nav2/cmake/nav2Config-version.cmake
[14.823s] -- Symlinking: /home/kaisar/warehouse_robot/robot/install/nav2/share/nav2/package.xml
[14.840s] Invoked command in '/home/kaisar/warehouse_robot/robot/build/nav2' returned '0': CMAKE_PREFIX_PATH=/home/kaisar/warehouse_robot/install/trp1_description:/home/kaisar/warehouse_robot/install/stage_ros2:/opt/ros/jazzy:/home/kaisar/warehouse_robot/install/stage:/home/kaisar/warehouse_robot/install/robot_msgs:/home/kaisar/warehouse_robot/install/nav2:/home/kaisar/warehouse_robot/robot/install/trp1_description:/home/kaisar/warehouse_robot/robot/install/stage_ros2:/home/kaisar/warehouse_robot/robot/install/stage:/home/kaisar/warehouse_robot/robot/install/robot_msgs:/home/kaisar/warehouse_robot/robot/install/nav2:/opt/ros/jazzy/opt/gz_sim_vendor:/opt/ros/jazzy/opt/gz_sensors_vendor:/opt/ros/jazzy/opt/gz_physics_vendor:/opt/ros/jazzy/opt/sdformat_vendor:/opt/ros/jazzy/opt/gz_gui_vendor:/opt/ros/jazzy/opt/gz_transport_vendor:/opt/ros/jazzy/opt/gz_rendering_vendor:/opt/ros/jazzy/opt/gz_plugin_vendor:/opt/ros/jazzy/opt/gz_fuel_tools_vendor:/opt/ros/jazzy/opt/gz_msgs_vendor:/opt/ros/jazzy/opt/gz_common_vendor:/opt/ros/jazzy/opt/gz_math_vendor:/opt/ros/jazzy/opt/gz_utils_vendor:/opt/ros/jazzy/opt/gz_tools_vendor:/opt/ros/jazzy/opt/gz_ogre_next_vendor:/opt/ros/jazzy/opt/gz_dartsim_vendor:/opt/ros/jazzy/opt/gz_cmake_vendor DEBUGINFOD_URLS=https://debuginfod.ubuntu.com /usr/bin/cmake --install /home/kaisar/warehouse_robot/robot/build/nav2
