[0.115s] DEBUG:colcon:Command line arguments: ['/usr/bin/colcon', 'build', '--symlink-install']
[0.115s] DEBUG:colcon:Parsed command line arguments: Namespace(log_base=None, log_level=None, verb_name='build', build_base='build', install_base='install', merge_install=False, symlink_install=True, test_result_base=None, continue_on_error=False, executor='parallel', parallel_workers=12, event_handlers=None, ignore_user_meta=False, metas=['./colcon.meta'], base_paths=['.'], packages_ignore=None, packages_ignore_regex=None, paths=None, packages_up_to=None, packages_up_to_regex=None, packages_above=None, packages_above_and_dependencies=None, packages_above_depth=None, packages_select_by_dep=None, packages_skip_by_dep=None, packages_skip_up_to=None, packages_select_build_failed=False, packages_skip_build_finished=False, packages_select_test_failures=False, packages_skip_test_passed=False, packages_select=None, packages_skip=None, packages_select_regex=None, packages_skip_regex=None, packages_start=None, packages_end=None, allow_overriding=[], cmake_args=None, cmake_target=None, cmake_target_skip_unavailable=False, cmake_clean_cache=False, cmake_clean_first=False, cmake_force_configure=False, ament_cmake_args=None, catkin_cmake_args=None, catkin_skip_building_tests=False, mixin_files=None, mixin=None, verb_parser=<colcon_mixin.mixin.mixin_argument.MixinArgumentDecorator object at 0x7cfacb0b8830>, verb_extension=<colcon_core.verb.build.BuildVerb object at 0x7cfacafe4e30>, main=<bound method BuildVerb.main of <colcon_core.verb.build.BuildVerb object at 0x7cfacafe4e30>>, mixin_verb=('build',))
[0.151s] Level 1:colcon.colcon_core.package_discovery:discover_packages(colcon_meta) check parameters
[0.151s] Level 1:colcon.colcon_core.package_discovery:discover_packages(recursive) check parameters
[0.152s] Level 1:colcon.colcon_core.package_discovery:discover_packages(ignore) check parameters
[0.152s] Level 1:colcon.colcon_core.package_discovery:discover_packages(path) check parameters
[0.152s] Level 1:colcon.colcon_core.package_discovery:discover_packages(colcon_meta) discover
[0.152s] Level 1:colcon.colcon_core.package_discovery:discover_packages(recursive) discover
[0.152s] INFO:colcon.colcon_core.package_discovery:Crawling recursively for packages in '/home/kaisar/warehouse_robot'
[0.152s] Level 1:colcon.colcon_core.package_identification:_identify(.) by extensions ['ignore', 'ignore_ament_install']
[0.152s] Level 1:colcon.colcon_core.package_identification:_identify(.) by extension 'ignore'
[0.152s] Level 1:colcon.colcon_core.package_identification:_identify(.) by extension 'ignore_ament_install'
[0.152s] Level 1:colcon.colcon_core.package_identification:_identify(.) by extensions ['colcon_pkg']
[0.152s] Level 1:colcon.colcon_core.package_identification:_identify(.) by extension 'colcon_pkg'
[0.152s] Level 1:colcon.colcon_core.package_identification:_identify(.) by extensions ['colcon_meta']
[0.152s] Level 1:colcon.colcon_core.package_identification:_identify(.) by extension 'colcon_meta'
[0.152s] Level 1:colcon.colcon_core.package_identification:_identify(.) by extensions ['ros']
[0.152s] Level 1:colcon.colcon_core.package_identification:_identify(.) by extension 'ros'
[0.177s] Level 1:colcon.colcon_core.package_identification:_identify(.) by extensions ['cmake', 'python']
[0.177s] Level 1:colcon.colcon_core.package_identification:_identify(.) by extension 'cmake'
[0.177s] Level 1:colcon.colcon_core.package_identification:_identify(.) by extension 'python'
[0.177s] Level 1:colcon.colcon_core.package_identification:_identify(.) by extensions ['python_setup_py']
[0.177s] Level 1:colcon.colcon_core.package_identification:_identify(.) by extension 'python_setup_py'
[0.177s] Level 1:colcon.colcon_core.package_identification:_identify(__pycache__) by extensions ['ignore', 'ignore_ament_install']
[0.178s] Level 1:colcon.colcon_core.package_identification:_identify(__pycache__) by extension 'ignore'
[0.178s] Level 1:colcon.colcon_core.package_identification:_identify(__pycache__) by extension 'ignore_ament_install'
[0.178s] Level 1:colcon.colcon_core.package_identification:_identify(__pycache__) by extensions ['colcon_pkg']
[0.178s] Level 1:colcon.colcon_core.package_identification:_identify(__pycache__) by extension 'colcon_pkg'
[0.178s] Level 1:colcon.colcon_core.package_identification:_identify(__pycache__) by extensions ['colcon_meta']
[0.178s] Level 1:colcon.colcon_core.package_identification:_identify(__pycache__) by extension 'colcon_meta'
[0.178s] Level 1:colcon.colcon_core.package_identification:_identify(__pycache__) by extensions ['ros']
[0.178s] Level 1:colcon.colcon_core.package_identification:_identify(__pycache__) by extension 'ros'
[0.178s] Level 1:colcon.colcon_core.package_identification:_identify(__pycache__) by extensions ['cmake', 'python']
[0.178s] Level 1:colcon.colcon_core.package_identification:_identify(__pycache__) by extension 'cmake'
[0.178s] Level 1:colcon.colcon_core.package_identification:_identify(__pycache__) by extension 'python'
[0.178s] Level 1:colcon.colcon_core.package_identification:_identify(__pycache__) by extensions ['python_setup_py']
[0.178s] Level 1:colcon.colcon_core.package_identification:_identify(__pycache__) by extension 'python_setup_py'
[0.178s] Level 1:colcon.colcon_core.package_identification:_identify(build) by extensions ['ignore', 'ignore_ament_install']
[0.178s] Level 1:colcon.colcon_core.package_identification:_identify(build) by extension 'ignore'
[0.178s] Level 1:colcon.colcon_core.package_identification:_identify(build) ignored
[0.178s] Level 1:colcon.colcon_core.package_identification:_identify(docker) by extensions ['ignore', 'ignore_ament_install']
[0.179s] Level 1:colcon.colcon_core.package_identification:_identify(docker) by extension 'ignore'
[0.179s] Level 1:colcon.colcon_core.package_identification:_identify(docker) by extension 'ignore_ament_install'
[0.179s] Level 1:colcon.colcon_core.package_identification:_identify(docker) by extensions ['colcon_pkg']
[0.179s] Level 1:colcon.colcon_core.package_identification:_identify(docker) by extension 'colcon_pkg'
[0.179s] Level 1:colcon.colcon_core.package_identification:_identify(docker) by extensions ['colcon_meta']
[0.179s] Level 1:colcon.colcon_core.package_identification:_identify(docker) by extension 'colcon_meta'
[0.179s] Level 1:colcon.colcon_core.package_identification:_identify(docker) by extensions ['ros']
[0.179s] Level 1:colcon.colcon_core.package_identification:_identify(docker) by extension 'ros'
[0.179s] Level 1:colcon.colcon_core.package_identification:_identify(docker) by extensions ['cmake', 'python']
[0.179s] Level 1:colcon.colcon_core.package_identification:_identify(docker) by extension 'cmake'
[0.179s] Level 1:colcon.colcon_core.package_identification:_identify(docker) by extension 'python'
[0.179s] Level 1:colcon.colcon_core.package_identification:_identify(docker) by extensions ['python_setup_py']
[0.179s] Level 1:colcon.colcon_core.package_identification:_identify(docker) by extension 'python_setup_py'
[0.179s] Level 1:colcon.colcon_core.package_identification:_identify(fleet_manager) by extensions ['ignore', 'ignore_ament_install']
[0.179s] Level 1:colcon.colcon_core.package_identification:_identify(fleet_manager) by extension 'ignore'
[0.179s] Level 1:colcon.colcon_core.package_identification:_identify(fleet_manager) by extension 'ignore_ament_install'
[0.179s] Level 1:colcon.colcon_core.package_identification:_identify(fleet_manager) by extensions ['colcon_pkg']
[0.179s] Level 1:colcon.colcon_core.package_identification:_identify(fleet_manager) by extension 'colcon_pkg'
[0.179s] Level 1:colcon.colcon_core.package_identification:_identify(fleet_manager) by extensions ['colcon_meta']
[0.179s] Level 1:colcon.colcon_core.package_identification:_identify(fleet_manager) by extension 'colcon_meta'
[0.179s] Level 1:colcon.colcon_core.package_identification:_identify(fleet_manager) by extensions ['ros']
[0.179s] Level 1:colcon.colcon_core.package_identification:_identify(fleet_manager) by extension 'ros'
[0.180s] Level 1:colcon.colcon_core.package_identification:_identify(fleet_manager) by extensions ['cmake', 'python']
[0.180s] Level 1:colcon.colcon_core.package_identification:_identify(fleet_manager) by extension 'cmake'
[0.180s] Level 1:colcon.colcon_core.package_identification:_identify(fleet_manager) by extension 'python'
[0.180s] Level 1:colcon.colcon_core.package_identification:_identify(fleet_manager) by extensions ['python_setup_py']
[0.180s] Level 1:colcon.colcon_core.package_identification:_identify(fleet_manager) by extension 'python_setup_py'
[0.180s] Level 1:colcon.colcon_core.package_identification:_identify(fleet_manager/__pycache__) by extensions ['ignore', 'ignore_ament_install']
[0.180s] Level 1:colcon.colcon_core.package_identification:_identify(fleet_manager/__pycache__) by extension 'ignore'
[0.180s] Level 1:colcon.colcon_core.package_identification:_identify(fleet_manager/__pycache__) by extension 'ignore_ament_install'
[0.180s] Level 1:colcon.colcon_core.package_identification:_identify(fleet_manager/__pycache__) by extensions ['colcon_pkg']
[0.180s] Level 1:colcon.colcon_core.package_identification:_identify(fleet_manager/__pycache__) by extension 'colcon_pkg'
[0.180s] Level 1:colcon.colcon_core.package_identification:_identify(fleet_manager/__pycache__) by extensions ['colcon_meta']
[0.180s] Level 1:colcon.colcon_core.package_identification:_identify(fleet_manager/__pycache__) by extension 'colcon_meta'
[0.180s] Level 1:colcon.colcon_core.package_identification:_identify(fleet_manager/__pycache__) by extensions ['ros']
[0.180s] Level 1:colcon.colcon_core.package_identification:_identify(fleet_manager/__pycache__) by extension 'ros'
[0.180s] Level 1:colcon.colcon_core.package_identification:_identify(fleet_manager/__pycache__) by extensions ['cmake', 'python']
[0.180s] Level 1:colcon.colcon_core.package_identification:_identify(fleet_manager/__pycache__) by extension 'cmake'
[0.180s] Level 1:colcon.colcon_core.package_identification:_identify(fleet_manager/__pycache__) by extension 'python'
[0.180s] Level 1:colcon.colcon_core.package_identification:_identify(fleet_manager/__pycache__) by extensions ['python_setup_py']
[0.180s] Level 1:colcon.colcon_core.package_identification:_identify(fleet_manager/__pycache__) by extension 'python_setup_py'
[0.180s] Level 1:colcon.colcon_core.package_identification:_identify(fleet_manager/mapf) by extensions ['ignore', 'ignore_ament_install']
[0.180s] Level 1:colcon.colcon_core.package_identification:_identify(fleet_manager/mapf) by extension 'ignore'
[0.180s] Level 1:colcon.colcon_core.package_identification:_identify(fleet_manager/mapf) by extension 'ignore_ament_install'
[0.181s] Level 1:colcon.colcon_core.package_identification:_identify(fleet_manager/mapf) by extensions ['colcon_pkg']
[0.181s] Level 1:colcon.colcon_core.package_identification:_identify(fleet_manager/mapf) by extension 'colcon_pkg'
[0.181s] Level 1:colcon.colcon_core.package_identification:_identify(fleet_manager/mapf) by extensions ['colcon_meta']
[0.181s] Level 1:colcon.colcon_core.package_identification:_identify(fleet_manager/mapf) by extension 'colcon_meta'
[0.181s] Level 1:colcon.colcon_core.package_identification:_identify(fleet_manager/mapf) by extensions ['ros']
[0.181s] Level 1:colcon.colcon_core.package_identification:_identify(fleet_manager/mapf) by extension 'ros'
[0.181s] Level 1:colcon.colcon_core.package_identification:_identify(fleet_manager/mapf) by extensions ['cmake', 'python']
[0.181s] Level 1:colcon.colcon_core.package_identification:_identify(fleet_manager/mapf) by extension 'cmake'
[0.181s] Level 1:colcon.colcon_core.package_identification:_identify(fleet_manager/mapf) by extension 'python'
[0.181s] Level 1:colcon.colcon_core.package_identification:_identify(fleet_manager/mapf) by extensions ['python_setup_py']
[0.181s] Level 1:colcon.colcon_core.package_identification:_identify(fleet_manager/mapf) by extension 'python_setup_py'
[0.181s] Level 1:colcon.colcon_core.package_identification:_identify(fleet_manager/mapf/__pycache__) by extensions ['ignore', 'ignore_ament_install']
[0.181s] Level 1:colcon.colcon_core.package_identification:_identify(fleet_manager/mapf/__pycache__) by extension 'ignore'
[0.181s] Level 1:colcon.colcon_core.package_identification:_identify(fleet_manager/mapf/__pycache__) by extension 'ignore_ament_install'
[0.181s] Level 1:colcon.colcon_core.package_identification:_identify(fleet_manager/mapf/__pycache__) by extensions ['colcon_pkg']
[0.181s] Level 1:colcon.colcon_core.package_identification:_identify(fleet_manager/mapf/__pycache__) by extension 'colcon_pkg'
[0.181s] Level 1:colcon.colcon_core.package_identification:_identify(fleet_manager/mapf/__pycache__) by extensions ['colcon_meta']
[0.181s] Level 1:colcon.colcon_core.package_identification:_identify(fleet_manager/mapf/__pycache__) by extension 'colcon_meta'
[0.181s] Level 1:colcon.colcon_core.package_identification:_identify(fleet_manager/mapf/__pycache__) by extensions ['ros']
[0.181s] Level 1:colcon.colcon_core.package_identification:_identify(fleet_manager/mapf/__pycache__) by extension 'ros'
[0.181s] Level 1:colcon.colcon_core.package_identification:_identify(fleet_manager/mapf/__pycache__) by extensions ['cmake', 'python']
[0.181s] Level 1:colcon.colcon_core.package_identification:_identify(fleet_manager/mapf/__pycache__) by extension 'cmake'
[0.181s] Level 1:colcon.colcon_core.package_identification:_identify(fleet_manager/mapf/__pycache__) by extension 'python'
[0.181s] Level 1:colcon.colcon_core.package_identification:_identify(fleet_manager/mapf/__pycache__) by extensions ['python_setup_py']
[0.182s] Level 1:colcon.colcon_core.package_identification:_identify(fleet_manager/mapf/__pycache__) by extension 'python_setup_py'
[0.182s] Level 1:colcon.colcon_core.package_identification:_identify(install) by extensions ['ignore', 'ignore_ament_install']
[0.182s] Level 1:colcon.colcon_core.package_identification:_identify(install) by extension 'ignore'
[0.182s] Level 1:colcon.colcon_core.package_identification:_identify(install) ignored
[0.182s] Level 1:colcon.colcon_core.package_identification:_identify(log) by extensions ['ignore', 'ignore_ament_install']
[0.182s] Level 1:colcon.colcon_core.package_identification:_identify(log) by extension 'ignore'
[0.182s] Level 1:colcon.colcon_core.package_identification:_identify(log) ignored
[0.182s] Level 1:colcon.colcon_core.package_identification:_identify(map_data) by extensions ['ignore', 'ignore_ament_install']
[0.182s] Level 1:colcon.colcon_core.package_identification:_identify(map_data) by extension 'ignore'
[0.182s] Level 1:colcon.colcon_core.package_identification:_identify(map_data) by extension 'ignore_ament_install'
[0.182s] Level 1:colcon.colcon_core.package_identification:_identify(map_data) by extensions ['colcon_pkg']
[0.182s] Level 1:colcon.colcon_core.package_identification:_identify(map_data) by extension 'colcon_pkg'
[0.182s] Level 1:colcon.colcon_core.package_identification:_identify(map_data) by extensions ['colcon_meta']
[0.182s] Level 1:colcon.colcon_core.package_identification:_identify(map_data) by extension 'colcon_meta'
[0.182s] Level 1:colcon.colcon_core.package_identification:_identify(map_data) by extensions ['ros']
[0.182s] Level 1:colcon.colcon_core.package_identification:_identify(map_data) by extension 'ros'
[0.182s] Level 1:colcon.colcon_core.package_identification:_identify(map_data) by extensions ['cmake', 'python']
[0.182s] Level 1:colcon.colcon_core.package_identification:_identify(map_data) by extension 'cmake'
[0.182s] Level 1:colcon.colcon_core.package_identification:_identify(map_data) by extension 'python'
[0.182s] Level 1:colcon.colcon_core.package_identification:_identify(map_data) by extensions ['python_setup_py']
[0.182s] Level 1:colcon.colcon_core.package_identification:_identify(map_data) by extension 'python_setup_py'
[0.183s] Level 1:colcon.colcon_core.package_identification:_identify(map_data/maps) by extensions ['ignore', 'ignore_ament_install']
[0.183s] Level 1:colcon.colcon_core.package_identification:_identify(map_data/maps) by extension 'ignore'
[0.183s] Level 1:colcon.colcon_core.package_identification:_identify(map_data/maps) by extension 'ignore_ament_install'
[0.183s] Level 1:colcon.colcon_core.package_identification:_identify(map_data/maps) by extensions ['colcon_pkg']
[0.183s] Level 1:colcon.colcon_core.package_identification:_identify(map_data/maps) by extension 'colcon_pkg'
[0.183s] Level 1:colcon.colcon_core.package_identification:_identify(map_data/maps) by extensions ['colcon_meta']
[0.183s] Level 1:colcon.colcon_core.package_identification:_identify(map_data/maps) by extension 'colcon_meta'
[0.183s] Level 1:colcon.colcon_core.package_identification:_identify(map_data/maps) by extensions ['ros']
[0.183s] Level 1:colcon.colcon_core.package_identification:_identify(map_data/maps) by extension 'ros'
[0.183s] Level 1:colcon.colcon_core.package_identification:_identify(map_data/maps) by extensions ['cmake', 'python']
[0.183s] Level 1:colcon.colcon_core.package_identification:_identify(map_data/maps) by extension 'cmake'
[0.183s] Level 1:colcon.colcon_core.package_identification:_identify(map_data/maps) by extension 'python'
[0.183s] Level 1:colcon.colcon_core.package_identification:_identify(map_data/maps) by extensions ['python_setup_py']
[0.183s] Level 1:colcon.colcon_core.package_identification:_identify(map_data/maps) by extension 'python_setup_py'
[0.183s] Level 1:colcon.colcon_core.package_identification:_identify(map_data/maps_out) by extensions ['ignore', 'ignore_ament_install']
[0.183s] Level 1:colcon.colcon_core.package_identification:_identify(map_data/maps_out) by extension 'ignore'
[0.183s] Level 1:colcon.colcon_core.package_identification:_identify(map_data/maps_out) by extension 'ignore_ament_install'
[0.183s] Level 1:colcon.colcon_core.package_identification:_identify(map_data/maps_out) by extensions ['colcon_pkg']
[0.183s] Level 1:colcon.colcon_core.package_identification:_identify(map_data/maps_out) by extension 'colcon_pkg'
[0.183s] Level 1:colcon.colcon_core.package_identification:_identify(map_data/maps_out) by extensions ['colcon_meta']
[0.183s] Level 1:colcon.colcon_core.package_identification:_identify(map_data/maps_out) by extension 'colcon_meta'
[0.183s] Level 1:colcon.colcon_core.package_identification:_identify(map_data/maps_out) by extensions ['ros']
[0.183s] Level 1:colcon.colcon_core.package_identification:_identify(map_data/maps_out) by extension 'ros'
[0.183s] Level 1:colcon.colcon_core.package_identification:_identify(map_data/maps_out) by extensions ['cmake', 'python']
[0.184s] Level 1:colcon.colcon_core.package_identification:_identify(map_data/maps_out) by extension 'cmake'
[0.184s] Level 1:colcon.colcon_core.package_identification:_identify(map_data/maps_out) by extension 'python'
[0.184s] Level 1:colcon.colcon_core.package_identification:_identify(map_data/maps_out) by extensions ['python_setup_py']
[0.184s] Level 1:colcon.colcon_core.package_identification:_identify(map_data/maps_out) by extension 'python_setup_py'
[0.184s] Level 1:colcon.colcon_core.package_identification:_identify(map_data/maps_out/15.05.26_map) by extensions ['ignore', 'ignore_ament_install']
[0.184s] Level 1:colcon.colcon_core.package_identification:_identify(map_data/maps_out/15.05.26_map) by extension 'ignore'
[0.184s] Level 1:colcon.colcon_core.package_identification:_identify(map_data/maps_out/15.05.26_map) by extension 'ignore_ament_install'
[0.184s] Level 1:colcon.colcon_core.package_identification:_identify(map_data/maps_out/15.05.26_map) by extensions ['colcon_pkg']
[0.184s] Level 1:colcon.colcon_core.package_identification:_identify(map_data/maps_out/15.05.26_map) by extension 'colcon_pkg'
[0.184s] Level 1:colcon.colcon_core.package_identification:_identify(map_data/maps_out/15.05.26_map) by extensions ['colcon_meta']
[0.184s] Level 1:colcon.colcon_core.package_identification:_identify(map_data/maps_out/15.05.26_map) by extension 'colcon_meta'
[0.184s] Level 1:colcon.colcon_core.package_identification:_identify(map_data/maps_out/15.05.26_map) by extensions ['ros']
[0.184s] Level 1:colcon.colcon_core.package_identification:_identify(map_data/maps_out/15.05.26_map) by extension 'ros'
[0.184s] Level 1:colcon.colcon_core.package_identification:_identify(map_data/maps_out/15.05.26_map) by extensions ['cmake', 'python']
[0.184s] Level 1:colcon.colcon_core.package_identification:_identify(map_data/maps_out/15.05.26_map) by extension 'cmake'
[0.184s] Level 1:colcon.colcon_core.package_identification:_identify(map_data/maps_out/15.05.26_map) by extension 'python'
[0.184s] Level 1:colcon.colcon_core.package_identification:_identify(map_data/maps_out/15.05.26_map) by extensions ['python_setup_py']
[0.184s] Level 1:colcon.colcon_core.package_identification:_identify(map_data/maps_out/15.05.26_map) by extension 'python_setup_py'
[0.184s] Level 1:colcon.colcon_core.package_identification:_identify(map_data/maps_out/22.05.26_smap.smap) by extensions ['ignore', 'ignore_ament_install']
[0.184s] Level 1:colcon.colcon_core.package_identification:_identify(map_data/maps_out/22.05.26_smap.smap) by extension 'ignore'
[0.184s] Level 1:colcon.colcon_core.package_identification:_identify(map_data/maps_out/22.05.26_smap.smap) by extension 'ignore_ament_install'
[0.184s] Level 1:colcon.colcon_core.package_identification:_identify(map_data/maps_out/22.05.26_smap.smap) by extensions ['colcon_pkg']
[0.185s] Level 1:colcon.colcon_core.package_identification:_identify(map_data/maps_out/22.05.26_smap.smap) by extension 'colcon_pkg'
[0.185s] Level 1:colcon.colcon_core.package_identification:_identify(map_data/maps_out/22.05.26_smap.smap) by extensions ['colcon_meta']
[0.185s] Level 1:colcon.colcon_core.package_identification:_identify(map_data/maps_out/22.05.26_smap.smap) by extension 'colcon_meta'
[0.185s] Level 1:colcon.colcon_core.package_identification:_identify(map_data/maps_out/22.05.26_smap.smap) by extensions ['ros']
[0.185s] Level 1:colcon.colcon_core.package_identification:_identify(map_data/maps_out/22.05.26_smap.smap) by extension 'ros'
[0.185s] Level 1:colcon.colcon_core.package_identification:_identify(map_data/maps_out/22.05.26_smap.smap) by extensions ['cmake', 'python']
[0.185s] Level 1:colcon.colcon_core.package_identification:_identify(map_data/maps_out/22.05.26_smap.smap) by extension 'cmake'
[0.185s] Level 1:colcon.colcon_core.package_identification:_identify(map_data/maps_out/22.05.26_smap.smap) by extension 'python'
[0.185s] Level 1:colcon.colcon_core.package_identification:_identify(map_data/maps_out/22.05.26_smap.smap) by extensions ['python_setup_py']
[0.185s] Level 1:colcon.colcon_core.package_identification:_identify(map_data/maps_out/22.05.26_smap.smap) by extension 'python_setup_py'
[0.185s] Level 1:colcon.colcon_core.package_identification:_identify(operator_app) by extensions ['ignore', 'ignore_ament_install']
[0.185s] Level 1:colcon.colcon_core.package_identification:_identify(operator_app) by extension 'ignore'
[0.185s] Level 1:colcon.colcon_core.package_identification:_identify(operator_app) by extension 'ignore_ament_install'
[0.185s] Level 1:colcon.colcon_core.package_identification:_identify(operator_app) by extensions ['colcon_pkg']
[0.185s] Level 1:colcon.colcon_core.package_identification:_identify(operator_app) by extension 'colcon_pkg'
[0.185s] Level 1:colcon.colcon_core.package_identification:_identify(operator_app) by extensions ['colcon_meta']
[0.185s] Level 1:colcon.colcon_core.package_identification:_identify(operator_app) by extension 'colcon_meta'
[0.185s] Level 1:colcon.colcon_core.package_identification:_identify(operator_app) by extensions ['ros']
[0.185s] Level 1:colcon.colcon_core.package_identification:_identify(operator_app) by extension 'ros'
[0.185s] Level 1:colcon.colcon_core.package_identification:_identify(operator_app) by extensions ['cmake', 'python']
[0.185s] Level 1:colcon.colcon_core.package_identification:_identify(operator_app) by extension 'cmake'
[0.185s] Level 1:colcon.colcon_core.package_identification:_identify(operator_app) by extension 'python'
[0.185s] Level 1:colcon.colcon_core.package_identification:_identify(operator_app) by extensions ['python_setup_py']
[0.185s] Level 1:colcon.colcon_core.package_identification:_identify(operator_app) by extension 'python_setup_py'
[0.186s] Level 1:colcon.colcon_core.package_identification:_identify(operator_app/__pycache__) by extensions ['ignore', 'ignore_ament_install']
[0.186s] Level 1:colcon.colcon_core.package_identification:_identify(operator_app/__pycache__) by extension 'ignore'
[0.186s] Level 1:colcon.colcon_core.package_identification:_identify(operator_app/__pycache__) by extension 'ignore_ament_install'
[0.186s] Level 1:colcon.colcon_core.package_identification:_identify(operator_app/__pycache__) by extensions ['colcon_pkg']
[0.186s] Level 1:colcon.colcon_core.package_identification:_identify(operator_app/__pycache__) by extension 'colcon_pkg'
[0.186s] Level 1:colcon.colcon_core.package_identification:_identify(operator_app/__pycache__) by extensions ['colcon_meta']
[0.186s] Level 1:colcon.colcon_core.package_identification:_identify(operator_app/__pycache__) by extension 'colcon_meta'
[0.186s] Level 1:colcon.colcon_core.package_identification:_identify(operator_app/__pycache__) by extensions ['ros']
[0.186s] Level 1:colcon.colcon_core.package_identification:_identify(operator_app/__pycache__) by extension 'ros'
[0.186s] Level 1:colcon.colcon_core.package_identification:_identify(operator_app/__pycache__) by extensions ['cmake', 'python']
[0.186s] Level 1:colcon.colcon_core.package_identification:_identify(operator_app/__pycache__) by extension 'cmake'
[0.186s] Level 1:colcon.colcon_core.package_identification:_identify(operator_app/__pycache__) by extension 'python'
[0.186s] Level 1:colcon.colcon_core.package_identification:_identify(operator_app/__pycache__) by extensions ['python_setup_py']
[0.186s] Level 1:colcon.colcon_core.package_identification:_identify(operator_app/__pycache__) by extension 'python_setup_py'
[0.186s] Level 1:colcon.colcon_core.package_identification:_identify(operator_app/static) by extensions ['ignore', 'ignore_ament_install']
[0.186s] Level 1:colcon.colcon_core.package_identification:_identify(operator_app/static) by extension 'ignore'
[0.186s] Level 1:colcon.colcon_core.package_identification:_identify(operator_app/static) by extension 'ignore_ament_install'
[0.186s] Level 1:colcon.colcon_core.package_identification:_identify(operator_app/static) by extensions ['colcon_pkg']
[0.186s] Level 1:colcon.colcon_core.package_identification:_identify(operator_app/static) by extension 'colcon_pkg'
[0.186s] Level 1:colcon.colcon_core.package_identification:_identify(operator_app/static) by extensions ['colcon_meta']
[0.186s] Level 1:colcon.colcon_core.package_identification:_identify(operator_app/static) by extension 'colcon_meta'
[0.186s] Level 1:colcon.colcon_core.package_identification:_identify(operator_app/static) by extensions ['ros']
[0.186s] Level 1:colcon.colcon_core.package_identification:_identify(operator_app/static) by extension 'ros'
[0.186s] Level 1:colcon.colcon_core.package_identification:_identify(operator_app/static) by extensions ['cmake', 'python']
[0.187s] Level 1:colcon.colcon_core.package_identification:_identify(operator_app/static) by extension 'cmake'
[0.187s] Level 1:colcon.colcon_core.package_identification:_identify(operator_app/static) by extension 'python'
[0.187s] Level 1:colcon.colcon_core.package_identification:_identify(operator_app/static) by extensions ['python_setup_py']
[0.187s] Level 1:colcon.colcon_core.package_identification:_identify(operator_app/static) by extension 'python_setup_py'
[0.187s] Level 1:colcon.colcon_core.package_identification:_identify(robot) by extensions ['ignore', 'ignore_ament_install']
[0.187s] Level 1:colcon.colcon_core.package_identification:_identify(robot) by extension 'ignore'
[0.187s] Level 1:colcon.colcon_core.package_identification:_identify(robot) by extension 'ignore_ament_install'
[0.187s] Level 1:colcon.colcon_core.package_identification:_identify(robot) by extensions ['colcon_pkg']
[0.187s] Level 1:colcon.colcon_core.package_identification:_identify(robot) by extension 'colcon_pkg'
[0.187s] Level 1:colcon.colcon_core.package_identification:_identify(robot) by extensions ['colcon_meta']
[0.187s] Level 1:colcon.colcon_core.package_identification:_identify(robot) by extension 'colcon_meta'
[0.187s] Level 1:colcon.colcon_core.package_identification:_identify(robot) by extensions ['ros']
[0.187s] Level 1:colcon.colcon_core.package_identification:_identify(robot) by extension 'ros'
[0.187s] Level 1:colcon.colcon_core.package_identification:_identify(robot) by extensions ['cmake', 'python']
[0.187s] Level 1:colcon.colcon_core.package_identification:_identify(robot) by extension 'cmake'
[0.187s] Level 1:colcon.colcon_core.package_identification:_identify(robot) by extension 'python'
[0.187s] Level 1:colcon.colcon_core.package_identification:_identify(robot) by extensions ['python_setup_py']
[0.187s] Level 1:colcon.colcon_core.package_identification:_identify(robot) by extension 'python_setup_py'
[0.187s] Level 1:colcon.colcon_core.package_identification:_identify(robot/build) by extensions ['ignore', 'ignore_ament_install']
[0.187s] Level 1:colcon.colcon_core.package_identification:_identify(robot/build) by extension 'ignore'
[0.187s] Level 1:colcon.colcon_core.package_identification:_identify(robot/build) ignored
[0.187s] Level 1:colcon.colcon_core.package_identification:_identify(robot/install) by extensions ['ignore', 'ignore_ament_install']
[0.187s] Level 1:colcon.colcon_core.package_identification:_identify(robot/install) by extension 'ignore'
[0.188s] Level 1:colcon.colcon_core.package_identification:_identify(robot/install) ignored
[0.188s] Level 1:colcon.colcon_core.package_identification:_identify(robot/log) by extensions ['ignore', 'ignore_ament_install']
[0.188s] Level 1:colcon.colcon_core.package_identification:_identify(robot/log) by extension 'ignore'
[0.188s] Level 1:colcon.colcon_core.package_identification:_identify(robot/log) ignored
[0.188s] Level 1:colcon.colcon_core.package_identification:_identify(robot/ws) by extensions ['ignore', 'ignore_ament_install']
[0.188s] Level 1:colcon.colcon_core.package_identification:_identify(robot/ws) by extension 'ignore'
[0.188s] Level 1:colcon.colcon_core.package_identification:_identify(robot/ws) by extension 'ignore_ament_install'
[0.188s] Level 1:colcon.colcon_core.package_identification:_identify(robot/ws) by extensions ['colcon_pkg']
[0.188s] Level 1:colcon.colcon_core.package_identification:_identify(robot/ws) by extension 'colcon_pkg'
[0.188s] Level 1:colcon.colcon_core.package_identification:_identify(robot/ws) by extensions ['colcon_meta']
[0.188s] Level 1:colcon.colcon_core.package_identification:_identify(robot/ws) by extension 'colcon_meta'
[0.188s] Level 1:colcon.colcon_core.package_identification:_identify(robot/ws) by extensions ['ros']
[0.188s] Level 1:colcon.colcon_core.package_identification:_identify(robot/ws) by extension 'ros'
[0.188s] Level 1:colcon.colcon_core.package_identification:_identify(robot/ws) by extensions ['cmake', 'python']
[0.188s] Level 1:colcon.colcon_core.package_identification:_identify(robot/ws) by extension 'cmake'
[0.188s] Level 1:colcon.colcon_core.package_identification:_identify(robot/ws) by extension 'python'
[0.188s] Level 1:colcon.colcon_core.package_identification:_identify(robot/ws) by extensions ['python_setup_py']
[0.188s] Level 1:colcon.colcon_core.package_identification:_identify(robot/ws) by extension 'python_setup_py'
[0.188s] Level 1:colcon.colcon_core.package_identification:_identify(robot/ws/src) by extensions ['ignore', 'ignore_ament_install']
[0.188s] Level 1:colcon.colcon_core.package_identification:_identify(robot/ws/src) by extension 'ignore'
[0.188s] Level 1:colcon.colcon_core.package_identification:_identify(robot/ws/src) by extension 'ignore_ament_install'
[0.188s] Level 1:colcon.colcon_core.package_identification:_identify(robot/ws/src) by extensions ['colcon_pkg']
[0.188s] Level 1:colcon.colcon_core.package_identification:_identify(robot/ws/src) by extension 'colcon_pkg'
[0.189s] Level 1:colcon.colcon_core.package_identification:_identify(robot/ws/src) by extensions ['colcon_meta']
[0.189s] Level 1:colcon.colcon_core.package_identification:_identify(robot/ws/src) by extension 'colcon_meta'
[0.189s] Level 1:colcon.colcon_core.package_identification:_identify(robot/ws/src) by extensions ['ros']
[0.189s] Level 1:colcon.colcon_core.package_identification:_identify(robot/ws/src) by extension 'ros'
[0.189s] Level 1:colcon.colcon_core.package_identification:_identify(robot/ws/src) by extensions ['cmake', 'python']
[0.189s] Level 1:colcon.colcon_core.package_identification:_identify(robot/ws/src) by extension 'cmake'
[0.189s] Level 1:colcon.colcon_core.package_identification:_identify(robot/ws/src) by extension 'python'
[0.189s] Level 1:colcon.colcon_core.package_identification:_identify(robot/ws/src) by extensions ['python_setup_py']
[0.189s] Level 1:colcon.colcon_core.package_identification:_identify(robot/ws/src) by extension 'python_setup_py'
[0.189s] Level 1:colcon.colcon_core.package_identification:_identify(robot/ws/src/Stage) by extensions ['ignore', 'ignore_ament_install']
[0.189s] Level 1:colcon.colcon_core.package_identification:_identify(robot/ws/src/Stage) by extension 'ignore'
[0.189s] Level 1:colcon.colcon_core.package_identification:_identify(robot/ws/src/Stage) by extension 'ignore_ament_install'
[0.189s] Level 1:colcon.colcon_core.package_identification:_identify(robot/ws/src/Stage) by extensions ['colcon_pkg']
[0.189s] Level 1:colcon.colcon_core.package_identification:_identify(robot/ws/src/Stage) by extension 'colcon_pkg'
[0.189s] Level 1:colcon.colcon_core.package_identification:_identify(robot/ws/src/Stage) by extensions ['colcon_meta']
[0.189s] Level 1:colcon.colcon_core.package_identification:_identify(robot/ws/src/Stage) by extension 'colcon_meta'
[0.189s] Level 1:colcon.colcon_core.package_identification:_identify(robot/ws/src/Stage) by extensions ['ros']
[0.189s] Level 1:colcon.colcon_core.package_identification:_identify(robot/ws/src/Stage) by extension 'ros'
[0.192s] DEBUG:colcon.colcon_core.package_identification:Package 'robot/ws/src/Stage' with type 'ros.catkin' and name 'stage'
[0.192s] Level 1:colcon.colcon_core.package_identification:_identify(robot/ws/src/nav2) by extensions ['ignore', 'ignore_ament_install']
[0.192s] Level 1:colcon.colcon_core.package_identification:_identify(robot/ws/src/nav2) by extension 'ignore'
[0.192s] Level 1:colcon.colcon_core.package_identification:_identify(robot/ws/src/nav2) by extension 'ignore_ament_install'
[0.192s] Level 1:colcon.colcon_core.package_identification:_identify(robot/ws/src/nav2) by extensions ['colcon_pkg']
[0.192s] Level 1:colcon.colcon_core.package_identification:_identify(robot/ws/src/nav2) by extension 'colcon_pkg'
[0.192s] Level 1:colcon.colcon_core.package_identification:_identify(robot/ws/src/nav2) by extensions ['colcon_meta']
[0.192s] Level 1:colcon.colcon_core.package_identification:_identify(robot/ws/src/nav2) by extension 'colcon_meta'
[0.192s] Level 1:colcon.colcon_core.package_identification:_identify(robot/ws/src/nav2) by extensions ['ros']
[0.192s] Level 1:colcon.colcon_core.package_identification:_identify(robot/ws/src/nav2) by extension 'ros'
[0.195s] DEBUG:colcon.colcon_core.package_identification:Package 'robot/ws/src/nav2' with type 'ros.ament_cmake' and name 'nav2'
[0.195s] Level 1:colcon.colcon_core.package_identification:_identify(robot/ws/src/robot_msgs) by extensions ['ignore', 'ignore_ament_install']
[0.195s] Level 1:colcon.colcon_core.package_identification:_identify(robot/ws/src/robot_msgs) by extension 'ignore'
[0.195s] Level 1:colcon.colcon_core.package_identification:_identify(robot/ws/src/robot_msgs) by extension 'ignore_ament_install'
[0.195s] Level 1:colcon.colcon_core.package_identification:_identify(robot/ws/src/robot_msgs) by extensions ['colcon_pkg']
[0.195s] Level 1:colcon.colcon_core.package_identification:_identify(robot/ws/src/robot_msgs) by extension 'colcon_pkg'
[0.195s] Level 1:colcon.colcon_core.package_identification:_identify(robot/ws/src/robot_msgs) by extensions ['colcon_meta']
[0.195s] Level 1:colcon.colcon_core.package_identification:_identify(robot/ws/src/robot_msgs) by extension 'colcon_meta'
[0.195s] Level 1:colcon.colcon_core.package_identification:_identify(robot/ws/src/robot_msgs) by extensions ['ros']
[0.195s] Level 1:colcon.colcon_core.package_identification:_identify(robot/ws/src/robot_msgs) by extension 'ros'
[0.196s] DEBUG:colcon.colcon_core.package_identification:Package 'robot/ws/src/robot_msgs' with type 'ros.ament_cmake' and name 'robot_msgs'
[0.196s] Level 1:colcon.colcon_core.package_identification:_identify(robot/ws/src/stage_ros2) by extensions ['ignore', 'ignore_ament_install']
[0.196s] Level 1:colcon.colcon_core.package_identification:_identify(robot/ws/src/stage_ros2) by extension 'ignore'
[0.196s] Level 1:colcon.colcon_core.package_identification:_identify(robot/ws/src/stage_ros2) by extension 'ignore_ament_install'
[0.196s] Level 1:colcon.colcon_core.package_identification:_identify(robot/ws/src/stage_ros2) by extensions ['colcon_pkg']
[0.196s] Level 1:colcon.colcon_core.package_identification:_identify(robot/ws/src/stage_ros2) by extension 'colcon_pkg'
[0.196s] Level 1:colcon.colcon_core.package_identification:_identify(robot/ws/src/stage_ros2) by extensions ['colcon_meta']
[0.196s] Level 1:colcon.colcon_core.package_identification:_identify(robot/ws/src/stage_ros2) by extension 'colcon_meta'
[0.196s] Level 1:colcon.colcon_core.package_identification:_identify(robot/ws/src/stage_ros2) by extensions ['ros']
[0.196s] Level 1:colcon.colcon_core.package_identification:_identify(robot/ws/src/stage_ros2) by extension 'ros'
[0.197s] DEBUG:colcon.colcon_core.package_identification:Package 'robot/ws/src/stage_ros2' with type 'ros.ament_cmake' and name 'stage_ros2'
[0.197s] Level 1:colcon.colcon_core.package_identification:_identify(robot/ws/src/trp1_description) by extensions ['ignore', 'ignore_ament_install']
[0.197s] Level 1:colcon.colcon_core.package_identification:_identify(robot/ws/src/trp1_description) by extension 'ignore'
[0.197s] Level 1:colcon.colcon_core.package_identification:_identify(robot/ws/src/trp1_description) by extension 'ignore_ament_install'
[0.197s] Level 1:colcon.colcon_core.package_identification:_identify(robot/ws/src/trp1_description) by extensions ['colcon_pkg']
[0.197s] Level 1:colcon.colcon_core.package_identification:_identify(robot/ws/src/trp1_description) by extension 'colcon_pkg'
[0.197s] Level 1:colcon.colcon_core.package_identification:_identify(robot/ws/src/trp1_description) by extensions ['colcon_meta']
[0.197s] Level 1:colcon.colcon_core.package_identification:_identify(robot/ws/src/trp1_description) by extension 'colcon_meta'
[0.197s] Level 1:colcon.colcon_core.package_identification:_identify(robot/ws/src/trp1_description) by extensions ['ros']
[0.197s] Level 1:colcon.colcon_core.package_identification:_identify(robot/ws/src/trp1_description) by extension 'ros'
[0.197s] DEBUG:colcon.colcon_core.package_identification:Package 'robot/ws/src/trp1_description' with type 'ros.ament_cmake' and name 'trp1_description'
[0.197s] Level 1:colcon.colcon_core.package_identification:_identify(robot_http_api) by extensions ['ignore', 'ignore_ament_install']
[0.197s] Level 1:colcon.colcon_core.package_identification:_identify(robot_http_api) by extension 'ignore'
[0.197s] Level 1:colcon.colcon_core.package_identification:_identify(robot_http_api) by extension 'ignore_ament_install'
[0.197s] Level 1:colcon.colcon_core.package_identification:_identify(robot_http_api) by extensions ['colcon_pkg']
[0.198s] Level 1:colcon.colcon_core.package_identification:_identify(robot_http_api) by extension 'colcon_pkg'
[0.198s] Level 1:colcon.colcon_core.package_identification:_identify(robot_http_api) by extensions ['colcon_meta']
[0.198s] Level 1:colcon.colcon_core.package_identification:_identify(robot_http_api) by extension 'colcon_meta'
[0.198s] Level 1:colcon.colcon_core.package_identification:_identify(robot_http_api) by extensions ['ros']
[0.198s] Level 1:colcon.colcon_core.package_identification:_identify(robot_http_api) by extension 'ros'
[0.198s] Level 1:colcon.colcon_core.package_identification:_identify(robot_http_api) by extensions ['cmake', 'python']
[0.198s] Level 1:colcon.colcon_core.package_identification:_identify(robot_http_api) by extension 'cmake'
[0.198s] Level 1:colcon.colcon_core.package_identification:_identify(robot_http_api) by extension 'python'
[0.198s] Level 1:colcon.colcon_core.package_identification:_identify(robot_http_api) by extensions ['python_setup_py']
[0.198s] Level 1:colcon.colcon_core.package_identification:_identify(robot_http_api) by extension 'python_setup_py'
[0.198s] Level 1:colcon.colcon_core.package_identification:_identify(robot_http_api/__pycache__) by extensions ['ignore', 'ignore_ament_install']
[0.198s] Level 1:colcon.colcon_core.package_identification:_identify(robot_http_api/__pycache__) by extension 'ignore'
[0.198s] Level 1:colcon.colcon_core.package_identification:_identify(robot_http_api/__pycache__) by extension 'ignore_ament_install'
[0.198s] Level 1:colcon.colcon_core.package_identification:_identify(robot_http_api/__pycache__) by extensions ['colcon_pkg']
[0.198s] Level 1:colcon.colcon_core.package_identification:_identify(robot_http_api/__pycache__) by extension 'colcon_pkg'
[0.198s] Level 1:colcon.colcon_core.package_identification:_identify(robot_http_api/__pycache__) by extensions ['colcon_meta']
[0.198s] Level 1:colcon.colcon_core.package_identification:_identify(robot_http_api/__pycache__) by extension 'colcon_meta'
[0.198s] Level 1:colcon.colcon_core.package_identification:_identify(robot_http_api/__pycache__) by extensions ['ros']
[0.198s] Level 1:colcon.colcon_core.package_identification:_identify(robot_http_api/__pycache__) by extension 'ros'
[0.198s] Level 1:colcon.colcon_core.package_identification:_identify(robot_http_api/__pycache__) by extensions ['cmake', 'python']
[0.198s] Level 1:colcon.colcon_core.package_identification:_identify(robot_http_api/__pycache__) by extension 'cmake'
[0.198s] Level 1:colcon.colcon_core.package_identification:_identify(robot_http_api/__pycache__) by extension 'python'
[0.198s] Level 1:colcon.colcon_core.package_identification:_identify(robot_http_api/__pycache__) by extensions ['python_setup_py']
[0.198s] Level 1:colcon.colcon_core.package_identification:_identify(robot_http_api/__pycache__) by extension 'python_setup_py'
[0.199s] Level 1:colcon.colcon_core.package_identification:_identify(robot_http_api/static) by extensions ['ignore', 'ignore_ament_install']
[0.199s] Level 1:colcon.colcon_core.package_identification:_identify(robot_http_api/static) by extension 'ignore'
[0.199s] Level 1:colcon.colcon_core.package_identification:_identify(robot_http_api/static) by extension 'ignore_ament_install'
[0.199s] Level 1:colcon.colcon_core.package_identification:_identify(robot_http_api/static) by extensions ['colcon_pkg']
[0.199s] Level 1:colcon.colcon_core.package_identification:_identify(robot_http_api/static) by extension 'colcon_pkg'
[0.199s] Level 1:colcon.colcon_core.package_identification:_identify(robot_http_api/static) by extensions ['colcon_meta']
[0.199s] Level 1:colcon.colcon_core.package_identification:_identify(robot_http_api/static) by extension 'colcon_meta'
[0.199s] Level 1:colcon.colcon_core.package_identification:_identify(robot_http_api/static) by extensions ['ros']
[0.199s] Level 1:colcon.colcon_core.package_identification:_identify(robot_http_api/static) by extension 'ros'
[0.199s] Level 1:colcon.colcon_core.package_identification:_identify(robot_http_api/static) by extensions ['cmake', 'python']
[0.199s] Level 1:colcon.colcon_core.package_identification:_identify(robot_http_api/static) by extension 'cmake'
[0.199s] Level 1:colcon.colcon_core.package_identification:_identify(robot_http_api/static) by extension 'python'
[0.199s] Level 1:colcon.colcon_core.package_identification:_identify(robot_http_api/static) by extensions ['python_setup_py']
[0.199s] Level 1:colcon.colcon_core.package_identification:_identify(robot_http_api/static) by extension 'python_setup_py'
[0.199s] Level 1:colcon.colcon_core.package_identification:_identify(route_core) by extensions ['ignore', 'ignore_ament_install']
[0.199s] Level 1:colcon.colcon_core.package_identification:_identify(route_core) by extension 'ignore'
[0.199s] Level 1:colcon.colcon_core.package_identification:_identify(route_core) by extension 'ignore_ament_install'
[0.199s] Level 1:colcon.colcon_core.package_identification:_identify(route_core) by extensions ['colcon_pkg']
[0.199s] Level 1:colcon.colcon_core.package_identification:_identify(route_core) by extension 'colcon_pkg'
[0.199s] Level 1:colcon.colcon_core.package_identification:_identify(route_core) by extensions ['colcon_meta']
[0.199s] Level 1:colcon.colcon_core.package_identification:_identify(route_core) by extension 'colcon_meta'
[0.199s] Level 1:colcon.colcon_core.package_identification:_identify(route_core) by extensions ['ros']
[0.199s] Level 1:colcon.colcon_core.package_identification:_identify(route_core) by extension 'ros'
[0.200s] Level 1:colcon.colcon_core.package_identification:_identify(route_core) by extensions ['cmake', 'python']
[0.200s] Level 1:colcon.colcon_core.package_identification:_identify(route_core) by extension 'cmake'
[0.200s] Level 1:colcon.colcon_core.package_identification:_identify(route_core) by extension 'python'
[0.200s] Level 1:colcon.colcon_core.package_identification:_identify(route_core) by extensions ['python_setup_py']
[0.200s] Level 1:colcon.colcon_core.package_identification:_identify(route_core) by extension 'python_setup_py'
[0.200s] Level 1:colcon.colcon_core.package_identification:_identify(route_core/__pycache__) by extensions ['ignore', 'ignore_ament_install']
[0.200s] Level 1:colcon.colcon_core.package_identification:_identify(route_core/__pycache__) by extension 'ignore'
[0.200s] Level 1:colcon.colcon_core.package_identification:_identify(route_core/__pycache__) by extension 'ignore_ament_install'
[0.200s] Level 1:colcon.colcon_core.package_identification:_identify(route_core/__pycache__) by extensions ['colcon_pkg']
[0.200s] Level 1:colcon.colcon_core.package_identification:_identify(route_core/__pycache__) by extension 'colcon_pkg'
[0.200s] Level 1:colcon.colcon_core.package_identification:_identify(route_core/__pycache__) by extensions ['colcon_meta']
[0.200s] Level 1:colcon.colcon_core.package_identification:_identify(route_core/__pycache__) by extension 'colcon_meta'
[0.200s] Level 1:colcon.colcon_core.package_identification:_identify(route_core/__pycache__) by extensions ['ros']
[0.200s] Level 1:colcon.colcon_core.package_identification:_identify(route_core/__pycache__) by extension 'ros'
[0.200s] Level 1:colcon.colcon_core.package_identification:_identify(route_core/__pycache__) by extensions ['cmake', 'python']
[0.200s] Level 1:colcon.colcon_core.package_identification:_identify(route_core/__pycache__) by extension 'cmake'
[0.200s] Level 1:colcon.colcon_core.package_identification:_identify(route_core/__pycache__) by extension 'python'
[0.200s] Level 1:colcon.colcon_core.package_identification:_identify(route_core/__pycache__) by extensions ['python_setup_py']
[0.200s] Level 1:colcon.colcon_core.package_identification:_identify(route_core/__pycache__) by extension 'python_setup_py'
[0.200s] Level 1:colcon.colcon_core.package_identification:_identify(web) by extensions ['ignore', 'ignore_ament_install']
[0.200s] Level 1:colcon.colcon_core.package_identification:_identify(web) by extension 'ignore'
[0.200s] Level 1:colcon.colcon_core.package_identification:_identify(web) by extension 'ignore_ament_install'
[0.200s] Level 1:colcon.colcon_core.package_identification:_identify(web) by extensions ['colcon_pkg']
[0.200s] Level 1:colcon.colcon_core.package_identification:_identify(web) by extension 'colcon_pkg'
[0.201s] Level 1:colcon.colcon_core.package_identification:_identify(web) by extensions ['colcon_meta']
[0.201s] Level 1:colcon.colcon_core.package_identification:_identify(web) by extension 'colcon_meta'
[0.201s] Level 1:colcon.colcon_core.package_identification:_identify(web) by extensions ['ros']
[0.201s] Level 1:colcon.colcon_core.package_identification:_identify(web) by extension 'ros'
[0.201s] Level 1:colcon.colcon_core.package_identification:_identify(web) by extensions ['cmake', 'python']
[0.201s] Level 1:colcon.colcon_core.package_identification:_identify(web) by extension 'cmake'
[0.201s] Level 1:colcon.colcon_core.package_identification:_identify(web) by extension 'python'
[0.201s] Level 1:colcon.colcon_core.package_identification:_identify(web) by extensions ['python_setup_py']
[0.201s] Level 1:colcon.colcon_core.package_identification:_identify(web) by extension 'python_setup_py'
[0.201s] Level 1:colcon.colcon_core.package_identification:_identify(web/__pycache__) by extensions ['ignore', 'ignore_ament_install']
[0.201s] Level 1:colcon.colcon_core.package_identification:_identify(web/__pycache__) by extension 'ignore'
[0.201s] Level 1:colcon.colcon_core.package_identification:_identify(web/__pycache__) by extension 'ignore_ament_install'
[0.201s] Level 1:colcon.colcon_core.package_identification:_identify(web/__pycache__) by extensions ['colcon_pkg']
[0.201s] Level 1:colcon.colcon_core.package_identification:_identify(web/__pycache__) by extension 'colcon_pkg'
[0.201s] Level 1:colcon.colcon_core.package_identification:_identify(web/__pycache__) by extensions ['colcon_meta']
[0.201s] Level 1:colcon.colcon_core.package_identification:_identify(web/__pycache__) by extension 'colcon_meta'
[0.201s] Level 1:colcon.colcon_core.package_identification:_identify(web/__pycache__) by extensions ['ros']
[0.201s] Level 1:colcon.colcon_core.package_identification:_identify(web/__pycache__) by extension 'ros'
[0.201s] Level 1:colcon.colcon_core.package_identification:_identify(web/__pycache__) by extensions ['cmake', 'python']
[0.201s] Level 1:colcon.colcon_core.package_identification:_identify(web/__pycache__) by extension 'cmake'
[0.201s] Level 1:colcon.colcon_core.package_identification:_identify(web/__pycache__) by extension 'python'
[0.201s] Level 1:colcon.colcon_core.package_identification:_identify(web/__pycache__) by extensions ['python_setup_py']
[0.201s] Level 1:colcon.colcon_core.package_identification:_identify(web/__pycache__) by extension 'python_setup_py'
[0.202s] Level 1:colcon.colcon_core.package_identification:_identify(web/static) by extensions ['ignore', 'ignore_ament_install']
[0.202s] Level 1:colcon.colcon_core.package_identification:_identify(web/static) by extension 'ignore'
[0.202s] Level 1:colcon.colcon_core.package_identification:_identify(web/static) by extension 'ignore_ament_install'
[0.202s] Level 1:colcon.colcon_core.package_identification:_identify(web/static) by extensions ['colcon_pkg']
[0.202s] Level 1:colcon.colcon_core.package_identification:_identify(web/static) by extension 'colcon_pkg'
[0.202s] Level 1:colcon.colcon_core.package_identification:_identify(web/static) by extensions ['colcon_meta']
[0.202s] Level 1:colcon.colcon_core.package_identification:_identify(web/static) by extension 'colcon_meta'
[0.202s] Level 1:colcon.colcon_core.package_identification:_identify(web/static) by extensions ['ros']
[0.202s] Level 1:colcon.colcon_core.package_identification:_identify(web/static) by extension 'ros'
[0.202s] Level 1:colcon.colcon_core.package_identification:_identify(web/static) by extensions ['cmake', 'python']
[0.202s] Level 1:colcon.colcon_core.package_identification:_identify(web/static) by extension 'cmake'
[0.202s] Level 1:colcon.colcon_core.package_identification:_identify(web/static) by extension 'python'
[0.202s] Level 1:colcon.colcon_core.package_identification:_identify(web/static) by extensions ['python_setup_py']
[0.202s] Level 1:colcon.colcon_core.package_identification:_identify(web/static) by extension 'python_setup_py'
[0.202s] Level 1:colcon.colcon_core.package_discovery:discover_packages(recursive) using defaults
[0.202s] Level 1:colcon.colcon_core.package_discovery:discover_packages(ignore) discover
[0.202s] Level 1:colcon.colcon_core.package_discovery:discover_packages(ignore) using defaults
[0.202s] Level 1:colcon.colcon_core.package_discovery:discover_packages(path) discover
[0.202s] Level 1:colcon.colcon_core.package_discovery:discover_packages(path) using defaults
[0.219s] Level 1:colcon.colcon_core.package_discovery:discover_packages(prefix_path) check parameters
[0.219s] Level 1:colcon.colcon_core.package_discovery:discover_packages(prefix_path) discover
[0.221s] DEBUG:colcon.colcon_installed_package_information.package_discovery:Found 5 installed packages in /home/kaisar/warehouse_robot/robot/install
[0.223s] DEBUG:colcon.colcon_installed_package_information.package_discovery:Found 498 installed packages in /opt/ros/jazzy
[0.224s] Level 1:colcon.colcon_core.package_discovery:discover_packages(prefix_path) using defaults
[0.297s] Level 5:colcon.colcon_core.verb:set package 'nav2' build argument 'cmake_args' from command line to 'None'
[0.297s] Level 5:colcon.colcon_core.verb:set package 'nav2' build argument 'cmake_target' from command line to 'None'
[0.297s] Level 5:colcon.colcon_core.verb:set package 'nav2' build argument 'cmake_target_skip_unavailable' from command line to 'False'
[0.297s] Level 5:colcon.colcon_core.verb:set package 'nav2' build argument 'cmake_clean_cache' from command line to 'False'
[0.297s] Level 5:colcon.colcon_core.verb:set package 'nav2' build argument 'cmake_clean_first' from command line to 'False'
[0.297s] Level 5:colcon.colcon_core.verb:set package 'nav2' build argument 'cmake_force_configure' from command line to 'False'
[0.297s] Level 5:colcon.colcon_core.verb:set package 'nav2' build argument 'ament_cmake_args' from command line to 'None'
[0.297s] Level 5:colcon.colcon_core.verb:set package 'nav2' build argument 'catkin_cmake_args' from command line to 'None'
[0.297s] Level 5:colcon.colcon_core.verb:set package 'nav2' build argument 'catkin_skip_building_tests' from command line to 'False'
[0.297s] DEBUG:colcon.colcon_core.verb:Building package 'nav2' with the following arguments: {'ament_cmake_args': None, 'build_base': '/home/kaisar/warehouse_robot/build/nav2', 'catkin_cmake_args': None, 'catkin_skip_building_tests': False, 'cmake_args': None, 'cmake_clean_cache': False, 'cmake_clean_first': False, 'cmake_force_configure': False, 'cmake_target': None, 'cmake_target_skip_unavailable': False, 'install_base': '/home/kaisar/warehouse_robot/install/nav2', 'merge_install': False, 'path': '/home/kaisar/warehouse_robot/robot/ws/src/nav2', 'symlink_install': True, 'test_result_base': None}
[0.297s] Level 5:colcon.colcon_core.verb:set package 'robot_msgs' build argument 'cmake_args' from command line to 'None'
[0.297s] Level 5:colcon.colcon_core.verb:set package 'robot_msgs' build argument 'cmake_target' from command line to 'None'
[0.297s] Level 5:colcon.colcon_core.verb:set package 'robot_msgs' build argument 'cmake_target_skip_unavailable' from command line to 'False'
[0.297s] Level 5:colcon.colcon_core.verb:set package 'robot_msgs' build argument 'cmake_clean_cache' from command line to 'False'
[0.297s] Level 5:colcon.colcon_core.verb:set package 'robot_msgs' build argument 'cmake_clean_first' from command line to 'False'
[0.298s] Level 5:colcon.colcon_core.verb:set package 'robot_msgs' build argument 'cmake_force_configure' from command line to 'False'
[0.298s] Level 5:colcon.colcon_core.verb:set package 'robot_msgs' build argument 'ament_cmake_args' from command line to 'None'
[0.298s] Level 5:colcon.colcon_core.verb:set package 'robot_msgs' build argument 'catkin_cmake_args' from command line to 'None'
[0.298s] Level 5:colcon.colcon_core.verb:set package 'robot_msgs' build argument 'catkin_skip_building_tests' from command line to 'False'
[0.298s] DEBUG:colcon.colcon_core.verb:Building package 'robot_msgs' with the following arguments: {'ament_cmake_args': None, 'build_base': '/home/kaisar/warehouse_robot/build/robot_msgs', 'catkin_cmake_args': None, 'catkin_skip_building_tests': False, 'cmake_args': None, 'cmake_clean_cache': False, 'cmake_clean_first': False, 'cmake_force_configure': False, 'cmake_target': None, 'cmake_target_skip_unavailable': False, 'install_base': '/home/kaisar/warehouse_robot/install/robot_msgs', 'merge_install': False, 'path': '/home/kaisar/warehouse_robot/robot/ws/src/robot_msgs', 'symlink_install': True, 'test_result_base': None}
[0.298s] Level 5:colcon.colcon_core.verb:set package 'stage' build argument 'cmake_args' from command line to 'None'
[0.298s] Level 5:colcon.colcon_core.verb:set package 'stage' build argument 'cmake_target' from command line to 'None'
[0.298s] Level 5:colcon.colcon_core.verb:set package 'stage' build argument 'cmake_target_skip_unavailable' from command line to 'False'
[0.298s] Level 5:colcon.colcon_core.verb:set package 'stage' build argument 'cmake_clean_cache' from command line to 'False'
[0.298s] Level 5:colcon.colcon_core.verb:set package 'stage' build argument 'cmake_clean_first' from command line to 'False'
[0.298s] Level 5:colcon.colcon_core.verb:set package 'stage' build argument 'cmake_force_configure' from command line to 'False'
[0.298s] Level 5:colcon.colcon_core.verb:set package 'stage' build argument 'ament_cmake_args' from command line to 'None'
[0.298s] Level 5:colcon.colcon_core.verb:set package 'stage' build argument 'catkin_cmake_args' from command line to 'None'
[0.298s] Level 5:colcon.colcon_core.verb:set package 'stage' build argument 'catkin_skip_building_tests' from command line to 'False'
[0.298s] DEBUG:colcon.colcon_core.verb:Building package 'stage' with the following arguments: {'ament_cmake_args': None, 'build_base': '/home/kaisar/warehouse_robot/build/stage', 'catkin_cmake_args': None, 'catkin_skip_building_tests': False, 'cmake_args': None, 'cmake_clean_cache': False, 'cmake_clean_first': False, 'cmake_force_configure': False, 'cmake_target': None, 'cmake_target_skip_unavailable': False, 'install_base': '/home/kaisar/warehouse_robot/install/stage', 'merge_install': False, 'path': '/home/kaisar/warehouse_robot/robot/ws/src/Stage', 'symlink_install': True, 'test_result_base': None}
[0.298s] Level 5:colcon.colcon_core.verb:set package 'trp1_description' build argument 'cmake_args' from command line to 'None'
[0.298s] Level 5:colcon.colcon_core.verb:set package 'trp1_description' build argument 'cmake_target' from command line to 'None'
[0.298s] Level 5:colcon.colcon_core.verb:set package 'trp1_description' build argument 'cmake_target_skip_unavailable' from command line to 'False'
[0.298s] Level 5:colcon.colcon_core.verb:set package 'trp1_description' build argument 'cmake_clean_cache' from command line to 'False'
[0.298s] Level 5:colcon.colcon_core.verb:set package 'trp1_description' build argument 'cmake_clean_first' from command line to 'False'
[0.298s] Level 5:colcon.colcon_core.verb:set package 'trp1_description' build argument 'cmake_force_configure' from command line to 'False'
[0.298s] Level 5:colcon.colcon_core.verb:set package 'trp1_description' build argument 'ament_cmake_args' from command line to 'None'
[0.298s] Level 5:colcon.colcon_core.verb:set package 'trp1_description' build argument 'catkin_cmake_args' from command line to 'None'
[0.298s] Level 5:colcon.colcon_core.verb:set package 'trp1_description' build argument 'catkin_skip_building_tests' from command line to 'False'
[0.298s] DEBUG:colcon.colcon_core.verb:Building package 'trp1_description' with the following arguments: {'ament_cmake_args': None, 'build_base': '/home/kaisar/warehouse_robot/build/trp1_description', 'catkin_cmake_args': None, 'catkin_skip_building_tests': False, 'cmake_args': None, 'cmake_clean_cache': False, 'cmake_clean_first': False, 'cmake_force_configure': False, 'cmake_target': None, 'cmake_target_skip_unavailable': False, 'install_base': '/home/kaisar/warehouse_robot/install/trp1_description', 'merge_install': False, 'path': '/home/kaisar/warehouse_robot/robot/ws/src/trp1_description', 'symlink_install': True, 'test_result_base': None}
[0.299s] Level 5:colcon.colcon_core.verb:set package 'stage_ros2' build argument 'cmake_args' from command line to 'None'
[0.299s] Level 5:colcon.colcon_core.verb:set package 'stage_ros2' build argument 'cmake_target' from command line to 'None'
[0.299s] Level 5:colcon.colcon_core.verb:set package 'stage_ros2' build argument 'cmake_target_skip_unavailable' from command line to 'False'
[0.299s] Level 5:colcon.colcon_core.verb:set package 'stage_ros2' build argument 'cmake_clean_cache' from command line to 'False'
[0.299s] Level 5:colcon.colcon_core.verb:set package 'stage_ros2' build argument 'cmake_clean_first' from command line to 'False'
[0.299s] Level 5:colcon.colcon_core.verb:set package 'stage_ros2' build argument 'cmake_force_configure' from command line to 'False'
[0.299s] Level 5:colcon.colcon_core.verb:set package 'stage_ros2' build argument 'ament_cmake_args' from command line to 'None'
[0.299s] Level 5:colcon.colcon_core.verb:set package 'stage_ros2' build argument 'catkin_cmake_args' from command line to 'None'
[0.299s] Level 5:colcon.colcon_core.verb:set package 'stage_ros2' build argument 'catkin_skip_building_tests' from command line to 'False'
[0.299s] DEBUG:colcon.colcon_core.verb:Building package 'stage_ros2' with the following arguments: {'ament_cmake_args': None, 'build_base': '/home/kaisar/warehouse_robot/build/stage_ros2', 'catkin_cmake_args': None, 'catkin_skip_building_tests': False, 'cmake_args': None, 'cmake_clean_cache': False, 'cmake_clean_first': False, 'cmake_force_configure': False, 'cmake_target': None, 'cmake_target_skip_unavailable': False, 'install_base': '/home/kaisar/warehouse_robot/install/stage_ros2', 'merge_install': False, 'path': '/home/kaisar/warehouse_robot/robot/ws/src/stage_ros2', 'symlink_install': True, 'test_result_base': None}
[0.299s] INFO:colcon.colcon_core.executor:Executing jobs using 'parallel' executor
[0.300s] DEBUG:colcon.colcon_parallel_executor.executor.parallel:run_until_complete
[0.300s] INFO:colcon.colcon_ros.task.catkin.build:Building ROS package in '/home/kaisar/warehouse_robot/robot/ws/src/Stage' with build type 'catkin'
[0.300s] INFO:colcon.colcon_cmake.task.cmake.build:Building CMake package in '/home/kaisar/warehouse_robot/robot/ws/src/Stage'
[0.301s] INFO:colcon.colcon_core.plugin_system:Skipping extension 'colcon_core.shell.bat': Not used on non-Windows systems
[0.302s] INFO:colcon.colcon_core.shell:Skip shell extension 'powershell' for command environment: Not usable outside of PowerShell
[0.302s] DEBUG:colcon.colcon_core.shell:Skip shell extension 'dsv' for command environment
[0.306s] INFO:colcon.colcon_ros.task.ament_cmake.build:Building ROS package in '/home/kaisar/warehouse_robot/robot/ws/src/nav2' with build type 'ament_cmake'
[0.306s] INFO:colcon.colcon_cmake.task.cmake.build:Building CMake package in '/home/kaisar/warehouse_robot/robot/ws/src/nav2'
[0.306s] INFO:colcon.colcon_core.shell:Skip shell extension 'powershell' for command environment: Not usable outside of PowerShell
[0.307s] DEBUG:colcon.colcon_core.shell:Skip shell extension 'dsv' for command environment
[0.311s] INFO:colcon.colcon_ros.task.ament_cmake.build:Building ROS package in '/home/kaisar/warehouse_robot/robot/ws/src/robot_msgs' with build type 'ament_cmake'
[0.311s] INFO:colcon.colcon_cmake.task.cmake.build:Building CMake package in '/home/kaisar/warehouse_robot/robot/ws/src/robot_msgs'
[0.311s] INFO:colcon.colcon_core.shell:Skip shell extension 'powershell' for command environment: Not usable outside of PowerShell
[0.311s] DEBUG:colcon.colcon_core.shell:Skip shell extension 'dsv' for command environment
[0.315s] INFO:colcon.colcon_ros.task.ament_cmake.build:Building ROS package in '/home/kaisar/warehouse_robot/robot/ws/src/trp1_description' with build type 'ament_cmake'
[0.315s] INFO:colcon.colcon_cmake.task.cmake.build:Building CMake package in '/home/kaisar/warehouse_robot/robot/ws/src/trp1_description'
[0.316s] INFO:colcon.colcon_core.shell:Skip shell extension 'powershell' for command environment: Not usable outside of PowerShell
[0.316s] DEBUG:colcon.colcon_core.shell:Skip shell extension 'dsv' for command environment
[0.323s] DEBUG:colcon.colcon_core.event_handler.log_command:Invoking command in '/home/kaisar/warehouse_robot/build/stage': DEBUGINFOD_URLS=https://debuginfod.ubuntu.com /usr/bin/cmake /home/kaisar/warehouse_robot/robot/ws/src/Stage -DCATKIN_INSTALL_INTO_PREFIX_ROOT=0 -DCATKIN_SYMLINK_INSTALL=ON -DCMAKE_INSTALL_PREFIX=/home/kaisar/warehouse_robot/install/stage
[0.325s] DEBUG:colcon.colcon_core.event_handler.log_command:Invoking command in '/home/kaisar/warehouse_robot/build/nav2': CMAKE_PREFIX_PATH=/home/kaisar/warehouse_robot/robot/install/trp1_description:/home/kaisar/warehouse_robot/robot/install/stage_ros2:/opt/ros/jazzy:/home/kaisar/warehouse_robot/robot/install/stage:/home/kaisar/warehouse_robot/robot/install/robot_msgs:/home/kaisar/warehouse_robot/robot/install/nav2:/opt/ros/jazzy/opt/gz_sim_vendor:/opt/ros/jazzy/opt/gz_sensors_vendor:/opt/ros/jazzy/opt/gz_physics_vendor:/opt/ros/jazzy/opt/sdformat_vendor:/opt/ros/jazzy/opt/gz_gui_vendor:/opt/ros/jazzy/opt/gz_transport_vendor:/opt/ros/jazzy/opt/gz_rendering_vendor:/opt/ros/jazzy/opt/gz_plugin_vendor:/opt/ros/jazzy/opt/gz_fuel_tools_vendor:/opt/ros/jazzy/opt/gz_msgs_vendor:/opt/ros/jazzy/opt/gz_common_vendor:/opt/ros/jazzy/opt/gz_math_vendor:/opt/ros/jazzy/opt/gz_utils_vendor:/opt/ros/jazzy/opt/gz_tools_vendor:/opt/ros/jazzy/opt/gz_ogre_next_vendor:/opt/ros/jazzy/opt/gz_dartsim_vendor:/opt/ros/jazzy/opt/gz_cmake_vendor DEBUGINFOD_URLS=https://debuginfod.ubuntu.com /usr/bin/cmake /home/kaisar/warehouse_robot/robot/ws/src/nav2 -DAMENT_CMAKE_SYMLINK_INSTALL=1 -DCMAKE_INSTALL_PREFIX=/home/kaisar/warehouse_robot/install/nav2
[0.326s] DEBUG:colcon.colcon_core.event_handler.log_command:Invoking command in '/home/kaisar/warehouse_robot/build/robot_msgs': CMAKE_PREFIX_PATH=/home/kaisar/warehouse_robot/robot/install/trp1_description:/home/kaisar/warehouse_robot/robot/install/stage_ros2:/opt/ros/jazzy:/home/kaisar/warehouse_robot/robot/install/stage:/home/kaisar/warehouse_robot/robot/install/robot_msgs:/home/kaisar/warehouse_robot/robot/install/nav2:/opt/ros/jazzy/opt/gz_sim_vendor:/opt/ros/jazzy/opt/gz_sensors_vendor:/opt/ros/jazzy/opt/gz_physics_vendor:/opt/ros/jazzy/opt/sdformat_vendor:/opt/ros/jazzy/opt/gz_gui_vendor:/opt/ros/jazzy/opt/gz_transport_vendor:/opt/ros/jazzy/opt/gz_rendering_vendor:/opt/ros/jazzy/opt/gz_plugin_vendor:/opt/ros/jazzy/opt/gz_fuel_tools_vendor:/opt/ros/jazzy/opt/gz_msgs_vendor:/opt/ros/jazzy/opt/gz_common_vendor:/opt/ros/jazzy/opt/gz_math_vendor:/opt/ros/jazzy/opt/gz_utils_vendor:/opt/ros/jazzy/opt/gz_tools_vendor:/opt/ros/jazzy/opt/gz_ogre_next_vendor:/opt/ros/jazzy/opt/gz_dartsim_vendor:/opt/ros/jazzy/opt/gz_cmake_vendor DEBUGINFOD_URLS=https://debuginfod.ubuntu.com /usr/bin/cmake /home/kaisar/warehouse_robot/robot/ws/src/robot_msgs -DAMENT_CMAKE_SYMLINK_INSTALL=1 -DCMAKE_INSTALL_PREFIX=/home/kaisar/warehouse_robot/install/robot_msgs
[0.331s] DEBUG:colcon.colcon_core.event_handler.log_command:Invoking command in '/home/kaisar/warehouse_robot/build/trp1_description': CMAKE_PREFIX_PATH=/home/kaisar/warehouse_robot/robot/install/trp1_description:/home/kaisar/warehouse_robot/robot/install/stage_ros2:/opt/ros/jazzy:/home/kaisar/warehouse_robot/robot/install/stage:/home/kaisar/warehouse_robot/robot/install/robot_msgs:/home/kaisar/warehouse_robot/robot/install/nav2:/opt/ros/jazzy/opt/gz_sim_vendor:/opt/ros/jazzy/opt/gz_sensors_vendor:/opt/ros/jazzy/opt/gz_physics_vendor:/opt/ros/jazzy/opt/sdformat_vendor:/opt/ros/jazzy/opt/gz_gui_vendor:/opt/ros/jazzy/opt/gz_transport_vendor:/opt/ros/jazzy/opt/gz_rendering_vendor:/opt/ros/jazzy/opt/gz_plugin_vendor:/opt/ros/jazzy/opt/gz_fuel_tools_vendor:/opt/ros/jazzy/opt/gz_msgs_vendor:/opt/ros/jazzy/opt/gz_common_vendor:/opt/ros/jazzy/opt/gz_math_vendor:/opt/ros/jazzy/opt/gz_utils_vendor:/opt/ros/jazzy/opt/gz_tools_vendor:/opt/ros/jazzy/opt/gz_ogre_next_vendor:/opt/ros/jazzy/opt/gz_dartsim_vendor:/opt/ros/jazzy/opt/gz_cmake_vendor DEBUGINFOD_URLS=https://debuginfod.ubuntu.com /usr/bin/cmake /home/kaisar/warehouse_robot/robot/ws/src/trp1_description -DAMENT_CMAKE_SYMLINK_INSTALL=1 -DCMAKE_INSTALL_PREFIX=/home/kaisar/warehouse_robot/install/trp1_description
[1.213s] DEBUG:colcon.colcon_core.event_handler.log_command:Invoked command in '/home/kaisar/warehouse_robot/build/trp1_description' returned '0': CMAKE_PREFIX_PATH=/home/kaisar/warehouse_robot/robot/install/trp1_description:/home/kaisar/warehouse_robot/robot/install/stage_ros2:/opt/ros/jazzy:/home/kaisar/warehouse_robot/robot/install/stage:/home/kaisar/warehouse_robot/robot/install/robot_msgs:/home/kaisar/warehouse_robot/robot/install/nav2:/opt/ros/jazzy/opt/gz_sim_vendor:/opt/ros/jazzy/opt/gz_sensors_vendor:/opt/ros/jazzy/opt/gz_physics_vendor:/opt/ros/jazzy/opt/sdformat_vendor:/opt/ros/jazzy/opt/gz_gui_vendor:/opt/ros/jazzy/opt/gz_transport_vendor:/opt/ros/jazzy/opt/gz_rendering_vendor:/opt/ros/jazzy/opt/gz_plugin_vendor:/opt/ros/jazzy/opt/gz_fuel_tools_vendor:/opt/ros/jazzy/opt/gz_msgs_vendor:/opt/ros/jazzy/opt/gz_common_vendor:/opt/ros/jazzy/opt/gz_math_vendor:/opt/ros/jazzy/opt/gz_utils_vendor:/opt/ros/jazzy/opt/gz_tools_vendor:/opt/ros/jazzy/opt/gz_ogre_next_vendor:/opt/ros/jazzy/opt/gz_dartsim_vendor:/opt/ros/jazzy/opt/gz_cmake_vendor DEBUGINFOD_URLS=https://debuginfod.ubuntu.com /usr/bin/cmake /home/kaisar/warehouse_robot/robot/ws/src/trp1_description -DAMENT_CMAKE_SYMLINK_INSTALL=1 -DCMAKE_INSTALL_PREFIX=/home/kaisar/warehouse_robot/install/trp1_description
[1.214s] DEBUG:colcon.colcon_core.event_handler.log_command:Invoking command in '/home/kaisar/warehouse_robot/build/trp1_description': CMAKE_PREFIX_PATH=/home/kaisar/warehouse_robot/robot/install/trp1_description:/home/kaisar/warehouse_robot/robot/install/stage_ros2:/opt/ros/jazzy:/home/kaisar/warehouse_robot/robot/install/stage:/home/kaisar/warehouse_robot/robot/install/robot_msgs:/home/kaisar/warehouse_robot/robot/install/nav2:/opt/ros/jazzy/opt/gz_sim_vendor:/opt/ros/jazzy/opt/gz_sensors_vendor:/opt/ros/jazzy/opt/gz_physics_vendor:/opt/ros/jazzy/opt/sdformat_vendor:/opt/ros/jazzy/opt/gz_gui_vendor:/opt/ros/jazzy/opt/gz_transport_vendor:/opt/ros/jazzy/opt/gz_rendering_vendor:/opt/ros/jazzy/opt/gz_plugin_vendor:/opt/ros/jazzy/opt/gz_fuel_tools_vendor:/opt/ros/jazzy/opt/gz_msgs_vendor:/opt/ros/jazzy/opt/gz_common_vendor:/opt/ros/jazzy/opt/gz_math_vendor:/opt/ros/jazzy/opt/gz_utils_vendor:/opt/ros/jazzy/opt/gz_tools_vendor:/opt/ros/jazzy/opt/gz_ogre_next_vendor:/opt/ros/jazzy/opt/gz_dartsim_vendor:/opt/ros/jazzy/opt/gz_cmake_vendor DEBUGINFOD_URLS=https://debuginfod.ubuntu.com /usr/bin/cmake --build /home/kaisar/warehouse_robot/build/trp1_description -- -j12 -l12
[1.267s] DEBUG:colcon.colcon_core.event_handler.log_command:Invoked command in '/home/kaisar/warehouse_robot/build/trp1_description' returned '0': CMAKE_PREFIX_PATH=/home/kaisar/warehouse_robot/robot/install/trp1_description:/home/kaisar/warehouse_robot/robot/install/stage_ros2:/opt/ros/jazzy:/home/kaisar/warehouse_robot/robot/install/stage:/home/kaisar/warehouse_robot/robot/install/robot_msgs:/home/kaisar/warehouse_robot/robot/install/nav2:/opt/ros/jazzy/opt/gz_sim_vendor:/opt/ros/jazzy/opt/gz_sensors_vendor:/opt/ros/jazzy/opt/gz_physics_vendor:/opt/ros/jazzy/opt/sdformat_vendor:/opt/ros/jazzy/opt/gz_gui_vendor:/opt/ros/jazzy/opt/gz_transport_vendor:/opt/ros/jazzy/opt/gz_rendering_vendor:/opt/ros/jazzy/opt/gz_plugin_vendor:/opt/ros/jazzy/opt/gz_fuel_tools_vendor:/opt/ros/jazzy/opt/gz_msgs_vendor:/opt/ros/jazzy/opt/gz_common_vendor:/opt/ros/jazzy/opt/gz_math_vendor:/opt/ros/jazzy/opt/gz_utils_vendor:/opt/ros/jazzy/opt/gz_tools_vendor:/opt/ros/jazzy/opt/gz_ogre_next_vendor:/opt/ros/jazzy/opt/gz_dartsim_vendor:/opt/ros/jazzy/opt/gz_cmake_vendor DEBUGINFOD_URLS=https://debuginfod.ubuntu.com /usr/bin/cmake --build /home/kaisar/warehouse_robot/build/trp1_description -- -j12 -l12
[1.279s] DEBUG:colcon.colcon_core.event_handler.log_command:Invoking command in '/home/kaisar/warehouse_robot/build/trp1_description': CMAKE_PREFIX_PATH=/home/kaisar/warehouse_robot/robot/install/trp1_description:/home/kaisar/warehouse_robot/robot/install/stage_ros2:/opt/ros/jazzy:/home/kaisar/warehouse_robot/robot/install/stage:/home/kaisar/warehouse_robot/robot/install/robot_msgs:/home/kaisar/warehouse_robot/robot/install/nav2:/opt/ros/jazzy/opt/gz_sim_vendor:/opt/ros/jazzy/opt/gz_sensors_vendor:/opt/ros/jazzy/opt/gz_physics_vendor:/opt/ros/jazzy/opt/sdformat_vendor:/opt/ros/jazzy/opt/gz_gui_vendor:/opt/ros/jazzy/opt/gz_transport_vendor:/opt/ros/jazzy/opt/gz_rendering_vendor:/opt/ros/jazzy/opt/gz_plugin_vendor:/opt/ros/jazzy/opt/gz_fuel_tools_vendor:/opt/ros/jazzy/opt/gz_msgs_vendor:/opt/ros/jazzy/opt/gz_common_vendor:/opt/ros/jazzy/opt/gz_math_vendor:/opt/ros/jazzy/opt/gz_utils_vendor:/opt/ros/jazzy/opt/gz_tools_vendor:/opt/ros/jazzy/opt/gz_ogre_next_vendor:/opt/ros/jazzy/opt/gz_dartsim_vendor:/opt/ros/jazzy/opt/gz_cmake_vendor DEBUGINFOD_URLS=https://debuginfod.ubuntu.com /usr/bin/cmake --install /home/kaisar/warehouse_robot/build/trp1_description
[1.582s] Level 1:colcon.colcon_core.environment:create_environment_scripts_only(trp1_description)
[1.582s] DEBUG:colcon.colcon_core.event_handler.log_command:Invoked command in '/home/kaisar/warehouse_robot/build/trp1_description' returned '0': CMAKE_PREFIX_PATH=/home/kaisar/warehouse_robot/robot/install/trp1_description:/home/kaisar/warehouse_robot/robot/install/stage_ros2:/opt/ros/jazzy:/home/kaisar/warehouse_robot/robot/install/stage:/home/kaisar/warehouse_robot/robot/install/robot_msgs:/home/kaisar/warehouse_robot/robot/install/nav2:/opt/ros/jazzy/opt/gz_sim_vendor:/opt/ros/jazzy/opt/gz_sensors_vendor:/opt/ros/jazzy/opt/gz_physics_vendor:/opt/ros/jazzy/opt/sdformat_vendor:/opt/ros/jazzy/opt/gz_gui_vendor:/opt/ros/jazzy/opt/gz_transport_vendor:/opt/ros/jazzy/opt/gz_rendering_vendor:/opt/ros/jazzy/opt/gz_plugin_vendor:/opt/ros/jazzy/opt/gz_fuel_tools_vendor:/opt/ros/jazzy/opt/gz_msgs_vendor:/opt/ros/jazzy/opt/gz_common_vendor:/opt/ros/jazzy/opt/gz_math_vendor:/opt/ros/jazzy/opt/gz_utils_vendor:/opt/ros/jazzy/opt/gz_tools_vendor:/opt/ros/jazzy/opt/gz_ogre_next_vendor:/opt/ros/jazzy/opt/gz_dartsim_vendor:/opt/ros/jazzy/opt/gz_cmake_vendor DEBUGINFOD_URLS=https://debuginfod.ubuntu.com /usr/bin/cmake --install /home/kaisar/warehouse_robot/build/trp1_description
[1.584s] Level 1:colcon.colcon_core.environment:checking '/home/kaisar/warehouse_robot/install/trp1_description' for CMake module files
[1.585s] Level 1:colcon.colcon_core.environment:checking '/home/kaisar/warehouse_robot/install/trp1_description' for CMake config files
[1.585s] Level 1:colcon.colcon_core.shell:create_environment_hook('trp1_description', 'cmake_prefix_path')
[1.585s] INFO:colcon.colcon_core.shell:Creating environment hook '/home/kaisar/warehouse_robot/install/trp1_description/share/trp1_description/hook/cmake_prefix_path.ps1'
[1.586s] INFO:colcon.colcon_core.shell:Creating environment descriptor '/home/kaisar/warehouse_robot/install/trp1_description/share/trp1_description/hook/cmake_prefix_path.dsv'
[1.586s] INFO:colcon.colcon_core.shell:Creating environment hook '/home/kaisar/warehouse_robot/install/trp1_description/share/trp1_description/hook/cmake_prefix_path.sh'
[1.587s] Level 1:colcon.colcon_core.environment:checking '/home/kaisar/warehouse_robot/install/trp1_description/bin'
[1.587s] Level 1:colcon.colcon_core.environment:checking '/home/kaisar/warehouse_robot/install/trp1_description/lib/pkgconfig/trp1_description.pc'
[1.588s] Level 1:colcon.colcon_core.environment:checking '/home/kaisar/warehouse_robot/install/trp1_description/lib/python3.12/site-packages'
[1.588s] Level 1:colcon.colcon_core.environment:checking '/home/kaisar/warehouse_robot/install/trp1_description/bin'
[1.588s] INFO:colcon.colcon_core.shell:Creating package script '/home/kaisar/warehouse_robot/install/trp1_description/share/trp1_description/package.ps1'
[1.589s] INFO:colcon.colcon_core.shell:Creating package descriptor '/home/kaisar/warehouse_robot/install/trp1_description/share/trp1_description/package.dsv'
[1.590s] INFO:colcon.colcon_core.shell:Creating package script '/home/kaisar/warehouse_robot/install/trp1_description/share/trp1_description/package.sh'
[1.591s] INFO:colcon.colcon_core.shell:Creating package script '/home/kaisar/warehouse_robot/install/trp1_description/share/trp1_description/package.bash'
[1.591s] INFO:colcon.colcon_core.shell:Creating package script '/home/kaisar/warehouse_robot/install/trp1_description/share/trp1_description/package.zsh'
[1.592s] Level 1:colcon.colcon_core.environment:create_file_with_runtime_dependencies(/home/kaisar/warehouse_robot/install/trp1_description/share/colcon-core/packages/trp1_description)
[1.593s] Level 1:colcon.colcon_core.environment:create_environment_scripts_only(trp1_description)
[1.593s] Level 1:colcon.colcon_core.environment:checking '/home/kaisar/warehouse_robot/install/trp1_description' for CMake module files
[1.593s] Level 1:colcon.colcon_core.environment:checking '/home/kaisar/warehouse_robot/install/trp1_description' for CMake config files
[1.594s] Level 1:colcon.colcon_core.shell:create_environment_hook('trp1_description', 'cmake_prefix_path')
[1.594s] INFO:colcon.colcon_core.shell:Creating environment hook '/home/kaisar/warehouse_robot/install/trp1_description/share/trp1_description/hook/cmake_prefix_path.ps1'
[1.595s] INFO:colcon.colcon_core.shell:Creating environment descriptor '/home/kaisar/warehouse_robot/install/trp1_description/share/trp1_description/hook/cmake_prefix_path.dsv'
[1.595s] INFO:colcon.colcon_core.shell:Creating environment hook '/home/kaisar/warehouse_robot/install/trp1_description/share/trp1_description/hook/cmake_prefix_path.sh'
[1.596s] Level 1:colcon.colcon_core.environment:checking '/home/kaisar/warehouse_robot/install/trp1_description/bin'
[1.596s] Level 1:colcon.colcon_core.environment:checking '/home/kaisar/warehouse_robot/install/trp1_description/lib/pkgconfig/trp1_description.pc'
[1.596s] Level 1:colcon.colcon_core.environment:checking '/home/kaisar/warehouse_robot/install/trp1_description/lib/python3.12/site-packages'
[1.596s] Level 1:colcon.colcon_core.environment:checking '/home/kaisar/warehouse_robot/install/trp1_description/bin'
[1.597s] INFO:colcon.colcon_core.shell:Creating package script '/home/kaisar/warehouse_robot/install/trp1_description/share/trp1_description/package.ps1'
[1.597s] INFO:colcon.colcon_core.shell:Creating package descriptor '/home/kaisar/warehouse_robot/install/trp1_description/share/trp1_description/package.dsv'
[1.598s] INFO:colcon.colcon_core.shell:Creating package script '/home/kaisar/warehouse_robot/install/trp1_description/share/trp1_description/package.sh'
[1.599s] INFO:colcon.colcon_core.shell:Creating package script '/home/kaisar/warehouse_robot/install/trp1_description/share/trp1_description/package.bash'
[1.599s] INFO:colcon.colcon_core.shell:Creating package script '/home/kaisar/warehouse_robot/install/trp1_description/share/trp1_description/package.zsh'
[1.600s] Level 1:colcon.colcon_core.environment:create_file_with_runtime_dependencies(/home/kaisar/warehouse_robot/install/trp1_description/share/colcon-core/packages/trp1_description)
[1.739s] DEBUG:colcon.colcon_core.event_handler.log_command:Invoked command in '/home/kaisar/warehouse_robot/build/nav2' returned '0': CMAKE_PREFIX_PATH=/home/kaisar/warehouse_robot/robot/install/trp1_description:/home/kaisar/warehouse_robot/robot/install/stage_ros2:/opt/ros/jazzy:/home/kaisar/warehouse_robot/robot/install/stage:/home/kaisar/warehouse_robot/robot/install/robot_msgs:/home/kaisar/warehouse_robot/robot/install/nav2:/opt/ros/jazzy/opt/gz_sim_vendor:/opt/ros/jazzy/opt/gz_sensors_vendor:/opt/ros/jazzy/opt/gz_physics_vendor:/opt/ros/jazzy/opt/sdformat_vendor:/opt/ros/jazzy/opt/gz_gui_vendor:/opt/ros/jazzy/opt/gz_transport_vendor:/opt/ros/jazzy/opt/gz_rendering_vendor:/opt/ros/jazzy/opt/gz_plugin_vendor:/opt/ros/jazzy/opt/gz_fuel_tools_vendor:/opt/ros/jazzy/opt/gz_msgs_vendor:/opt/ros/jazzy/opt/gz_common_vendor:/opt/ros/jazzy/opt/gz_math_vendor:/opt/ros/jazzy/opt/gz_utils_vendor:/opt/ros/jazzy/opt/gz_tools_vendor:/opt/ros/jazzy/opt/gz_ogre_next_vendor:/opt/ros/jazzy/opt/gz_dartsim_vendor:/opt/ros/jazzy/opt/gz_cmake_vendor DEBUGINFOD_URLS=https://debuginfod.ubuntu.com /usr/bin/cmake /home/kaisar/warehouse_robot/robot/ws/src/nav2 -DAMENT_CMAKE_SYMLINK_INSTALL=1 -DCMAKE_INSTALL_PREFIX=/home/kaisar/warehouse_robot/install/nav2
[1.739s] DEBUG:colcon.colcon_core.event_handler.log_command:Invoking command in '/home/kaisar/warehouse_robot/build/nav2': CMAKE_PREFIX_PATH=/home/kaisar/warehouse_robot/robot/install/trp1_description:/home/kaisar/warehouse_robot/robot/install/stage_ros2:/opt/ros/jazzy:/home/kaisar/warehouse_robot/robot/install/stage:/home/kaisar/warehouse_robot/robot/install/robot_msgs:/home/kaisar/warehouse_robot/robot/install/nav2:/opt/ros/jazzy/opt/gz_sim_vendor:/opt/ros/jazzy/opt/gz_sensors_vendor:/opt/ros/jazzy/opt/gz_physics_vendor:/opt/ros/jazzy/opt/sdformat_vendor:/opt/ros/jazzy/opt/gz_gui_vendor:/opt/ros/jazzy/opt/gz_transport_vendor:/opt/ros/jazzy/opt/gz_rendering_vendor:/opt/ros/jazzy/opt/gz_plugin_vendor:/opt/ros/jazzy/opt/gz_fuel_tools_vendor:/opt/ros/jazzy/opt/gz_msgs_vendor:/opt/ros/jazzy/opt/gz_common_vendor:/opt/ros/jazzy/opt/gz_math_vendor:/opt/ros/jazzy/opt/gz_utils_vendor:/opt/ros/jazzy/opt/gz_tools_vendor:/opt/ros/jazzy/opt/gz_ogre_next_vendor:/opt/ros/jazzy/opt/gz_dartsim_vendor:/opt/ros/jazzy/opt/gz_cmake_vendor DEBUGINFOD_URLS=https://debuginfod.ubuntu.com /usr/bin/cmake --build /home/kaisar/warehouse_robot/build/nav2 -- -j12 -l12
[1.790s] DEBUG:colcon.colcon_core.event_handler.log_command:Invoked command in '/home/kaisar/warehouse_robot/build/nav2' returned '0': CMAKE_PREFIX_PATH=/home/kaisar/warehouse_robot/robot/install/trp1_description:/home/kaisar/warehouse_robot/robot/install/stage_ros2:/opt/ros/jazzy:/home/kaisar/warehouse_robot/robot/install/stage:/home/kaisar/warehouse_robot/robot/install/robot_msgs:/home/kaisar/warehouse_robot/robot/install/nav2:/opt/ros/jazzy/opt/gz_sim_vendor:/opt/ros/jazzy/opt/gz_sensors_vendor:/opt/ros/jazzy/opt/gz_physics_vendor:/opt/ros/jazzy/opt/sdformat_vendor:/opt/ros/jazzy/opt/gz_gui_vendor:/opt/ros/jazzy/opt/gz_transport_vendor:/opt/ros/jazzy/opt/gz_rendering_vendor:/opt/ros/jazzy/opt/gz_plugin_vendor:/opt/ros/jazzy/opt/gz_fuel_tools_vendor:/opt/ros/jazzy/opt/gz_msgs_vendor:/opt/ros/jazzy/opt/gz_common_vendor:/opt/ros/jazzy/opt/gz_math_vendor:/opt/ros/jazzy/opt/gz_utils_vendor:/opt/ros/jazzy/opt/gz_tools_vendor:/opt/ros/jazzy/opt/gz_ogre_next_vendor:/opt/ros/jazzy/opt/gz_dartsim_vendor:/opt/ros/jazzy/opt/gz_cmake_vendor DEBUGINFOD_URLS=https://debuginfod.ubuntu.com /usr/bin/cmake --build /home/kaisar/warehouse_robot/build/nav2 -- -j12 -l12
[1.792s] DEBUG:colcon.colcon_core.event_handler.log_command:Invoking command in '/home/kaisar/warehouse_robot/build/nav2': CMAKE_PREFIX_PATH=/home/kaisar/warehouse_robot/robot/install/trp1_description:/home/kaisar/warehouse_robot/robot/install/stage_ros2:/opt/ros/jazzy:/home/kaisar/warehouse_robot/robot/install/stage:/home/kaisar/warehouse_robot/robot/install/robot_msgs:/home/kaisar/warehouse_robot/robot/install/nav2:/opt/ros/jazzy/opt/gz_sim_vendor:/opt/ros/jazzy/opt/gz_sensors_vendor:/opt/ros/jazzy/opt/gz_physics_vendor:/opt/ros/jazzy/opt/sdformat_vendor:/opt/ros/jazzy/opt/gz_gui_vendor:/opt/ros/jazzy/opt/gz_transport_vendor:/opt/ros/jazzy/opt/gz_rendering_vendor:/opt/ros/jazzy/opt/gz_plugin_vendor:/opt/ros/jazzy/opt/gz_fuel_tools_vendor:/opt/ros/jazzy/opt/gz_msgs_vendor:/opt/ros/jazzy/opt/gz_common_vendor:/opt/ros/jazzy/opt/gz_math_vendor:/opt/ros/jazzy/opt/gz_utils_vendor:/opt/ros/jazzy/opt/gz_tools_vendor:/opt/ros/jazzy/opt/gz_ogre_next_vendor:/opt/ros/jazzy/opt/gz_dartsim_vendor:/opt/ros/jazzy/opt/gz_cmake_vendor DEBUGINFOD_URLS=https://debuginfod.ubuntu.com /usr/bin/cmake --install /home/kaisar/warehouse_robot/build/nav2
[1.928s] DEBUG:colcon.colcon_core.event_handler.log_command:Invoked command in '/home/kaisar/warehouse_robot/build/stage' returned '0': DEBUGINFOD_URLS=https://debuginfod.ubuntu.com /usr/bin/cmake /home/kaisar/warehouse_robot/robot/ws/src/Stage -DCATKIN_INSTALL_INTO_PREFIX_ROOT=0 -DCATKIN_SYMLINK_INSTALL=ON -DCMAKE_INSTALL_PREFIX=/home/kaisar/warehouse_robot/install/stage
[1.929s] DEBUG:colcon.colcon_core.event_handler.log_command:Invoking command in '/home/kaisar/warehouse_robot/build/stage': DEBUGINFOD_URLS=https://debuginfod.ubuntu.com /usr/bin/cmake --build /home/kaisar/warehouse_robot/build/stage -- -j12 -l12
[7.501s] DEBUG:colcon.colcon_core.event_handler.log_command:Invoked command in '/home/kaisar/warehouse_robot/build/robot_msgs' returned '0': CMAKE_PREFIX_PATH=/home/kaisar/warehouse_robot/robot/install/trp1_description:/home/kaisar/warehouse_robot/robot/install/stage_ros2:/opt/ros/jazzy:/home/kaisar/warehouse_robot/robot/install/stage:/home/kaisar/warehouse_robot/robot/install/robot_msgs:/home/kaisar/warehouse_robot/robot/install/nav2:/opt/ros/jazzy/opt/gz_sim_vendor:/opt/ros/jazzy/opt/gz_sensors_vendor:/opt/ros/jazzy/opt/gz_physics_vendor:/opt/ros/jazzy/opt/sdformat_vendor:/opt/ros/jazzy/opt/gz_gui_vendor:/opt/ros/jazzy/opt/gz_transport_vendor:/opt/ros/jazzy/opt/gz_rendering_vendor:/opt/ros/jazzy/opt/gz_plugin_vendor:/opt/ros/jazzy/opt/gz_fuel_tools_vendor:/opt/ros/jazzy/opt/gz_msgs_vendor:/opt/ros/jazzy/opt/gz_common_vendor:/opt/ros/jazzy/opt/gz_math_vendor:/opt/ros/jazzy/opt/gz_utils_vendor:/opt/ros/jazzy/opt/gz_tools_vendor:/opt/ros/jazzy/opt/gz_ogre_next_vendor:/opt/ros/jazzy/opt/gz_dartsim_vendor:/opt/ros/jazzy/opt/gz_cmake_vendor DEBUGINFOD_URLS=https://debuginfod.ubuntu.com /usr/bin/cmake /home/kaisar/warehouse_robot/robot/ws/src/robot_msgs -DAMENT_CMAKE_SYMLINK_INSTALL=1 -DCMAKE_INSTALL_PREFIX=/home/kaisar/warehouse_robot/install/robot_msgs
[7.503s] DEBUG:colcon.colcon_core.event_handler.log_command:Invoking command in '/home/kaisar/warehouse_robot/build/robot_msgs': CMAKE_PREFIX_PATH=/home/kaisar/warehouse_robot/robot/install/trp1_description:/home/kaisar/warehouse_robot/robot/install/stage_ros2:/opt/ros/jazzy:/home/kaisar/warehouse_robot/robot/install/stage:/home/kaisar/warehouse_robot/robot/install/robot_msgs:/home/kaisar/warehouse_robot/robot/install/nav2:/opt/ros/jazzy/opt/gz_sim_vendor:/opt/ros/jazzy/opt/gz_sensors_vendor:/opt/ros/jazzy/opt/gz_physics_vendor:/opt/ros/jazzy/opt/sdformat_vendor:/opt/ros/jazzy/opt/gz_gui_vendor:/opt/ros/jazzy/opt/gz_transport_vendor:/opt/ros/jazzy/opt/gz_rendering_vendor:/opt/ros/jazzy/opt/gz_plugin_vendor:/opt/ros/jazzy/opt/gz_fuel_tools_vendor:/opt/ros/jazzy/opt/gz_msgs_vendor:/opt/ros/jazzy/opt/gz_common_vendor:/opt/ros/jazzy/opt/gz_math_vendor:/opt/ros/jazzy/opt/gz_utils_vendor:/opt/ros/jazzy/opt/gz_tools_vendor:/opt/ros/jazzy/opt/gz_ogre_next_vendor:/opt/ros/jazzy/opt/gz_dartsim_vendor:/opt/ros/jazzy/opt/gz_cmake_vendor DEBUGINFOD_URLS=https://debuginfod.ubuntu.com /usr/bin/cmake --build /home/kaisar/warehouse_robot/build/robot_msgs -- -j12 -l12
[12.020s] DEBUG:colcon.colcon_core.event_handler.log_command:Invoked command in '/home/kaisar/warehouse_robot/build/stage' returned '0': DEBUGINFOD_URLS=https://debuginfod.ubuntu.com /usr/bin/cmake --build /home/kaisar/warehouse_robot/build/stage -- -j12 -l12
[12.022s] DEBUG:colcon.colcon_core.event_handler.log_command:Invoking command in '/home/kaisar/warehouse_robot/build/stage': DEBUGINFOD_URLS=https://debuginfod.ubuntu.com /usr/bin/cmake --install /home/kaisar/warehouse_robot/build/stage
[12.074s] DEBUG:colcon.colcon_core.event_handler.log_command:Invoked command in '/home/kaisar/warehouse_robot/build/stage' returned '0': DEBUGINFOD_URLS=https://debuginfod.ubuntu.com /usr/bin/cmake --install /home/kaisar/warehouse_robot/build/stage
[12.074s] Level 1:colcon.colcon_core.shell:create_environment_hook('stage', 'ros_package_path')
[12.074s] INFO:colcon.colcon_core.shell:Creating environment hook '/home/kaisar/warehouse_robot/install/stage/share/stage/hook/ros_package_path.ps1'
[12.075s] INFO:colcon.colcon_core.shell:Creating environment descriptor '/home/kaisar/warehouse_robot/install/stage/share/stage/hook/ros_package_path.dsv'
[12.076s] INFO:colcon.colcon_core.shell:Creating environment hook '/home/kaisar/warehouse_robot/install/stage/share/stage/hook/ros_package_path.sh'
[12.077s] Level 1:colcon.colcon_core.shell:create_environment_hook('stage', 'pkg_config_path')
[12.078s] INFO:colcon.colcon_core.shell:Creating environment hook '/home/kaisar/warehouse_robot/install/stage/share/stage/hook/pkg_config_path.ps1'
[12.078s] INFO:colcon.colcon_core.shell:Creating environment descriptor '/home/kaisar/warehouse_robot/install/stage/share/stage/hook/pkg_config_path.dsv'
[12.079s] INFO:colcon.colcon_core.shell:Creating environment hook '/home/kaisar/warehouse_robot/install/stage/share/stage/hook/pkg_config_path.sh'
[12.081s] Level 1:colcon.colcon_core.shell:create_environment_hook('stage', 'pkg_config_path_multiarch')
[12.081s] INFO:colcon.colcon_core.shell:Creating environment hook '/home/kaisar/warehouse_robot/install/stage/share/stage/hook/pkg_config_path_multiarch.ps1'
[12.082s] INFO:colcon.colcon_core.shell:Creating environment descriptor '/home/kaisar/warehouse_robot/install/stage/share/stage/hook/pkg_config_path_multiarch.dsv'
[12.082s] INFO:colcon.colcon_core.shell:Creating environment hook '/home/kaisar/warehouse_robot/install/stage/share/stage/hook/pkg_config_path_multiarch.sh'
[12.083s] Level 1:colcon.colcon_core.environment:create_environment_scripts_only(stage)
[12.083s] Level 1:colcon.colcon_core.environment:checking '/home/kaisar/warehouse_robot/install/stage' for CMake module files
[12.084s] Level 1:colcon.colcon_core.environment:checking '/home/kaisar/warehouse_robot/install/stage' for CMake config files
[12.084s] Level 1:colcon.colcon_core.shell:create_environment_hook('stage', 'cmake_prefix_path')
[12.084s] INFO:colcon.colcon_core.shell:Creating environment hook '/home/kaisar/warehouse_robot/install/stage/share/stage/hook/cmake_prefix_path.ps1'
[12.084s] INFO:colcon.colcon_core.shell:Creating environment descriptor '/home/kaisar/warehouse_robot/install/stage/share/stage/hook/cmake_prefix_path.dsv'
[12.084s] INFO:colcon.colcon_core.shell:Creating environment hook '/home/kaisar/warehouse_robot/install/stage/share/stage/hook/cmake_prefix_path.sh'
[12.085s] Level 1:colcon.colcon_core.environment:checking '/home/kaisar/warehouse_robot/install/stage/lib'
[12.085s] Level 1:colcon.colcon_core.shell:create_environment_hook('stage', 'ld_library_path_lib')
[12.085s] INFO:colcon.colcon_core.shell:Creating environment hook '/home/kaisar/warehouse_robot/install/stage/share/stage/hook/ld_library_path_lib.ps1'
[12.086s] INFO:colcon.colcon_core.shell:Creating environment descriptor '/home/kaisar/warehouse_robot/install/stage/share/stage/hook/ld_library_path_lib.dsv'
[12.086s] INFO:colcon.colcon_core.shell:Creating environment hook '/home/kaisar/warehouse_robot/install/stage/share/stage/hook/ld_library_path_lib.sh'
[12.087s] Level 1:colcon.colcon_core.environment:checking '/home/kaisar/warehouse_robot/install/stage/bin'
[12.087s] Level 1:colcon.colcon_core.shell:create_environment_hook('stage', 'path')
[12.087s] INFO:colcon.colcon_core.shell:Creating environment hook '/home/kaisar/warehouse_robot/install/stage/share/stage/hook/path.ps1'
[12.087s] INFO:colcon.colcon_core.shell:Creating environment descriptor '/home/kaisar/warehouse_robot/install/stage/share/stage/hook/path.dsv'
[12.087s] INFO:colcon.colcon_core.shell:Creating environment hook '/home/kaisar/warehouse_robot/install/stage/share/stage/hook/path.sh'
[12.088s] Level 1:colcon.colcon_core.environment:checking '/home/kaisar/warehouse_robot/install/stage/lib/pkgconfig/stage.pc'
[12.088s] Level 1:colcon.colcon_core.shell:create_environment_hook('stage', 'pkg_config')
[12.088s] INFO:colcon.colcon_core.shell:Creating environment hook '/home/kaisar/warehouse_robot/install/stage/share/stage/hook/pkg_config.ps1'
[12.088s] INFO:colcon.colcon_core.shell:Creating environment descriptor '/home/kaisar/warehouse_robot/install/stage/share/stage/hook/pkg_config.dsv'
[12.089s] INFO:colcon.colcon_core.shell:Creating environment hook '/home/kaisar/warehouse_robot/install/stage/share/stage/hook/pkg_config.sh'
[12.089s] Level 1:colcon.colcon_core.environment:checking '/home/kaisar/warehouse_robot/install/stage/lib/python3.12/site-packages'
[12.089s] Level 1:colcon.colcon_core.environment:checking '/home/kaisar/warehouse_robot/install/stage/bin'
[12.089s] Level 1:colcon.colcon_core.shell:create_environment_hook('stage', 'pythonscriptspath')
[12.090s] INFO:colcon.colcon_core.shell:Creating environment hook '/home/kaisar/warehouse_robot/install/stage/share/stage/hook/pythonscriptspath.ps1'
[12.090s] INFO:colcon.colcon_core.shell:Creating environment descriptor '/home/kaisar/warehouse_robot/install/stage/share/stage/hook/pythonscriptspath.dsv'
[12.090s] INFO:colcon.colcon_core.shell:Creating environment hook '/home/kaisar/warehouse_robot/install/stage/share/stage/hook/pythonscriptspath.sh'
[12.091s] INFO:colcon.colcon_core.shell:Creating package script '/home/kaisar/warehouse_robot/install/stage/share/stage/package.ps1'
[12.092s] INFO:colcon.colcon_core.shell:Creating package descriptor '/home/kaisar/warehouse_robot/install/stage/share/stage/package.dsv'
[12.092s] INFO:colcon.colcon_core.shell:Creating package script '/home/kaisar/warehouse_robot/install/stage/share/stage/package.sh'
[12.093s] INFO:colcon.colcon_core.shell:Creating package script '/home/kaisar/warehouse_robot/install/stage/share/stage/package.bash'
[12.093s] INFO:colcon.colcon_core.shell:Creating package script '/home/kaisar/warehouse_robot/install/stage/share/stage/package.zsh'
[12.093s] Level 1:colcon.colcon_core.environment:create_file_with_runtime_dependencies(/home/kaisar/warehouse_robot/install/stage/share/colcon-core/packages/stage)
[12.094s] INFO:colcon.colcon_ros.task.ament_cmake.build:Building ROS package in '/home/kaisar/warehouse_robot/robot/ws/src/stage_ros2' with build type 'ament_cmake'
[12.094s] INFO:colcon.colcon_cmake.task.cmake.build:Building CMake package in '/home/kaisar/warehouse_robot/robot/ws/src/stage_ros2'
[12.094s] INFO:colcon.colcon_core.shell:Skip shell extension 'powershell' for command environment: Not usable outside of PowerShell
[12.094s] DEBUG:colcon.colcon_core.shell:Skip shell extension 'dsv' for command environment
[12.107s] DEBUG:colcon.colcon_core.event_handler.log_command:Invoking command in '/home/kaisar/warehouse_robot/build/stage_ros2': CMAKE_PREFIX_PATH=/opt/ros/jazzy:/home/kaisar/warehouse_robot/install/stage:${CMAKE_PREFIX_PATH} DEBUGINFOD_URLS=https://debuginfod.ubuntu.com LD_LIBRARY_PATH=/home/kaisar/warehouse_robot/install/stage/lib:${LD_LIBRARY_PATH} PATH=/home/kaisar/warehouse_robot/install/stage/bin:${PATH} PKG_CONFIG_PATH=/home/kaisar/warehouse_robot/install/stage/lib/x86_64-linux-gnu/pkgconfig:/home/kaisar/warehouse_robot/install/stage/lib/pkgconfig:${PKG_CONFIG_PATH} ROS_PACKAGE_PATH=/home/kaisar/warehouse_robot/install/stage/share:${ROS_PACKAGE_PATH} /usr/bin/cmake /home/kaisar/warehouse_robot/robot/ws/src/stage_ros2 -DAMENT_CMAKE_SYMLINK_INSTALL=1 -DCMAKE_INSTALL_PREFIX=/home/kaisar/warehouse_robot/install/stage_ros2
[12.559s] DEBUG:colcon.colcon_core.event_handler.log_command:Invoked command in '/home/kaisar/warehouse_robot/build/robot_msgs' returned '0': CMAKE_PREFIX_PATH=/home/kaisar/warehouse_robot/robot/install/trp1_description:/home/kaisar/warehouse_robot/robot/install/stage_ros2:/opt/ros/jazzy:/home/kaisar/warehouse_robot/robot/install/stage:/home/kaisar/warehouse_robot/robot/install/robot_msgs:/home/kaisar/warehouse_robot/robot/install/nav2:/opt/ros/jazzy/opt/gz_sim_vendor:/opt/ros/jazzy/opt/gz_sensors_vendor:/opt/ros/jazzy/opt/gz_physics_vendor:/opt/ros/jazzy/opt/sdformat_vendor:/opt/ros/jazzy/opt/gz_gui_vendor:/opt/ros/jazzy/opt/gz_transport_vendor:/opt/ros/jazzy/opt/gz_rendering_vendor:/opt/ros/jazzy/opt/gz_plugin_vendor:/opt/ros/jazzy/opt/gz_fuel_tools_vendor:/opt/ros/jazzy/opt/gz_msgs_vendor:/opt/ros/jazzy/opt/gz_common_vendor:/opt/ros/jazzy/opt/gz_math_vendor:/opt/ros/jazzy/opt/gz_utils_vendor:/opt/ros/jazzy/opt/gz_tools_vendor:/opt/ros/jazzy/opt/gz_ogre_next_vendor:/opt/ros/jazzy/opt/gz_dartsim_vendor:/opt/ros/jazzy/opt/gz_cmake_vendor DEBUGINFOD_URLS=https://debuginfod.ubuntu.com /usr/bin/cmake --build /home/kaisar/warehouse_robot/build/robot_msgs -- -j12 -l12
[12.560s] DEBUG:colcon.colcon_core.event_handler.log_command:Invoking command in '/home/kaisar/warehouse_robot/build/robot_msgs': CMAKE_PREFIX_PATH=/home/kaisar/warehouse_robot/robot/install/trp1_description:/home/kaisar/warehouse_robot/robot/install/stage_ros2:/opt/ros/jazzy:/home/kaisar/warehouse_robot/robot/install/stage:/home/kaisar/warehouse_robot/robot/install/robot_msgs:/home/kaisar/warehouse_robot/robot/install/nav2:/opt/ros/jazzy/opt/gz_sim_vendor:/opt/ros/jazzy/opt/gz_sensors_vendor:/opt/ros/jazzy/opt/gz_physics_vendor:/opt/ros/jazzy/opt/sdformat_vendor:/opt/ros/jazzy/opt/gz_gui_vendor:/opt/ros/jazzy/opt/gz_transport_vendor:/opt/ros/jazzy/opt/gz_rendering_vendor:/opt/ros/jazzy/opt/gz_plugin_vendor:/opt/ros/jazzy/opt/gz_fuel_tools_vendor:/opt/ros/jazzy/opt/gz_msgs_vendor:/opt/ros/jazzy/opt/gz_common_vendor:/opt/ros/jazzy/opt/gz_math_vendor:/opt/ros/jazzy/opt/gz_utils_vendor:/opt/ros/jazzy/opt/gz_tools_vendor:/opt/ros/jazzy/opt/gz_ogre_next_vendor:/opt/ros/jazzy/opt/gz_dartsim_vendor:/opt/ros/jazzy/opt/gz_cmake_vendor DEBUGINFOD_URLS=https://debuginfod.ubuntu.com /usr/bin/cmake --install /home/kaisar/warehouse_robot/build/robot_msgs
[13.654s] Level 1:colcon.colcon_core.environment:create_environment_scripts_only(robot_msgs)
[13.654s] Level 1:colcon.colcon_core.environment:checking '/home/kaisar/warehouse_robot/install/robot_msgs' for CMake module files
[13.655s] DEBUG:colcon.colcon_core.event_handler.log_command:Invoked command in '/home/kaisar/warehouse_robot/build/robot_msgs' returned '0': CMAKE_PREFIX_PATH=/home/kaisar/warehouse_robot/robot/install/trp1_description:/home/kaisar/warehouse_robot/robot/install/stage_ros2:/opt/ros/jazzy:/home/kaisar/warehouse_robot/robot/install/stage:/home/kaisar/warehouse_robot/robot/install/robot_msgs:/home/kaisar/warehouse_robot/robot/install/nav2:/opt/ros/jazzy/opt/gz_sim_vendor:/opt/ros/jazzy/opt/gz_sensors_vendor:/opt/ros/jazzy/opt/gz_physics_vendor:/opt/ros/jazzy/opt/sdformat_vendor:/opt/ros/jazzy/opt/gz_gui_vendor:/opt/ros/jazzy/opt/gz_transport_vendor:/opt/ros/jazzy/opt/gz_rendering_vendor:/opt/ros/jazzy/opt/gz_plugin_vendor:/opt/ros/jazzy/opt/gz_fuel_tools_vendor:/opt/ros/jazzy/opt/gz_msgs_vendor:/opt/ros/jazzy/opt/gz_common_vendor:/opt/ros/jazzy/opt/gz_math_vendor:/opt/ros/jazzy/opt/gz_utils_vendor:/opt/ros/jazzy/opt/gz_tools_vendor:/opt/ros/jazzy/opt/gz_ogre_next_vendor:/opt/ros/jazzy/opt/gz_dartsim_vendor:/opt/ros/jazzy/opt/gz_cmake_vendor DEBUGINFOD_URLS=https://debuginfod.ubuntu.com /usr/bin/cmake --install /home/kaisar/warehouse_robot/build/robot_msgs
[13.655s] Level 1:colcon.colcon_core.environment:checking '/home/kaisar/warehouse_robot/install/robot_msgs' for CMake config files
[13.656s] Level 1:colcon.colcon_core.shell:create_environment_hook('robot_msgs', 'cmake_prefix_path')
[13.657s] INFO:colcon.colcon_core.shell:Creating environment hook '/home/kaisar/warehouse_robot/install/robot_msgs/share/robot_msgs/hook/cmake_prefix_path.ps1'
[13.657s] INFO:colcon.colcon_core.shell:Creating environment descriptor '/home/kaisar/warehouse_robot/install/robot_msgs/share/robot_msgs/hook/cmake_prefix_path.dsv'
[13.657s] INFO:colcon.colcon_core.shell:Creating environment hook '/home/kaisar/warehouse_robot/install/robot_msgs/share/robot_msgs/hook/cmake_prefix_path.sh'
[13.658s] Level 1:colcon.colcon_core.environment:checking '/home/kaisar/warehouse_robot/install/robot_msgs/lib'
[13.658s] Level 1:colcon.colcon_core.shell:create_environment_hook('robot_msgs', 'ld_library_path_lib')
[13.658s] INFO:colcon.colcon_core.shell:Creating environment hook '/home/kaisar/warehouse_robot/install/robot_msgs/share/robot_msgs/hook/ld_library_path_lib.ps1'
[13.659s] INFO:colcon.colcon_core.shell:Creating environment descriptor '/home/kaisar/warehouse_robot/install/robot_msgs/share/robot_msgs/hook/ld_library_path_lib.dsv'
[13.659s] INFO:colcon.colcon_core.shell:Creating environment hook '/home/kaisar/warehouse_robot/install/robot_msgs/share/robot_msgs/hook/ld_library_path_lib.sh'
[13.660s] Level 1:colcon.colcon_core.environment:checking '/home/kaisar/warehouse_robot/install/robot_msgs/bin'
[13.660s] Level 1:colcon.colcon_core.environment:checking '/home/kaisar/warehouse_robot/install/robot_msgs/lib/pkgconfig/robot_msgs.pc'
[13.660s] Level 1:colcon.colcon_core.environment:checking '/home/kaisar/warehouse_robot/install/robot_msgs/lib/python3.12/site-packages'
[13.660s] Level 1:colcon.colcon_core.shell:create_environment_hook('robot_msgs', 'pythonpath')
[13.660s] INFO:colcon.colcon_core.shell:Creating environment hook '/home/kaisar/warehouse_robot/install/robot_msgs/share/robot_msgs/hook/pythonpath.ps1'
[13.661s] INFO:colcon.colcon_core.shell:Creating environment descriptor '/home/kaisar/warehouse_robot/install/robot_msgs/share/robot_msgs/hook/pythonpath.dsv'
[13.661s] INFO:colcon.colcon_core.shell:Creating environment hook '/home/kaisar/warehouse_robot/install/robot_msgs/share/robot_msgs/hook/pythonpath.sh'
[13.662s] Level 1:colcon.colcon_core.environment:checking '/home/kaisar/warehouse_robot/install/robot_msgs/bin'
[13.662s] INFO:colcon.colcon_core.shell:Creating package script '/home/kaisar/warehouse_robot/install/robot_msgs/share/robot_msgs/package.ps1'
[13.663s] INFO:colcon.colcon_core.shell:Creating package descriptor '/home/kaisar/warehouse_robot/install/robot_msgs/share/robot_msgs/package.dsv'
[13.664s] INFO:colcon.colcon_core.shell:Creating package script '/home/kaisar/warehouse_robot/install/robot_msgs/share/robot_msgs/package.sh'
[13.665s] INFO:colcon.colcon_core.shell:Creating package script '/home/kaisar/warehouse_robot/install/robot_msgs/share/robot_msgs/package.bash'
[13.665s] INFO:colcon.colcon_core.shell:Creating package script '/home/kaisar/warehouse_robot/install/robot_msgs/share/robot_msgs/package.zsh'
[13.665s] Level 1:colcon.colcon_core.environment:create_file_with_runtime_dependencies(/home/kaisar/warehouse_robot/install/robot_msgs/share/colcon-core/packages/robot_msgs)
[13.666s] Level 1:colcon.colcon_core.environment:create_environment_scripts_only(robot_msgs)
[13.666s] Level 1:colcon.colcon_core.environment:checking '/home/kaisar/warehouse_robot/install/robot_msgs' for CMake module files
[13.667s] Level 1:colcon.colcon_core.environment:checking '/home/kaisar/warehouse_robot/install/robot_msgs' for CMake config files
[13.668s] Level 1:colcon.colcon_core.shell:create_environment_hook('robot_msgs', 'cmake_prefix_path')
[13.668s] INFO:colcon.colcon_core.shell:Creating environment hook '/home/kaisar/warehouse_robot/install/robot_msgs/share/robot_msgs/hook/cmake_prefix_path.ps1'
[13.669s] INFO:colcon.colcon_core.shell:Creating environment descriptor '/home/kaisar/warehouse_robot/install/robot_msgs/share/robot_msgs/hook/cmake_prefix_path.dsv'
[13.669s] INFO:colcon.colcon_core.shell:Creating environment hook '/home/kaisar/warehouse_robot/install/robot_msgs/share/robot_msgs/hook/cmake_prefix_path.sh'
[13.670s] Level 1:colcon.colcon_core.environment:checking '/home/kaisar/warehouse_robot/install/robot_msgs/lib'
[13.670s] Level 1:colcon.colcon_core.shell:create_environment_hook('robot_msgs', 'ld_library_path_lib')
[13.670s] INFO:colcon.colcon_core.shell:Creating environment hook '/home/kaisar/warehouse_robot/install/robot_msgs/share/robot_msgs/hook/ld_library_path_lib.ps1'
[13.671s] INFO:colcon.colcon_core.shell:Creating environment descriptor '/home/kaisar/warehouse_robot/install/robot_msgs/share/robot_msgs/hook/ld_library_path_lib.dsv'
[13.671s] INFO:colcon.colcon_core.shell:Creating environment hook '/home/kaisar/warehouse_robot/install/robot_msgs/share/robot_msgs/hook/ld_library_path_lib.sh'
[13.672s] Level 1:colcon.colcon_core.environment:checking '/home/kaisar/warehouse_robot/install/robot_msgs/bin'
[13.672s] Level 1:colcon.colcon_core.environment:checking '/home/kaisar/warehouse_robot/install/robot_msgs/lib/pkgconfig/robot_msgs.pc'
[13.672s] Level 1:colcon.colcon_core.environment:checking '/home/kaisar/warehouse_robot/install/robot_msgs/lib/python3.12/site-packages'
[13.672s] Level 1:colcon.colcon_core.shell:create_environment_hook('robot_msgs', 'pythonpath')
[13.672s] INFO:colcon.colcon_core.shell:Creating environment hook '/home/kaisar/warehouse_robot/install/robot_msgs/share/robot_msgs/hook/pythonpath.ps1'
[13.673s] INFO:colcon.colcon_core.shell:Creating environment descriptor '/home/kaisar/warehouse_robot/install/robot_msgs/share/robot_msgs/hook/pythonpath.dsv'
[13.673s] INFO:colcon.colcon_core.shell:Creating environment hook '/home/kaisar/warehouse_robot/install/robot_msgs/share/robot_msgs/hook/pythonpath.sh'
[13.674s] Level 1:colcon.colcon_core.environment:checking '/home/kaisar/warehouse_robot/install/robot_msgs/bin'
[13.674s] INFO:colcon.colcon_core.shell:Creating package script '/home/kaisar/warehouse_robot/install/robot_msgs/share/robot_msgs/package.ps1'
[13.675s] INFO:colcon.colcon_core.shell:Creating package descriptor '/home/kaisar/warehouse_robot/install/robot_msgs/share/robot_msgs/package.dsv'
[13.676s] INFO:colcon.colcon_core.shell:Creating package script '/home/kaisar/warehouse_robot/install/robot_msgs/share/robot_msgs/package.sh'
[13.677s] INFO:colcon.colcon_core.shell:Creating package script '/home/kaisar/warehouse_robot/install/robot_msgs/share/robot_msgs/package.bash'
[13.678s] INFO:colcon.colcon_core.shell:Creating package script '/home/kaisar/warehouse_robot/install/robot_msgs/share/robot_msgs/package.zsh'
[13.678s] Level 1:colcon.colcon_core.environment:create_file_with_runtime_dependencies(/home/kaisar/warehouse_robot/install/robot_msgs/share/colcon-core/packages/robot_msgs)
[13.793s] DEBUG:colcon.colcon_core.event_handler.log_command:Invoked command in '/home/kaisar/warehouse_robot/build/stage_ros2' returned '0': CMAKE_PREFIX_PATH=/opt/ros/jazzy:/home/kaisar/warehouse_robot/install/stage:${CMAKE_PREFIX_PATH} DEBUGINFOD_URLS=https://debuginfod.ubuntu.com LD_LIBRARY_PATH=/home/kaisar/warehouse_robot/install/stage/lib:${LD_LIBRARY_PATH} PATH=/home/kaisar/warehouse_robot/install/stage/bin:${PATH} PKG_CONFIG_PATH=/home/kaisar/warehouse_robot/install/stage/lib/x86_64-linux-gnu/pkgconfig:/home/kaisar/warehouse_robot/install/stage/lib/pkgconfig:${PKG_CONFIG_PATH} ROS_PACKAGE_PATH=/home/kaisar/warehouse_robot/install/stage/share:${ROS_PACKAGE_PATH} /usr/bin/cmake /home/kaisar/warehouse_robot/robot/ws/src/stage_ros2 -DAMENT_CMAKE_SYMLINK_INSTALL=1 -DCMAKE_INSTALL_PREFIX=/home/kaisar/warehouse_robot/install/stage_ros2
[13.794s] DEBUG:colcon.colcon_core.event_handler.log_command:Invoking command in '/home/kaisar/warehouse_robot/build/stage_ros2': CMAKE_PREFIX_PATH=/opt/ros/jazzy:/home/kaisar/warehouse_robot/install/stage:${CMAKE_PREFIX_PATH} DEBUGINFOD_URLS=https://debuginfod.ubuntu.com LD_LIBRARY_PATH=/home/kaisar/warehouse_robot/install/stage/lib:${LD_LIBRARY_PATH} PATH=/home/kaisar/warehouse_robot/install/stage/bin:${PATH} PKG_CONFIG_PATH=/home/kaisar/warehouse_robot/install/stage/lib/x86_64-linux-gnu/pkgconfig:/home/kaisar/warehouse_robot/install/stage/lib/pkgconfig:${PKG_CONFIG_PATH} ROS_PACKAGE_PATH=/home/kaisar/warehouse_robot/install/stage/share:${ROS_PACKAGE_PATH} /usr/bin/cmake --build /home/kaisar/warehouse_robot/build/stage_ros2 -- -j12 -l12
[14.690s] Level 1:colcon.colcon_core.environment:create_environment_scripts_only(nav2)
[14.690s] Level 1:colcon.colcon_core.environment:checking '/home/kaisar/warehouse_robot/install/nav2' for CMake module files
[14.691s] DEBUG:colcon.colcon_core.event_handler.log_command:Invoked command in '/home/kaisar/warehouse_robot/build/nav2' returned '0': CMAKE_PREFIX_PATH=/home/kaisar/warehouse_robot/robot/install/trp1_description:/home/kaisar/warehouse_robot/robot/install/stage_ros2:/opt/ros/jazzy:/home/kaisar/warehouse_robot/robot/install/stage:/home/kaisar/warehouse_robot/robot/install/robot_msgs:/home/kaisar/warehouse_robot/robot/install/nav2:/opt/ros/jazzy/opt/gz_sim_vendor:/opt/ros/jazzy/opt/gz_sensors_vendor:/opt/ros/jazzy/opt/gz_physics_vendor:/opt/ros/jazzy/opt/sdformat_vendor:/opt/ros/jazzy/opt/gz_gui_vendor:/opt/ros/jazzy/opt/gz_transport_vendor:/opt/ros/jazzy/opt/gz_rendering_vendor:/opt/ros/jazzy/opt/gz_plugin_vendor:/opt/ros/jazzy/opt/gz_fuel_tools_vendor:/opt/ros/jazzy/opt/gz_msgs_vendor:/opt/ros/jazzy/opt/gz_common_vendor:/opt/ros/jazzy/opt/gz_math_vendor:/opt/ros/jazzy/opt/gz_utils_vendor:/opt/ros/jazzy/opt/gz_tools_vendor:/opt/ros/jazzy/opt/gz_ogre_next_vendor:/opt/ros/jazzy/opt/gz_dartsim_vendor:/opt/ros/jazzy/opt/gz_cmake_vendor DEBUGINFOD_URLS=https://debuginfod.ubuntu.com /usr/bin/cmake --install /home/kaisar/warehouse_robot/build/nav2
[14.692s] Level 1:colcon.colcon_core.environment:checking '/home/kaisar/warehouse_robot/install/nav2' for CMake config files
[14.706s] Level 1:colcon.colcon_core.shell:create_environment_hook('nav2', 'cmake_prefix_path')
[14.706s] INFO:colcon.colcon_core.shell:Creating environment hook '/home/kaisar/warehouse_robot/install/nav2/share/nav2/hook/cmake_prefix_path.ps1'
[14.707s] INFO:colcon.colcon_core.shell:Creating environment descriptor '/home/kaisar/warehouse_robot/install/nav2/share/nav2/hook/cmake_prefix_path.dsv'
[14.707s] INFO:colcon.colcon_core.shell:Creating environment hook '/home/kaisar/warehouse_robot/install/nav2/share/nav2/hook/cmake_prefix_path.sh'
[14.708s] Level 1:colcon.colcon_core.environment:checking '/home/kaisar/warehouse_robot/install/nav2/bin'
[14.708s] Level 1:colcon.colcon_core.environment:checking '/home/kaisar/warehouse_robot/install/nav2/lib/pkgconfig/nav2.pc'
[14.708s] Level 1:colcon.colcon_core.environment:checking '/home/kaisar/warehouse_robot/install/nav2/lib/python3.12/site-packages'
[14.709s] Level 1:colcon.colcon_core.environment:checking '/home/kaisar/warehouse_robot/install/nav2/bin'
[14.709s] INFO:colcon.colcon_core.shell:Creating package script '/home/kaisar/warehouse_robot/install/nav2/share/nav2/package.ps1'
[14.710s] INFO:colcon.colcon_core.shell:Creating package descriptor '/home/kaisar/warehouse_robot/install/nav2/share/nav2/package.dsv'
[14.710s] INFO:colcon.colcon_core.shell:Creating package script '/home/kaisar/warehouse_robot/install/nav2/share/nav2/package.sh'
[14.711s] INFO:colcon.colcon_core.shell:Creating package script '/home/kaisar/warehouse_robot/install/nav2/share/nav2/package.bash'
[14.711s] INFO:colcon.colcon_core.shell:Creating package script '/home/kaisar/warehouse_robot/install/nav2/share/nav2/package.zsh'
[14.711s] Level 1:colcon.colcon_core.environment:create_file_with_runtime_dependencies(/home/kaisar/warehouse_robot/install/nav2/share/colcon-core/packages/nav2)
[14.712s] Level 1:colcon.colcon_core.environment:create_environment_scripts_only(nav2)
[14.712s] Level 1:colcon.colcon_core.environment:checking '/home/kaisar/warehouse_robot/install/nav2' for CMake module files
[14.713s] Level 1:colcon.colcon_core.environment:checking '/home/kaisar/warehouse_robot/install/nav2' for CMake config files
[14.722s] Level 1:colcon.colcon_core.shell:create_environment_hook('nav2', 'cmake_prefix_path')
[14.723s] INFO:colcon.colcon_core.shell:Creating environment hook '/home/kaisar/warehouse_robot/install/nav2/share/nav2/hook/cmake_prefix_path.ps1'
[14.723s] INFO:colcon.colcon_core.shell:Creating environment descriptor '/home/kaisar/warehouse_robot/install/nav2/share/nav2/hook/cmake_prefix_path.dsv'
[14.723s] INFO:colcon.colcon_core.shell:Creating environment hook '/home/kaisar/warehouse_robot/install/nav2/share/nav2/hook/cmake_prefix_path.sh'
[14.724s] Level 1:colcon.colcon_core.environment:checking '/home/kaisar/warehouse_robot/install/nav2/bin'
[14.724s] Level 1:colcon.colcon_core.environment:checking '/home/kaisar/warehouse_robot/install/nav2/lib/pkgconfig/nav2.pc'
[14.724s] Level 1:colcon.colcon_core.environment:checking '/home/kaisar/warehouse_robot/install/nav2/lib/python3.12/site-packages'
[14.725s] Level 1:colcon.colcon_core.environment:checking '/home/kaisar/warehouse_robot/install/nav2/bin'
[14.725s] INFO:colcon.colcon_core.shell:Creating package script '/home/kaisar/warehouse_robot/install/nav2/share/nav2/package.ps1'
[14.726s] INFO:colcon.colcon_core.shell:Creating package descriptor '/home/kaisar/warehouse_robot/install/nav2/share/nav2/package.dsv'
[14.726s] INFO:colcon.colcon_core.shell:Creating package script '/home/kaisar/warehouse_robot/install/nav2/share/nav2/package.sh'
[14.727s] INFO:colcon.colcon_core.shell:Creating package script '/home/kaisar/warehouse_robot/install/nav2/share/nav2/package.bash'
[14.727s] INFO:colcon.colcon_core.shell:Creating package script '/home/kaisar/warehouse_robot/install/nav2/share/nav2/package.zsh'
[14.728s] Level 1:colcon.colcon_core.environment:create_file_with_runtime_dependencies(/home/kaisar/warehouse_robot/install/nav2/share/colcon-core/packages/nav2)
[33.109s] DEBUG:colcon.colcon_core.event_handler.log_command:Invoked command in '/home/kaisar/warehouse_robot/build/stage_ros2' returned '0': CMAKE_PREFIX_PATH=/opt/ros/jazzy:/home/kaisar/warehouse_robot/install/stage:${CMAKE_PREFIX_PATH} DEBUGINFOD_URLS=https://debuginfod.ubuntu.com LD_LIBRARY_PATH=/home/kaisar/warehouse_robot/install/stage/lib:${LD_LIBRARY_PATH} PATH=/home/kaisar/warehouse_robot/install/stage/bin:${PATH} PKG_CONFIG_PATH=/home/kaisar/warehouse_robot/install/stage/lib/x86_64-linux-gnu/pkgconfig:/home/kaisar/warehouse_robot/install/stage/lib/pkgconfig:${PKG_CONFIG_PATH} ROS_PACKAGE_PATH=/home/kaisar/warehouse_robot/install/stage/share:${ROS_PACKAGE_PATH} /usr/bin/cmake --build /home/kaisar/warehouse_robot/build/stage_ros2 -- -j12 -l12
[33.110s] DEBUG:colcon.colcon_core.event_handler.log_command:Invoking command in '/home/kaisar/warehouse_robot/build/stage_ros2': CMAKE_PREFIX_PATH=/opt/ros/jazzy:/home/kaisar/warehouse_robot/install/stage:${CMAKE_PREFIX_PATH} DEBUGINFOD_URLS=https://debuginfod.ubuntu.com LD_LIBRARY_PATH=/home/kaisar/warehouse_robot/install/stage/lib:${LD_LIBRARY_PATH} PATH=/home/kaisar/warehouse_robot/install/stage/bin:${PATH} PKG_CONFIG_PATH=/home/kaisar/warehouse_robot/install/stage/lib/x86_64-linux-gnu/pkgconfig:/home/kaisar/warehouse_robot/install/stage/lib/pkgconfig:${PKG_CONFIG_PATH} ROS_PACKAGE_PATH=/home/kaisar/warehouse_robot/install/stage/share:${ROS_PACKAGE_PATH} /usr/bin/cmake --install /home/kaisar/warehouse_robot/build/stage_ros2
[33.817s] Level 1:colcon.colcon_core.environment:create_environment_scripts_only(stage_ros2)
[33.818s] Level 1:colcon.colcon_core.environment:checking '/home/kaisar/warehouse_robot/install/stage_ros2' for CMake module files
[33.818s] DEBUG:colcon.colcon_core.event_handler.log_command:Invoked command in '/home/kaisar/warehouse_robot/build/stage_ros2' returned '0': CMAKE_PREFIX_PATH=/opt/ros/jazzy:/home/kaisar/warehouse_robot/install/stage:${CMAKE_PREFIX_PATH} DEBUGINFOD_URLS=https://debuginfod.ubuntu.com LD_LIBRARY_PATH=/home/kaisar/warehouse_robot/install/stage/lib:${LD_LIBRARY_PATH} PATH=/home/kaisar/warehouse_robot/install/stage/bin:${PATH} PKG_CONFIG_PATH=/home/kaisar/warehouse_robot/install/stage/lib/x86_64-linux-gnu/pkgconfig:/home/kaisar/warehouse_robot/install/stage/lib/pkgconfig:${PKG_CONFIG_PATH} ROS_PACKAGE_PATH=/home/kaisar/warehouse_robot/install/stage/share:${ROS_PACKAGE_PATH} /usr/bin/cmake --install /home/kaisar/warehouse_robot/build/stage_ros2
[33.819s] Level 1:colcon.colcon_core.environment:checking '/home/kaisar/warehouse_robot/install/stage_ros2' for CMake config files
[33.819s] Level 1:colcon.colcon_core.shell:create_environment_hook('stage_ros2', 'cmake_prefix_path')
[33.820s] INFO:colcon.colcon_core.shell:Creating environment hook '/home/kaisar/warehouse_robot/install/stage_ros2/share/stage_ros2/hook/cmake_prefix_path.ps1'
[33.820s] INFO:colcon.colcon_core.shell:Creating environment descriptor '/home/kaisar/warehouse_robot/install/stage_ros2/share/stage_ros2/hook/cmake_prefix_path.dsv'
[33.821s] INFO:colcon.colcon_core.shell:Creating environment hook '/home/kaisar/warehouse_robot/install/stage_ros2/share/stage_ros2/hook/cmake_prefix_path.sh'
[33.821s] Level 1:colcon.colcon_core.environment:checking '/home/kaisar/warehouse_robot/install/stage_ros2/lib'
[33.821s] Level 1:colcon.colcon_core.shell:create_environment_hook('stage_ros2', 'ld_library_path_lib')
[33.822s] INFO:colcon.colcon_core.shell:Creating environment hook '/home/kaisar/warehouse_robot/install/stage_ros2/share/stage_ros2/hook/ld_library_path_lib.ps1'
[33.822s] INFO:colcon.colcon_core.shell:Creating environment descriptor '/home/kaisar/warehouse_robot/install/stage_ros2/share/stage_ros2/hook/ld_library_path_lib.dsv'
[33.822s] INFO:colcon.colcon_core.shell:Creating environment hook '/home/kaisar/warehouse_robot/install/stage_ros2/share/stage_ros2/hook/ld_library_path_lib.sh'
[33.823s] Level 1:colcon.colcon_core.environment:checking '/home/kaisar/warehouse_robot/install/stage_ros2/bin'
[33.823s] Level 1:colcon.colcon_core.environment:checking '/home/kaisar/warehouse_robot/install/stage_ros2/lib/pkgconfig/stage_ros2.pc'
[33.823s] Level 1:colcon.colcon_core.environment:checking '/home/kaisar/warehouse_robot/install/stage_ros2/lib/python3.12/site-packages'
[33.823s] Level 1:colcon.colcon_core.environment:checking '/home/kaisar/warehouse_robot/install/stage_ros2/bin'
[33.824s] INFO:colcon.colcon_core.shell:Creating package script '/home/kaisar/warehouse_robot/install/stage_ros2/share/stage_ros2/package.ps1'
[33.824s] INFO:colcon.colcon_core.shell:Creating package descriptor '/home/kaisar/warehouse_robot/install/stage_ros2/share/stage_ros2/package.dsv'
[33.825s] INFO:colcon.colcon_core.shell:Creating package script '/home/kaisar/warehouse_robot/install/stage_ros2/share/stage_ros2/package.sh'
[33.825s] INFO:colcon.colcon_core.shell:Creating package script '/home/kaisar/warehouse_robot/install/stage_ros2/share/stage_ros2/package.bash'
[33.826s] INFO:colcon.colcon_core.shell:Creating package script '/home/kaisar/warehouse_robot/install/stage_ros2/share/stage_ros2/package.zsh'
[33.826s] Level 1:colcon.colcon_core.environment:create_file_with_runtime_dependencies(/home/kaisar/warehouse_robot/install/stage_ros2/share/colcon-core/packages/stage_ros2)
[33.826s] Level 1:colcon.colcon_core.environment:create_environment_scripts_only(stage_ros2)
[33.826s] Level 1:colcon.colcon_core.environment:checking '/home/kaisar/warehouse_robot/install/stage_ros2' for CMake module files
[33.827s] Level 1:colcon.colcon_core.environment:checking '/home/kaisar/warehouse_robot/install/stage_ros2' for CMake config files
[33.828s] Level 1:colcon.colcon_core.shell:create_environment_hook('stage_ros2', 'cmake_prefix_path')
[33.828s] INFO:colcon.colcon_core.shell:Creating environment hook '/home/kaisar/warehouse_robot/install/stage_ros2/share/stage_ros2/hook/cmake_prefix_path.ps1'
[33.828s] INFO:colcon.colcon_core.shell:Creating environment descriptor '/home/kaisar/warehouse_robot/install/stage_ros2/share/stage_ros2/hook/cmake_prefix_path.dsv'
[33.828s] INFO:colcon.colcon_core.shell:Creating environment hook '/home/kaisar/warehouse_robot/install/stage_ros2/share/stage_ros2/hook/cmake_prefix_path.sh'
[33.829s] Level 1:colcon.colcon_core.environment:checking '/home/kaisar/warehouse_robot/install/stage_ros2/lib'
[33.829s] Level 1:colcon.colcon_core.shell:create_environment_hook('stage_ros2', 'ld_library_path_lib')
[33.829s] INFO:colcon.colcon_core.shell:Creating environment hook '/home/kaisar/warehouse_robot/install/stage_ros2/share/stage_ros2/hook/ld_library_path_lib.ps1'
[33.829s] INFO:colcon.colcon_core.shell:Creating environment descriptor '/home/kaisar/warehouse_robot/install/stage_ros2/share/stage_ros2/hook/ld_library_path_lib.dsv'
[33.830s] INFO:colcon.colcon_core.shell:Creating environment hook '/home/kaisar/warehouse_robot/install/stage_ros2/share/stage_ros2/hook/ld_library_path_lib.sh'
[33.830s] Level 1:colcon.colcon_core.environment:checking '/home/kaisar/warehouse_robot/install/stage_ros2/bin'
[33.830s] Level 1:colcon.colcon_core.environment:checking '/home/kaisar/warehouse_robot/install/stage_ros2/lib/pkgconfig/stage_ros2.pc'
[33.830s] Level 1:colcon.colcon_core.environment:checking '/home/kaisar/warehouse_robot/install/stage_ros2/lib/python3.12/site-packages'
[33.831s] Level 1:colcon.colcon_core.environment:checking '/home/kaisar/warehouse_robot/install/stage_ros2/bin'
[33.831s] INFO:colcon.colcon_core.shell:Creating package script '/home/kaisar/warehouse_robot/install/stage_ros2/share/stage_ros2/package.ps1'
[33.831s] INFO:colcon.colcon_core.shell:Creating package descriptor '/home/kaisar/warehouse_robot/install/stage_ros2/share/stage_ros2/package.dsv'
[33.832s] INFO:colcon.colcon_core.shell:Creating package script '/home/kaisar/warehouse_robot/install/stage_ros2/share/stage_ros2/package.sh'
[33.832s] INFO:colcon.colcon_core.shell:Creating package script '/home/kaisar/warehouse_robot/install/stage_ros2/share/stage_ros2/package.bash'
[33.832s] INFO:colcon.colcon_core.shell:Creating package script '/home/kaisar/warehouse_robot/install/stage_ros2/share/stage_ros2/package.zsh'
[33.833s] Level 1:colcon.colcon_core.environment:create_file_with_runtime_dependencies(/home/kaisar/warehouse_robot/install/stage_ros2/share/colcon-core/packages/stage_ros2)
[33.833s] DEBUG:colcon.colcon_parallel_executor.executor.parallel:closing loop
[33.833s] DEBUG:colcon.colcon_parallel_executor.executor.parallel:loop closed
[33.834s] DEBUG:colcon.colcon_parallel_executor.executor.parallel:run_until_complete finished with '0'
[33.834s] DEBUG:colcon.colcon_core.event_reactor:joining thread
[33.842s] INFO:colcon.colcon_core.plugin_system:Skipping extension 'colcon_notification.desktop_notification.terminal_notifier': Not used on non-Darwin systems
[33.842s] INFO:colcon.colcon_core.plugin_system:Skipping extension 'colcon_notification.desktop_notification.win32': Not used on non-Windows systems
[33.842s] INFO:colcon.colcon_notification.desktop_notification:Sending desktop notification using 'notify2'
[33.854s] DEBUG:colcon.colcon_core.event_reactor:joined thread
[33.854s] INFO:colcon.colcon_core.shell:Creating prefix script '/home/kaisar/warehouse_robot/install/local_setup.ps1'
[33.855s] INFO:colcon.colcon_core.shell:Creating prefix util module '/home/kaisar/warehouse_robot/install/_local_setup_util_ps1.py'
[33.856s] INFO:colcon.colcon_core.shell:Creating prefix chain script '/home/kaisar/warehouse_robot/install/setup.ps1'
[33.858s] INFO:colcon.colcon_core.shell:Creating prefix script '/home/kaisar/warehouse_robot/install/local_setup.sh'
[33.859s] INFO:colcon.colcon_core.shell:Creating prefix util module '/home/kaisar/warehouse_robot/install/_local_setup_util_sh.py'
[33.859s] INFO:colcon.colcon_core.shell:Creating prefix chain script '/home/kaisar/warehouse_robot/install/setup.sh'
[33.860s] INFO:colcon.colcon_core.shell:Creating prefix script '/home/kaisar/warehouse_robot/install/local_setup.bash'
[33.861s] INFO:colcon.colcon_core.shell:Creating prefix chain script '/home/kaisar/warehouse_robot/install/setup.bash'
[33.862s] INFO:colcon.colcon_core.shell:Creating prefix script '/home/kaisar/warehouse_robot/install/local_setup.zsh'
[33.863s] INFO:colcon.colcon_core.shell:Creating prefix chain script '/home/kaisar/warehouse_robot/install/setup.zsh'
