[0.116s] DEBUG:colcon:Command line arguments: ['/usr/bin/colcon', 'build', '--symlink-install']
[0.116s] DEBUG:colcon:Parsed command line arguments: Namespace(log_base=None, log_level=None, verb_name='build', build_base='build', install_base='install', merge_install=False, symlink_install=True, test_result_base=None, continue_on_error=False, executor='parallel', parallel_workers=12, event_handlers=None, ignore_user_meta=False, metas=['./colcon.meta'], base_paths=['.'], packages_ignore=None, packages_ignore_regex=None, paths=None, packages_up_to=None, packages_up_to_regex=None, packages_above=None, packages_above_and_dependencies=None, packages_above_depth=None, packages_select_by_dep=None, packages_skip_by_dep=None, packages_skip_up_to=None, packages_select_build_failed=False, packages_skip_build_finished=False, packages_select_test_failures=False, packages_skip_test_passed=False, packages_select=None, packages_skip=None, packages_select_regex=None, packages_skip_regex=None, packages_start=None, packages_end=None, allow_overriding=[], cmake_args=None, cmake_target=None, cmake_target_skip_unavailable=False, cmake_clean_cache=False, cmake_clean_first=False, cmake_force_configure=False, ament_cmake_args=None, catkin_cmake_args=None, catkin_skip_building_tests=False, mixin_files=None, mixin=None, verb_parser=<colcon_mixin.mixin.mixin_argument.MixinArgumentDecorator object at 0x72c9613a8da0>, verb_extension=<colcon_core.verb.build.BuildVerb object at 0x72c9614d0bf0>, main=<bound method BuildVerb.main of <colcon_core.verb.build.BuildVerb object at 0x72c9614d0bf0>>, mixin_verb=('build',))
[0.152s] Level 1:colcon.colcon_core.package_discovery:discover_packages(colcon_meta) check parameters
[0.152s] Level 1:colcon.colcon_core.package_discovery:discover_packages(recursive) check parameters
[0.152s] Level 1:colcon.colcon_core.package_discovery:discover_packages(ignore) check parameters
[0.152s] Level 1:colcon.colcon_core.package_discovery:discover_packages(path) check parameters
[0.152s] Level 1:colcon.colcon_core.package_discovery:discover_packages(colcon_meta) discover
[0.152s] Level 1:colcon.colcon_core.package_discovery:discover_packages(recursive) discover
[0.152s] INFO:colcon.colcon_core.package_discovery:Crawling recursively for packages in '/home/kaisar/warehouse_robot/robot'
[0.152s] Level 1:colcon.colcon_core.package_identification:_identify(.) by extensions ['ignore', 'ignore_ament_install']
[0.152s] Level 1:colcon.colcon_core.package_identification:_identify(.) by extension 'ignore'
[0.152s] Level 1:colcon.colcon_core.package_identification:_identify(.) by extension 'ignore_ament_install'
[0.152s] Level 1:colcon.colcon_core.package_identification:_identify(.) by extensions ['colcon_pkg']
[0.152s] Level 1:colcon.colcon_core.package_identification:_identify(.) by extension 'colcon_pkg'
[0.152s] Level 1:colcon.colcon_core.package_identification:_identify(.) by extensions ['colcon_meta']
[0.153s] Level 1:colcon.colcon_core.package_identification:_identify(.) by extension 'colcon_meta'
[0.153s] Level 1:colcon.colcon_core.package_identification:_identify(.) by extensions ['ros']
[0.153s] Level 1:colcon.colcon_core.package_identification:_identify(.) by extension 'ros'
[0.175s] Level 1:colcon.colcon_core.package_identification:_identify(.) by extensions ['cmake', 'python']
[0.175s] Level 1:colcon.colcon_core.package_identification:_identify(.) by extension 'cmake'
[0.175s] Level 1:colcon.colcon_core.package_identification:_identify(.) by extension 'python'
[0.175s] Level 1:colcon.colcon_core.package_identification:_identify(.) by extensions ['python_setup_py']
[0.175s] Level 1:colcon.colcon_core.package_identification:_identify(.) by extension 'python_setup_py'
[0.176s] Level 1:colcon.colcon_core.package_identification:_identify(build) by extensions ['ignore', 'ignore_ament_install']
[0.176s] Level 1:colcon.colcon_core.package_identification:_identify(build) by extension 'ignore'
[0.176s] Level 1:colcon.colcon_core.package_identification:_identify(build) ignored
[0.176s] Level 1:colcon.colcon_core.package_identification:_identify(install) by extensions ['ignore', 'ignore_ament_install']
[0.176s] Level 1:colcon.colcon_core.package_identification:_identify(install) by extension 'ignore'
[0.176s] Level 1:colcon.colcon_core.package_identification:_identify(install) ignored
[0.176s] Level 1:colcon.colcon_core.package_identification:_identify(log) by extensions ['ignore', 'ignore_ament_install']
[0.176s] Level 1:colcon.colcon_core.package_identification:_identify(log) by extension 'ignore'
[0.176s] Level 1:colcon.colcon_core.package_identification:_identify(log) ignored
[0.176s] Level 1:colcon.colcon_core.package_identification:_identify(ws) by extensions ['ignore', 'ignore_ament_install']
[0.176s] Level 1:colcon.colcon_core.package_identification:_identify(ws) by extension 'ignore'
[0.176s] Level 1:colcon.colcon_core.package_identification:_identify(ws) by extension 'ignore_ament_install'
[0.176s] Level 1:colcon.colcon_core.package_identification:_identify(ws) by extensions ['colcon_pkg']
[0.176s] Level 1:colcon.colcon_core.package_identification:_identify(ws) by extension 'colcon_pkg'
[0.176s] Level 1:colcon.colcon_core.package_identification:_identify(ws) by extensions ['colcon_meta']
[0.176s] Level 1:colcon.colcon_core.package_identification:_identify(ws) by extension 'colcon_meta'
[0.177s] Level 1:colcon.colcon_core.package_identification:_identify(ws) by extensions ['ros']
[0.177s] Level 1:colcon.colcon_core.package_identification:_identify(ws) by extension 'ros'
[0.177s] Level 1:colcon.colcon_core.package_identification:_identify(ws) by extensions ['cmake', 'python']
[0.177s] Level 1:colcon.colcon_core.package_identification:_identify(ws) by extension 'cmake'
[0.177s] Level 1:colcon.colcon_core.package_identification:_identify(ws) by extension 'python'
[0.177s] Level 1:colcon.colcon_core.package_identification:_identify(ws) by extensions ['python_setup_py']
[0.177s] Level 1:colcon.colcon_core.package_identification:_identify(ws) by extension 'python_setup_py'
[0.177s] Level 1:colcon.colcon_core.package_identification:_identify(ws/src) by extensions ['ignore', 'ignore_ament_install']
[0.177s] Level 1:colcon.colcon_core.package_identification:_identify(ws/src) by extension 'ignore'
[0.177s] Level 1:colcon.colcon_core.package_identification:_identify(ws/src) by extension 'ignore_ament_install'
[0.177s] Level 1:colcon.colcon_core.package_identification:_identify(ws/src) by extensions ['colcon_pkg']
[0.177s] Level 1:colcon.colcon_core.package_identification:_identify(ws/src) by extension 'colcon_pkg'
[0.177s] Level 1:colcon.colcon_core.package_identification:_identify(ws/src) by extensions ['colcon_meta']
[0.177s] Level 1:colcon.colcon_core.package_identification:_identify(ws/src) by extension 'colcon_meta'
[0.177s] Level 1:colcon.colcon_core.package_identification:_identify(ws/src) by extensions ['ros']
[0.177s] Level 1:colcon.colcon_core.package_identification:_identify(ws/src) by extension 'ros'
[0.177s] Level 1:colcon.colcon_core.package_identification:_identify(ws/src) by extensions ['cmake', 'python']
[0.177s] Level 1:colcon.colcon_core.package_identification:_identify(ws/src) by extension 'cmake'
[0.177s] Level 1:colcon.colcon_core.package_identification:_identify(ws/src) by extension 'python'
[0.177s] Level 1:colcon.colcon_core.package_identification:_identify(ws/src) by extensions ['python_setup_py']
[0.177s] Level 1:colcon.colcon_core.package_identification:_identify(ws/src) by extension 'python_setup_py'
[0.177s] Level 1:colcon.colcon_core.package_identification:_identify(ws/src/Stage) by extensions ['ignore', 'ignore_ament_install']
[0.177s] Level 1:colcon.colcon_core.package_identification:_identify(ws/src/Stage) by extension 'ignore'
[0.178s] Level 1:colcon.colcon_core.package_identification:_identify(ws/src/Stage) by extension 'ignore_ament_install'
[0.178s] Level 1:colcon.colcon_core.package_identification:_identify(ws/src/Stage) by extensions ['colcon_pkg']
[0.178s] Level 1:colcon.colcon_core.package_identification:_identify(ws/src/Stage) by extension 'colcon_pkg'
[0.178s] Level 1:colcon.colcon_core.package_identification:_identify(ws/src/Stage) by extensions ['colcon_meta']
[0.178s] Level 1:colcon.colcon_core.package_identification:_identify(ws/src/Stage) by extension 'colcon_meta'
[0.178s] Level 1:colcon.colcon_core.package_identification:_identify(ws/src/Stage) by extensions ['ros']
[0.178s] Level 1:colcon.colcon_core.package_identification:_identify(ws/src/Stage) by extension 'ros'
[0.180s] DEBUG:colcon.colcon_core.package_identification:Package 'ws/src/Stage' with type 'ros.catkin' and name 'stage'
[0.180s] Level 1:colcon.colcon_core.package_identification:_identify(ws/src/launch) by extensions ['ignore', 'ignore_ament_install']
[0.180s] Level 1:colcon.colcon_core.package_identification:_identify(ws/src/launch) by extension 'ignore'
[0.180s] Level 1:colcon.colcon_core.package_identification:_identify(ws/src/launch) by extension 'ignore_ament_install'
[0.180s] Level 1:colcon.colcon_core.package_identification:_identify(ws/src/launch) by extensions ['colcon_pkg']
[0.180s] Level 1:colcon.colcon_core.package_identification:_identify(ws/src/launch) by extension 'colcon_pkg'
[0.180s] Level 1:colcon.colcon_core.package_identification:_identify(ws/src/launch) by extensions ['colcon_meta']
[0.180s] Level 1:colcon.colcon_core.package_identification:_identify(ws/src/launch) by extension 'colcon_meta'
[0.180s] Level 1:colcon.colcon_core.package_identification:_identify(ws/src/launch) by extensions ['ros']
[0.180s] Level 1:colcon.colcon_core.package_identification:_identify(ws/src/launch) by extension 'ros'
[0.181s] DEBUG:colcon.colcon_core.package_identification:Package 'ws/src/launch' with type 'ros.ament_cmake' and name 'robot_launch'
[0.181s] Level 1:colcon.colcon_core.package_identification:_identify(ws/src/nav2) by extensions ['ignore', 'ignore_ament_install']
[0.181s] Level 1:colcon.colcon_core.package_identification:_identify(ws/src/nav2) by extension 'ignore'
[0.181s] Level 1:colcon.colcon_core.package_identification:_identify(ws/src/nav2) by extension 'ignore_ament_install'
[0.181s] Level 1:colcon.colcon_core.package_identification:_identify(ws/src/nav2) by extensions ['colcon_pkg']
[0.181s] Level 1:colcon.colcon_core.package_identification:_identify(ws/src/nav2) by extension 'colcon_pkg'
[0.181s] Level 1:colcon.colcon_core.package_identification:_identify(ws/src/nav2) by extensions ['colcon_meta']
[0.181s] Level 1:colcon.colcon_core.package_identification:_identify(ws/src/nav2) by extension 'colcon_meta'
[0.181s] Level 1:colcon.colcon_core.package_identification:_identify(ws/src/nav2) by extensions ['ros']
[0.181s] Level 1:colcon.colcon_core.package_identification:_identify(ws/src/nav2) by extension 'ros'
[0.184s] DEBUG:colcon.colcon_core.package_identification:Package 'ws/src/nav2' with type 'ros.ament_cmake' and name 'nav2'
[0.184s] Level 1:colcon.colcon_core.package_identification:_identify(ws/src/robot_msgs) by extensions ['ignore', 'ignore_ament_install']
[0.184s] Level 1:colcon.colcon_core.package_identification:_identify(ws/src/robot_msgs) by extension 'ignore'
[0.184s] Level 1:colcon.colcon_core.package_identification:_identify(ws/src/robot_msgs) by extension 'ignore_ament_install'
[0.184s] Level 1:colcon.colcon_core.package_identification:_identify(ws/src/robot_msgs) by extensions ['colcon_pkg']
[0.184s] Level 1:colcon.colcon_core.package_identification:_identify(ws/src/robot_msgs) by extension 'colcon_pkg'
[0.184s] Level 1:colcon.colcon_core.package_identification:_identify(ws/src/robot_msgs) by extensions ['colcon_meta']
[0.184s] Level 1:colcon.colcon_core.package_identification:_identify(ws/src/robot_msgs) by extension 'colcon_meta'
[0.184s] Level 1:colcon.colcon_core.package_identification:_identify(ws/src/robot_msgs) by extensions ['ros']
[0.184s] Level 1:colcon.colcon_core.package_identification:_identify(ws/src/robot_msgs) by extension 'ros'
[0.184s] DEBUG:colcon.colcon_core.package_identification:Package 'ws/src/robot_msgs' with type 'ros.ament_cmake' and name 'robot_msgs'
[0.184s] Level 1:colcon.colcon_core.package_identification:_identify(ws/src/robot_planner) by extensions ['ignore', 'ignore_ament_install']
[0.185s] Level 1:colcon.colcon_core.package_identification:_identify(ws/src/robot_planner) by extension 'ignore'
[0.185s] Level 1:colcon.colcon_core.package_identification:_identify(ws/src/robot_planner) by extension 'ignore_ament_install'
[0.185s] Level 1:colcon.colcon_core.package_identification:_identify(ws/src/robot_planner) by extensions ['colcon_pkg']
[0.185s] Level 1:colcon.colcon_core.package_identification:_identify(ws/src/robot_planner) by extension 'colcon_pkg'
[0.185s] Level 1:colcon.colcon_core.package_identification:_identify(ws/src/robot_planner) by extensions ['colcon_meta']
[0.185s] Level 1:colcon.colcon_core.package_identification:_identify(ws/src/robot_planner) by extension 'colcon_meta'
[0.185s] Level 1:colcon.colcon_core.package_identification:_identify(ws/src/robot_planner) by extensions ['ros']
[0.185s] Level 1:colcon.colcon_core.package_identification:_identify(ws/src/robot_planner) by extension 'ros'
[0.185s] DEBUG:colcon.colcon_core.package_identification:Package 'ws/src/robot_planner' with type 'ros.ament_python' and name 'robot_planner'
[0.185s] Level 1:colcon.colcon_core.package_identification:_identify(ws/src/robot_status) by extensions ['ignore', 'ignore_ament_install']
[0.185s] Level 1:colcon.colcon_core.package_identification:_identify(ws/src/robot_status) by extension 'ignore'
[0.185s] Level 1:colcon.colcon_core.package_identification:_identify(ws/src/robot_status) by extension 'ignore_ament_install'
[0.185s] Level 1:colcon.colcon_core.package_identification:_identify(ws/src/robot_status) by extensions ['colcon_pkg']
[0.185s] Level 1:colcon.colcon_core.package_identification:_identify(ws/src/robot_status) by extension 'colcon_pkg'
[0.185s] Level 1:colcon.colcon_core.package_identification:_identify(ws/src/robot_status) by extensions ['colcon_meta']
[0.186s] Level 1:colcon.colcon_core.package_identification:_identify(ws/src/robot_status) by extension 'colcon_meta'
[0.186s] Level 1:colcon.colcon_core.package_identification:_identify(ws/src/robot_status) by extensions ['ros']
[0.186s] Level 1:colcon.colcon_core.package_identification:_identify(ws/src/robot_status) by extension 'ros'
[0.186s] DEBUG:colcon.colcon_core.package_identification:Package 'ws/src/robot_status' with type 'ros.ament_python' and name 'robot_status'
[0.186s] Level 1:colcon.colcon_core.package_identification:_identify(ws/src/ros2_http_client) by extensions ['ignore', 'ignore_ament_install']
[0.186s] Level 1:colcon.colcon_core.package_identification:_identify(ws/src/ros2_http_client) by extension 'ignore'
[0.186s] Level 1:colcon.colcon_core.package_identification:_identify(ws/src/ros2_http_client) by extension 'ignore_ament_install'
[0.186s] Level 1:colcon.colcon_core.package_identification:_identify(ws/src/ros2_http_client) by extensions ['colcon_pkg']
[0.186s] Level 1:colcon.colcon_core.package_identification:_identify(ws/src/ros2_http_client) by extension 'colcon_pkg'
[0.186s] Level 1:colcon.colcon_core.package_identification:_identify(ws/src/ros2_http_client) by extensions ['colcon_meta']
[0.186s] Level 1:colcon.colcon_core.package_identification:_identify(ws/src/ros2_http_client) by extension 'colcon_meta'
[0.186s] Level 1:colcon.colcon_core.package_identification:_identify(ws/src/ros2_http_client) by extensions ['ros']
[0.186s] Level 1:colcon.colcon_core.package_identification:_identify(ws/src/ros2_http_client) by extension 'ros'
[0.187s] DEBUG:colcon.colcon_core.package_identification:Package 'ws/src/ros2_http_client' with type 'ros.ament_python' and name 'ros2_http_client'
[0.187s] Level 1:colcon.colcon_core.package_identification:_identify(ws/src/stage_ros2) by extensions ['ignore', 'ignore_ament_install']
[0.187s] Level 1:colcon.colcon_core.package_identification:_identify(ws/src/stage_ros2) by extension 'ignore'
[0.187s] Level 1:colcon.colcon_core.package_identification:_identify(ws/src/stage_ros2) by extension 'ignore_ament_install'
[0.187s] Level 1:colcon.colcon_core.package_identification:_identify(ws/src/stage_ros2) by extensions ['colcon_pkg']
[0.187s] Level 1:colcon.colcon_core.package_identification:_identify(ws/src/stage_ros2) by extension 'colcon_pkg'
[0.187s] Level 1:colcon.colcon_core.package_identification:_identify(ws/src/stage_ros2) by extensions ['colcon_meta']
[0.187s] Level 1:colcon.colcon_core.package_identification:_identify(ws/src/stage_ros2) by extension 'colcon_meta'
[0.187s] Level 1:colcon.colcon_core.package_identification:_identify(ws/src/stage_ros2) by extensions ['ros']
[0.187s] Level 1:colcon.colcon_core.package_identification:_identify(ws/src/stage_ros2) by extension 'ros'
[0.188s] DEBUG:colcon.colcon_core.package_identification:Package 'ws/src/stage_ros2' with type 'ros.ament_cmake' and name 'stage_ros2'
[0.188s] Level 1:colcon.colcon_core.package_identification:_identify(ws/src/trp1_description) by extensions ['ignore', 'ignore_ament_install']
[0.188s] Level 1:colcon.colcon_core.package_identification:_identify(ws/src/trp1_description) by extension 'ignore'
[0.188s] Level 1:colcon.colcon_core.package_identification:_identify(ws/src/trp1_description) by extension 'ignore_ament_install'
[0.189s] Level 1:colcon.colcon_core.package_identification:_identify(ws/src/trp1_description) by extensions ['colcon_pkg']
[0.189s] Level 1:colcon.colcon_core.package_identification:_identify(ws/src/trp1_description) by extension 'colcon_pkg'
[0.189s] Level 1:colcon.colcon_core.package_identification:_identify(ws/src/trp1_description) by extensions ['colcon_meta']
[0.189s] Level 1:colcon.colcon_core.package_identification:_identify(ws/src/trp1_description) by extension 'colcon_meta'
[0.189s] Level 1:colcon.colcon_core.package_identification:_identify(ws/src/trp1_description) by extensions ['ros']
[0.189s] Level 1:colcon.colcon_core.package_identification:_identify(ws/src/trp1_description) by extension 'ros'
[0.189s] DEBUG:colcon.colcon_core.package_identification:Package 'ws/src/trp1_description' with type 'ros.ament_cmake' and name 'trp1_description'
[0.189s] Level 1:colcon.colcon_core.package_discovery:discover_packages(recursive) using defaults
[0.189s] Level 1:colcon.colcon_core.package_discovery:discover_packages(ignore) discover
[0.189s] Level 1:colcon.colcon_core.package_discovery:discover_packages(ignore) using defaults
[0.189s] Level 1:colcon.colcon_core.package_discovery:discover_packages(path) discover
[0.189s] Level 1:colcon.colcon_core.package_discovery:discover_packages(path) using defaults
[0.210s] Level 1:colcon.colcon_core.package_discovery:discover_packages(prefix_path) check parameters
[0.210s] Level 1:colcon.colcon_core.package_discovery:discover_packages(prefix_path) discover
[0.211s] WARNING:colcon.colcon_core.prefix_path.colcon:The path '/home/kaisar/warehouse_robot/install' in the environment variable COLCON_PREFIX_PATH doesn't exist
[0.211s] WARNING:colcon.colcon_ros.prefix_path.ament:The path '/home/kaisar/warehouse_robot/install/trp1_description' in the environment variable AMENT_PREFIX_PATH doesn't exist
[0.211s] WARNING:colcon.colcon_ros.prefix_path.ament:The path '/home/kaisar/warehouse_robot/install/stage_ros2' in the environment variable AMENT_PREFIX_PATH doesn't exist
[0.211s] WARNING:colcon.colcon_ros.prefix_path.ament:The path '/home/kaisar/warehouse_robot/install/robot_msgs' in the environment variable AMENT_PREFIX_PATH doesn't exist
[0.211s] WARNING:colcon.colcon_ros.prefix_path.ament:The path '/home/kaisar/warehouse_robot/install/nav2' in the environment variable AMENT_PREFIX_PATH doesn't exist
[0.211s] WARNING:colcon.colcon_ros.prefix_path.catkin:The path '/home/kaisar/warehouse_robot/install/trp1_description' in the environment variable CMAKE_PREFIX_PATH doesn't exist
[0.211s] WARNING:colcon.colcon_ros.prefix_path.catkin:The path '/home/kaisar/warehouse_robot/install/stage_ros2' in the environment variable CMAKE_PREFIX_PATH doesn't exist
[0.211s] WARNING:colcon.colcon_ros.prefix_path.catkin:The path '/home/kaisar/warehouse_robot/install/stage' in the environment variable CMAKE_PREFIX_PATH doesn't exist
[0.212s] WARNING:colcon.colcon_ros.prefix_path.catkin:The path '/home/kaisar/warehouse_robot/install/robot_msgs' in the environment variable CMAKE_PREFIX_PATH doesn't exist
[0.212s] WARNING:colcon.colcon_ros.prefix_path.catkin:The path '/home/kaisar/warehouse_robot/install/nav2' in the environment variable CMAKE_PREFIX_PATH doesn't exist
[0.213s] DEBUG:colcon.colcon_installed_package_information.package_discovery:Found 9 installed packages in /home/kaisar/warehouse_robot/robot/install
[0.215s] DEBUG:colcon.colcon_installed_package_information.package_discovery:Found 498 installed packages in /opt/ros/jazzy
[0.216s] Level 1:colcon.colcon_core.package_discovery:discover_packages(prefix_path) using defaults
[0.295s] Level 5:colcon.colcon_core.verb:set package 'nav2' build argument 'cmake_args' from command line to 'None'
[0.295s] Level 5:colcon.colcon_core.verb:set package 'nav2' build argument 'cmake_target' from command line to 'None'
[0.295s] Level 5:colcon.colcon_core.verb:set package 'nav2' build argument 'cmake_target_skip_unavailable' from command line to 'False'
[0.295s] Level 5:colcon.colcon_core.verb:set package 'nav2' build argument 'cmake_clean_cache' from command line to 'False'
[0.295s] Level 5:colcon.colcon_core.verb:set package 'nav2' build argument 'cmake_clean_first' from command line to 'False'
[0.295s] Level 5:colcon.colcon_core.verb:set package 'nav2' build argument 'cmake_force_configure' from command line to 'False'
[0.295s] Level 5:colcon.colcon_core.verb:set package 'nav2' build argument 'ament_cmake_args' from command line to 'None'
[0.295s] Level 5:colcon.colcon_core.verb:set package 'nav2' build argument 'catkin_cmake_args' from command line to 'None'
[0.295s] Level 5:colcon.colcon_core.verb:set package 'nav2' build argument 'catkin_skip_building_tests' from command line to 'False'
[0.295s] DEBUG:colcon.colcon_core.verb:Building package 'nav2' with the following arguments: {'ament_cmake_args': None, 'build_base': '/home/kaisar/warehouse_robot/robot/build/nav2', 'catkin_cmake_args': None, 'catkin_skip_building_tests': False, 'cmake_args': None, 'cmake_clean_cache': False, 'cmake_clean_first': False, 'cmake_force_configure': False, 'cmake_target': None, 'cmake_target_skip_unavailable': False, 'install_base': '/home/kaisar/warehouse_robot/robot/install/nav2', 'merge_install': False, 'path': '/home/kaisar/warehouse_robot/robot/ws/src/nav2', 'symlink_install': True, 'test_result_base': None}
[0.295s] Level 5:colcon.colcon_core.verb:set package 'robot_msgs' build argument 'cmake_args' from command line to 'None'
[0.295s] Level 5:colcon.colcon_core.verb:set package 'robot_msgs' build argument 'cmake_target' from command line to 'None'
[0.295s] Level 5:colcon.colcon_core.verb:set package 'robot_msgs' build argument 'cmake_target_skip_unavailable' from command line to 'False'
[0.295s] Level 5:colcon.colcon_core.verb:set package 'robot_msgs' build argument 'cmake_clean_cache' from command line to 'False'
[0.295s] Level 5:colcon.colcon_core.verb:set package 'robot_msgs' build argument 'cmake_clean_first' from command line to 'False'
[0.295s] Level 5:colcon.colcon_core.verb:set package 'robot_msgs' build argument 'cmake_force_configure' from command line to 'False'
[0.295s] Level 5:colcon.colcon_core.verb:set package 'robot_msgs' build argument 'ament_cmake_args' from command line to 'None'
[0.295s] Level 5:colcon.colcon_core.verb:set package 'robot_msgs' build argument 'catkin_cmake_args' from command line to 'None'
[0.295s] Level 5:colcon.colcon_core.verb:set package 'robot_msgs' build argument 'catkin_skip_building_tests' from command line to 'False'
[0.295s] DEBUG:colcon.colcon_core.verb:Building package 'robot_msgs' with the following arguments: {'ament_cmake_args': None, 'build_base': '/home/kaisar/warehouse_robot/robot/build/robot_msgs', 'catkin_cmake_args': None, 'catkin_skip_building_tests': False, 'cmake_args': None, 'cmake_clean_cache': False, 'cmake_clean_first': False, 'cmake_force_configure': False, 'cmake_target': None, 'cmake_target_skip_unavailable': False, 'install_base': '/home/kaisar/warehouse_robot/robot/install/robot_msgs', 'merge_install': False, 'path': '/home/kaisar/warehouse_robot/robot/ws/src/robot_msgs', 'symlink_install': True, 'test_result_base': None}
[0.296s] Level 5:colcon.colcon_core.verb:set package 'stage' build argument 'cmake_args' from command line to 'None'
[0.296s] Level 5:colcon.colcon_core.verb:set package 'stage' build argument 'cmake_target' from command line to 'None'
[0.296s] Level 5:colcon.colcon_core.verb:set package 'stage' build argument 'cmake_target_skip_unavailable' from command line to 'False'
[0.296s] Level 5:colcon.colcon_core.verb:set package 'stage' build argument 'cmake_clean_cache' from command line to 'False'
[0.296s] Level 5:colcon.colcon_core.verb:set package 'stage' build argument 'cmake_clean_first' from command line to 'False'
[0.296s] Level 5:colcon.colcon_core.verb:set package 'stage' build argument 'cmake_force_configure' from command line to 'False'
[0.296s] Level 5:colcon.colcon_core.verb:set package 'stage' build argument 'ament_cmake_args' from command line to 'None'
[0.296s] Level 5:colcon.colcon_core.verb:set package 'stage' build argument 'catkin_cmake_args' from command line to 'None'
[0.296s] Level 5:colcon.colcon_core.verb:set package 'stage' build argument 'catkin_skip_building_tests' from command line to 'False'
[0.296s] DEBUG:colcon.colcon_core.verb:Building package 'stage' with the following arguments: {'ament_cmake_args': None, 'build_base': '/home/kaisar/warehouse_robot/robot/build/stage', 'catkin_cmake_args': None, 'catkin_skip_building_tests': False, 'cmake_args': None, 'cmake_clean_cache': False, 'cmake_clean_first': False, 'cmake_force_configure': False, 'cmake_target': None, 'cmake_target_skip_unavailable': False, 'install_base': '/home/kaisar/warehouse_robot/robot/install/stage', 'merge_install': False, 'path': '/home/kaisar/warehouse_robot/robot/ws/src/Stage', 'symlink_install': True, 'test_result_base': None}
[0.296s] Level 5:colcon.colcon_core.verb:set package 'trp1_description' build argument 'cmake_args' from command line to 'None'
[0.296s] Level 5:colcon.colcon_core.verb:set package 'trp1_description' build argument 'cmake_target' from command line to 'None'
[0.296s] Level 5:colcon.colcon_core.verb:set package 'trp1_description' build argument 'cmake_target_skip_unavailable' from command line to 'False'
[0.296s] Level 5:colcon.colcon_core.verb:set package 'trp1_description' build argument 'cmake_clean_cache' from command line to 'False'
[0.296s] Level 5:colcon.colcon_core.verb:set package 'trp1_description' build argument 'cmake_clean_first' from command line to 'False'
[0.296s] Level 5:colcon.colcon_core.verb:set package 'trp1_description' build argument 'cmake_force_configure' from command line to 'False'
[0.296s] Level 5:colcon.colcon_core.verb:set package 'trp1_description' build argument 'ament_cmake_args' from command line to 'None'
[0.296s] Level 5:colcon.colcon_core.verb:set package 'trp1_description' build argument 'catkin_cmake_args' from command line to 'None'
[0.296s] Level 5:colcon.colcon_core.verb:set package 'trp1_description' build argument 'catkin_skip_building_tests' from command line to 'False'
[0.296s] DEBUG:colcon.colcon_core.verb:Building package 'trp1_description' with the following arguments: {'ament_cmake_args': None, 'build_base': '/home/kaisar/warehouse_robot/robot/build/trp1_description', 'catkin_cmake_args': None, 'catkin_skip_building_tests': False, 'cmake_args': None, 'cmake_clean_cache': False, 'cmake_clean_first': False, 'cmake_force_configure': False, 'cmake_target': None, 'cmake_target_skip_unavailable': False, 'install_base': '/home/kaisar/warehouse_robot/robot/install/trp1_description', 'merge_install': False, 'path': '/home/kaisar/warehouse_robot/robot/ws/src/trp1_description', 'symlink_install': True, 'test_result_base': None}
[0.296s] Level 5:colcon.colcon_core.verb:set package 'robot_planner' build argument 'cmake_args' from command line to 'None'
[0.297s] Level 5:colcon.colcon_core.verb:set package 'robot_planner' build argument 'cmake_target' from command line to 'None'
[0.297s] Level 5:colcon.colcon_core.verb:set package 'robot_planner' build argument 'cmake_target_skip_unavailable' from command line to 'False'
[0.297s] Level 5:colcon.colcon_core.verb:set package 'robot_planner' build argument 'cmake_clean_cache' from command line to 'False'
[0.297s] Level 5:colcon.colcon_core.verb:set package 'robot_planner' build argument 'cmake_clean_first' from command line to 'False'
[0.297s] Level 5:colcon.colcon_core.verb:set package 'robot_planner' build argument 'cmake_force_configure' from command line to 'False'
[0.297s] Level 5:colcon.colcon_core.verb:set package 'robot_planner' build argument 'ament_cmake_args' from command line to 'None'
[0.297s] Level 5:colcon.colcon_core.verb:set package 'robot_planner' build argument 'catkin_cmake_args' from command line to 'None'
[0.297s] Level 5:colcon.colcon_core.verb:set package 'robot_planner' build argument 'catkin_skip_building_tests' from command line to 'False'
[0.297s] DEBUG:colcon.colcon_core.verb:Building package 'robot_planner' with the following arguments: {'ament_cmake_args': None, 'build_base': '/home/kaisar/warehouse_robot/robot/build/robot_planner', 'catkin_cmake_args': None, 'catkin_skip_building_tests': False, 'cmake_args': None, 'cmake_clean_cache': False, 'cmake_clean_first': False, 'cmake_force_configure': False, 'cmake_target': None, 'cmake_target_skip_unavailable': False, 'install_base': '/home/kaisar/warehouse_robot/robot/install/robot_planner', 'merge_install': False, 'path': '/home/kaisar/warehouse_robot/robot/ws/src/robot_planner', 'symlink_install': True, 'test_result_base': None}
[0.297s] Level 5:colcon.colcon_core.verb:set package 'stage_ros2' build argument 'cmake_args' from command line to 'None'
[0.297s] Level 5:colcon.colcon_core.verb:set package 'stage_ros2' build argument 'cmake_target' from command line to 'None'
[0.297s] Level 5:colcon.colcon_core.verb:set package 'stage_ros2' build argument 'cmake_target_skip_unavailable' from command line to 'False'
[0.297s] Level 5:colcon.colcon_core.verb:set package 'stage_ros2' build argument 'cmake_clean_cache' from command line to 'False'
[0.297s] Level 5:colcon.colcon_core.verb:set package 'stage_ros2' build argument 'cmake_clean_first' from command line to 'False'
[0.297s] Level 5:colcon.colcon_core.verb:set package 'stage_ros2' build argument 'cmake_force_configure' from command line to 'False'
[0.297s] Level 5:colcon.colcon_core.verb:set package 'stage_ros2' build argument 'ament_cmake_args' from command line to 'None'
[0.297s] Level 5:colcon.colcon_core.verb:set package 'stage_ros2' build argument 'catkin_cmake_args' from command line to 'None'
[0.297s] Level 5:colcon.colcon_core.verb:set package 'stage_ros2' build argument 'catkin_skip_building_tests' from command line to 'False'
[0.297s] DEBUG:colcon.colcon_core.verb:Building package 'stage_ros2' with the following arguments: {'ament_cmake_args': None, 'build_base': '/home/kaisar/warehouse_robot/robot/build/stage_ros2', 'catkin_cmake_args': None, 'catkin_skip_building_tests': False, 'cmake_args': None, 'cmake_clean_cache': False, 'cmake_clean_first': False, 'cmake_force_configure': False, 'cmake_target': None, 'cmake_target_skip_unavailable': False, 'install_base': '/home/kaisar/warehouse_robot/robot/install/stage_ros2', 'merge_install': False, 'path': '/home/kaisar/warehouse_robot/robot/ws/src/stage_ros2', 'symlink_install': True, 'test_result_base': None}
[0.297s] Level 5:colcon.colcon_core.verb:set package 'robot_status' build argument 'cmake_args' from command line to 'None'
[0.297s] Level 5:colcon.colcon_core.verb:set package 'robot_status' build argument 'cmake_target' from command line to 'None'
[0.297s] Level 5:colcon.colcon_core.verb:set package 'robot_status' build argument 'cmake_target_skip_unavailable' from command line to 'False'
[0.297s] Level 5:colcon.colcon_core.verb:set package 'robot_status' build argument 'cmake_clean_cache' from command line to 'False'
[0.297s] Level 5:colcon.colcon_core.verb:set package 'robot_status' build argument 'cmake_clean_first' from command line to 'False'
[0.297s] Level 5:colcon.colcon_core.verb:set package 'robot_status' build argument 'cmake_force_configure' from command line to 'False'
[0.297s] Level 5:colcon.colcon_core.verb:set package 'robot_status' build argument 'ament_cmake_args' from command line to 'None'
[0.297s] Level 5:colcon.colcon_core.verb:set package 'robot_status' build argument 'catkin_cmake_args' from command line to 'None'
[0.298s] Level 5:colcon.colcon_core.verb:set package 'robot_status' build argument 'catkin_skip_building_tests' from command line to 'False'
[0.298s] DEBUG:colcon.colcon_core.verb:Building package 'robot_status' with the following arguments: {'ament_cmake_args': None, 'build_base': '/home/kaisar/warehouse_robot/robot/build/robot_status', 'catkin_cmake_args': None, 'catkin_skip_building_tests': False, 'cmake_args': None, 'cmake_clean_cache': False, 'cmake_clean_first': False, 'cmake_force_configure': False, 'cmake_target': None, 'cmake_target_skip_unavailable': False, 'install_base': '/home/kaisar/warehouse_robot/robot/install/robot_status', 'merge_install': False, 'path': '/home/kaisar/warehouse_robot/robot/ws/src/robot_status', 'symlink_install': True, 'test_result_base': None}
[0.298s] Level 5:colcon.colcon_core.verb:set package 'ros2_http_client' build argument 'cmake_args' from command line to 'None'
[0.298s] Level 5:colcon.colcon_core.verb:set package 'ros2_http_client' build argument 'cmake_target' from command line to 'None'
[0.298s] Level 5:colcon.colcon_core.verb:set package 'ros2_http_client' build argument 'cmake_target_skip_unavailable' from command line to 'False'
[0.298s] Level 5:colcon.colcon_core.verb:set package 'ros2_http_client' build argument 'cmake_clean_cache' from command line to 'False'
[0.298s] Level 5:colcon.colcon_core.verb:set package 'ros2_http_client' build argument 'cmake_clean_first' from command line to 'False'
[0.298s] Level 5:colcon.colcon_core.verb:set package 'ros2_http_client' build argument 'cmake_force_configure' from command line to 'False'
[0.298s] Level 5:colcon.colcon_core.verb:set package 'ros2_http_client' build argument 'ament_cmake_args' from command line to 'None'
[0.298s] Level 5:colcon.colcon_core.verb:set package 'ros2_http_client' build argument 'catkin_cmake_args' from command line to 'None'
[0.298s] Level 5:colcon.colcon_core.verb:set package 'ros2_http_client' build argument 'catkin_skip_building_tests' from command line to 'False'
[0.298s] DEBUG:colcon.colcon_core.verb:Building package 'ros2_http_client' with the following arguments: {'ament_cmake_args': None, 'build_base': '/home/kaisar/warehouse_robot/robot/build/ros2_http_client', 'catkin_cmake_args': None, 'catkin_skip_building_tests': False, 'cmake_args': None, 'cmake_clean_cache': False, 'cmake_clean_first': False, 'cmake_force_configure': False, 'cmake_target': None, 'cmake_target_skip_unavailable': False, 'install_base': '/home/kaisar/warehouse_robot/robot/install/ros2_http_client', 'merge_install': False, 'path': '/home/kaisar/warehouse_robot/robot/ws/src/ros2_http_client', 'symlink_install': True, 'test_result_base': None}
[0.298s] Level 5:colcon.colcon_core.verb:set package 'robot_launch' build argument 'cmake_args' from command line to 'None'
[0.298s] Level 5:colcon.colcon_core.verb:set package 'robot_launch' build argument 'cmake_target' from command line to 'None'
[0.298s] Level 5:colcon.colcon_core.verb:set package 'robot_launch' build argument 'cmake_target_skip_unavailable' from command line to 'False'
[0.298s] Level 5:colcon.colcon_core.verb:set package 'robot_launch' build argument 'cmake_clean_cache' from command line to 'False'
[0.298s] Level 5:colcon.colcon_core.verb:set package 'robot_launch' build argument 'cmake_clean_first' from command line to 'False'
[0.298s] Level 5:colcon.colcon_core.verb:set package 'robot_launch' build argument 'cmake_force_configure' from command line to 'False'
[0.298s] Level 5:colcon.colcon_core.verb:set package 'robot_launch' build argument 'ament_cmake_args' from command line to 'None'
[0.298s] Level 5:colcon.colcon_core.verb:set package 'robot_launch' build argument 'catkin_cmake_args' from command line to 'None'
[0.298s] Level 5:colcon.colcon_core.verb:set package 'robot_launch' build argument 'catkin_skip_building_tests' from command line to 'False'
[0.298s] DEBUG:colcon.colcon_core.verb:Building package 'robot_launch' with the following arguments: {'ament_cmake_args': None, 'build_base': '/home/kaisar/warehouse_robot/robot/build/robot_launch', 'catkin_cmake_args': None, 'catkin_skip_building_tests': False, 'cmake_args': None, 'cmake_clean_cache': False, 'cmake_clean_first': False, 'cmake_force_configure': False, 'cmake_target': None, 'cmake_target_skip_unavailable': False, 'install_base': '/home/kaisar/warehouse_robot/robot/install/robot_launch', 'merge_install': False, 'path': '/home/kaisar/warehouse_robot/robot/ws/src/launch', 'symlink_install': True, 'test_result_base': None}
[0.298s] INFO:colcon.colcon_core.executor:Executing jobs using 'parallel' executor
[0.299s] DEBUG:colcon.colcon_parallel_executor.executor.parallel:run_until_complete
[0.299s] INFO:colcon.colcon_ros.task.ament_cmake.build:Building ROS package in '/home/kaisar/warehouse_robot/robot/ws/src/robot_msgs' with build type 'ament_cmake'
[0.300s] INFO:colcon.colcon_cmake.task.cmake.build:Building CMake package in '/home/kaisar/warehouse_robot/robot/ws/src/robot_msgs'
[0.301s] INFO:colcon.colcon_core.plugin_system:Skipping extension 'colcon_core.shell.bat': Not used on non-Windows systems
[0.302s] INFO:colcon.colcon_core.shell:Skip shell extension 'powershell' for command environment: Not usable outside of PowerShell
[0.302s] DEBUG:colcon.colcon_core.shell:Skip shell extension 'dsv' for command environment
[0.306s] INFO:colcon.colcon_ros.task.catkin.build:Building ROS package in '/home/kaisar/warehouse_robot/robot/ws/src/Stage' with build type 'catkin'
[0.307s] INFO:colcon.colcon_cmake.task.cmake.build:Building CMake package in '/home/kaisar/warehouse_robot/robot/ws/src/Stage'
[0.307s] INFO:colcon.colcon_core.shell:Skip shell extension 'powershell' for command environment: Not usable outside of PowerShell
[0.307s] DEBUG:colcon.colcon_core.shell:Skip shell extension 'dsv' for command environment
[0.312s] INFO:colcon.colcon_ros.task.ament_cmake.build:Building ROS package in '/home/kaisar/warehouse_robot/robot/ws/src/nav2' with build type 'ament_cmake'
[0.312s] INFO:colcon.colcon_cmake.task.cmake.build:Building CMake package in '/home/kaisar/warehouse_robot/robot/ws/src/nav2'
[0.312s] INFO:colcon.colcon_core.shell:Skip shell extension 'powershell' for command environment: Not usable outside of PowerShell
[0.312s] DEBUG:colcon.colcon_core.shell:Skip shell extension 'dsv' for command environment
[0.317s] INFO:colcon.colcon_ros.task.ament_cmake.build:Building ROS package in '/home/kaisar/warehouse_robot/robot/ws/src/trp1_description' with build type 'ament_cmake'
[0.317s] INFO:colcon.colcon_cmake.task.cmake.build:Building CMake package in '/home/kaisar/warehouse_robot/robot/ws/src/trp1_description'
[0.317s] INFO:colcon.colcon_core.shell:Skip shell extension 'powershell' for command environment: Not usable outside of PowerShell
[0.317s] DEBUG:colcon.colcon_core.shell:Skip shell extension 'dsv' for command environment
[0.327s] DEBUG:colcon.colcon_core.event_handler.log_command:Invoking command in '/home/kaisar/warehouse_robot/robot/build/robot_msgs': CMAKE_PREFIX_PATH=/home/kaisar/warehouse_robot/robot/install/robot_launch:/home/kaisar/warehouse_robot/install/trp1_description:/home/kaisar/warehouse_robot/install/stage_ros2:/home/kaisar/warehouse_robot/install/stage:/home/kaisar/warehouse_robot/install/robot_msgs:/home/kaisar/warehouse_robot/install/nav2:/home/kaisar/warehouse_robot/robot/install/trp1_description:/home/kaisar/warehouse_robot/robot/install/stage_ros2:/home/kaisar/warehouse_robot/robot/install/robot_status:/home/kaisar/warehouse_robot/robot/install/robot_planner:/opt/ros/jazzy:/home/kaisar/warehouse_robot/robot/install/stage:/home/kaisar/warehouse_robot/robot/install/robot_msgs:/home/kaisar/warehouse_robot/robot/install/nav2:/opt/ros/jazzy/opt/gz_sim_vendor:/opt/ros/jazzy/opt/gz_sensors_vendor:/opt/ros/jazzy/opt/gz_physics_vendor:/opt/ros/jazzy/opt/sdformat_vendor:/opt/ros/jazzy/opt/gz_gui_vendor:/opt/ros/jazzy/opt/gz_transport_vendor:/opt/ros/jazzy/opt/gz_rendering_vendor:/opt/ros/jazzy/opt/gz_plugin_vendor:/opt/ros/jazzy/opt/gz_fuel_tools_vendor:/opt/ros/jazzy/opt/gz_msgs_vendor:/opt/ros/jazzy/opt/gz_common_vendor:/opt/ros/jazzy/opt/gz_math_vendor:/opt/ros/jazzy/opt/gz_utils_vendor:/opt/ros/jazzy/opt/gz_tools_vendor:/opt/ros/jazzy/opt/gz_ogre_next_vendor:/opt/ros/jazzy/opt/gz_dartsim_vendor:/opt/ros/jazzy/opt/gz_cmake_vendor DEBUGINFOD_URLS=https://debuginfod.ubuntu.com /usr/bin/cmake --build /home/kaisar/warehouse_robot/robot/build/robot_msgs -- -j12 -l12
[0.330s] DEBUG:colcon.colcon_core.event_handler.log_command:Invoking command in '/home/kaisar/warehouse_robot/robot/build/stage': DEBUGINFOD_URLS=https://debuginfod.ubuntu.com /usr/bin/cmake --build /home/kaisar/warehouse_robot/robot/build/stage -- -j12 -l12
[0.332s] DEBUG:colcon.colcon_core.event_handler.log_command:Invoking command in '/home/kaisar/warehouse_robot/robot/build/nav2': CMAKE_PREFIX_PATH=/home/kaisar/warehouse_robot/robot/install/robot_launch:/home/kaisar/warehouse_robot/install/trp1_description:/home/kaisar/warehouse_robot/install/stage_ros2:/home/kaisar/warehouse_robot/install/stage:/home/kaisar/warehouse_robot/install/robot_msgs:/home/kaisar/warehouse_robot/install/nav2:/home/kaisar/warehouse_robot/robot/install/trp1_description:/home/kaisar/warehouse_robot/robot/install/stage_ros2:/home/kaisar/warehouse_robot/robot/install/robot_status:/home/kaisar/warehouse_robot/robot/install/robot_planner:/opt/ros/jazzy:/home/kaisar/warehouse_robot/robot/install/stage:/home/kaisar/warehouse_robot/robot/install/robot_msgs:/home/kaisar/warehouse_robot/robot/install/nav2:/opt/ros/jazzy/opt/gz_sim_vendor:/opt/ros/jazzy/opt/gz_sensors_vendor:/opt/ros/jazzy/opt/gz_physics_vendor:/opt/ros/jazzy/opt/sdformat_vendor:/opt/ros/jazzy/opt/gz_gui_vendor:/opt/ros/jazzy/opt/gz_transport_vendor:/opt/ros/jazzy/opt/gz_rendering_vendor:/opt/ros/jazzy/opt/gz_plugin_vendor:/opt/ros/jazzy/opt/gz_fuel_tools_vendor:/opt/ros/jazzy/opt/gz_msgs_vendor:/opt/ros/jazzy/opt/gz_common_vendor:/opt/ros/jazzy/opt/gz_math_vendor:/opt/ros/jazzy/opt/gz_utils_vendor:/opt/ros/jazzy/opt/gz_tools_vendor:/opt/ros/jazzy/opt/gz_ogre_next_vendor:/opt/ros/jazzy/opt/gz_dartsim_vendor:/opt/ros/jazzy/opt/gz_cmake_vendor DEBUGINFOD_URLS=https://debuginfod.ubuntu.com /usr/bin/cmake --build /home/kaisar/warehouse_robot/robot/build/nav2 -- -j12 -l12
[0.338s] DEBUG:colcon.colcon_core.event_handler.log_command:Invoking command in '/home/kaisar/warehouse_robot/robot/build/trp1_description': CMAKE_PREFIX_PATH=/home/kaisar/warehouse_robot/robot/install/robot_launch:/home/kaisar/warehouse_robot/install/trp1_description:/home/kaisar/warehouse_robot/install/stage_ros2:/home/kaisar/warehouse_robot/install/stage:/home/kaisar/warehouse_robot/install/robot_msgs:/home/kaisar/warehouse_robot/install/nav2:/home/kaisar/warehouse_robot/robot/install/trp1_description:/home/kaisar/warehouse_robot/robot/install/stage_ros2:/home/kaisar/warehouse_robot/robot/install/robot_status:/home/kaisar/warehouse_robot/robot/install/robot_planner:/opt/ros/jazzy:/home/kaisar/warehouse_robot/robot/install/stage:/home/kaisar/warehouse_robot/robot/install/robot_msgs:/home/kaisar/warehouse_robot/robot/install/nav2:/opt/ros/jazzy/opt/gz_sim_vendor:/opt/ros/jazzy/opt/gz_sensors_vendor:/opt/ros/jazzy/opt/gz_physics_vendor:/opt/ros/jazzy/opt/sdformat_vendor:/opt/ros/jazzy/opt/gz_gui_vendor:/opt/ros/jazzy/opt/gz_transport_vendor:/opt/ros/jazzy/opt/gz_rendering_vendor:/opt/ros/jazzy/opt/gz_plugin_vendor:/opt/ros/jazzy/opt/gz_fuel_tools_vendor:/opt/ros/jazzy/opt/gz_msgs_vendor:/opt/ros/jazzy/opt/gz_common_vendor:/opt/ros/jazzy/opt/gz_math_vendor:/opt/ros/jazzy/opt/gz_utils_vendor:/opt/ros/jazzy/opt/gz_tools_vendor:/opt/ros/jazzy/opt/gz_ogre_next_vendor:/opt/ros/jazzy/opt/gz_dartsim_vendor:/opt/ros/jazzy/opt/gz_cmake_vendor DEBUGINFOD_URLS=https://debuginfod.ubuntu.com /usr/bin/cmake --build /home/kaisar/warehouse_robot/robot/build/trp1_description -- -j12 -l12
[0.389s] DEBUG:colcon.colcon_core.event_handler.log_command:Invoked command in '/home/kaisar/warehouse_robot/robot/build/nav2' returned '0': CMAKE_PREFIX_PATH=/home/kaisar/warehouse_robot/robot/install/robot_launch:/home/kaisar/warehouse_robot/install/trp1_description:/home/kaisar/warehouse_robot/install/stage_ros2:/home/kaisar/warehouse_robot/install/stage:/home/kaisar/warehouse_robot/install/robot_msgs:/home/kaisar/warehouse_robot/install/nav2:/home/kaisar/warehouse_robot/robot/install/trp1_description:/home/kaisar/warehouse_robot/robot/install/stage_ros2:/home/kaisar/warehouse_robot/robot/install/robot_status:/home/kaisar/warehouse_robot/robot/install/robot_planner:/opt/ros/jazzy:/home/kaisar/warehouse_robot/robot/install/stage:/home/kaisar/warehouse_robot/robot/install/robot_msgs:/home/kaisar/warehouse_robot/robot/install/nav2:/opt/ros/jazzy/opt/gz_sim_vendor:/opt/ros/jazzy/opt/gz_sensors_vendor:/opt/ros/jazzy/opt/gz_physics_vendor:/opt/ros/jazzy/opt/sdformat_vendor:/opt/ros/jazzy/opt/gz_gui_vendor:/opt/ros/jazzy/opt/gz_transport_vendor:/opt/ros/jazzy/opt/gz_rendering_vendor:/opt/ros/jazzy/opt/gz_plugin_vendor:/opt/ros/jazzy/opt/gz_fuel_tools_vendor:/opt/ros/jazzy/opt/gz_msgs_vendor:/opt/ros/jazzy/opt/gz_common_vendor:/opt/ros/jazzy/opt/gz_math_vendor:/opt/ros/jazzy/opt/gz_utils_vendor:/opt/ros/jazzy/opt/gz_tools_vendor:/opt/ros/jazzy/opt/gz_ogre_next_vendor:/opt/ros/jazzy/opt/gz_dartsim_vendor:/opt/ros/jazzy/opt/gz_cmake_vendor DEBUGINFOD_URLS=https://debuginfod.ubuntu.com /usr/bin/cmake --build /home/kaisar/warehouse_robot/robot/build/nav2 -- -j12 -l12
[0.402s] DEBUG:colcon.colcon_core.event_handler.log_command:Invoking command in '/home/kaisar/warehouse_robot/robot/build/nav2': CMAKE_PREFIX_PATH=/home/kaisar/warehouse_robot/robot/install/robot_launch:/home/kaisar/warehouse_robot/install/trp1_description:/home/kaisar/warehouse_robot/install/stage_ros2:/home/kaisar/warehouse_robot/install/stage:/home/kaisar/warehouse_robot/install/robot_msgs:/home/kaisar/warehouse_robot/install/nav2:/home/kaisar/warehouse_robot/robot/install/trp1_description:/home/kaisar/warehouse_robot/robot/install/stage_ros2:/home/kaisar/warehouse_robot/robot/install/robot_status:/home/kaisar/warehouse_robot/robot/install/robot_planner:/opt/ros/jazzy:/home/kaisar/warehouse_robot/robot/install/stage:/home/kaisar/warehouse_robot/robot/install/robot_msgs:/home/kaisar/warehouse_robot/robot/install/nav2:/opt/ros/jazzy/opt/gz_sim_vendor:/opt/ros/jazzy/opt/gz_sensors_vendor:/opt/ros/jazzy/opt/gz_physics_vendor:/opt/ros/jazzy/opt/sdformat_vendor:/opt/ros/jazzy/opt/gz_gui_vendor:/opt/ros/jazzy/opt/gz_transport_vendor:/opt/ros/jazzy/opt/gz_rendering_vendor:/opt/ros/jazzy/opt/gz_plugin_vendor:/opt/ros/jazzy/opt/gz_fuel_tools_vendor:/opt/ros/jazzy/opt/gz_msgs_vendor:/opt/ros/jazzy/opt/gz_common_vendor:/opt/ros/jazzy/opt/gz_math_vendor:/opt/ros/jazzy/opt/gz_utils_vendor:/opt/ros/jazzy/opt/gz_tools_vendor:/opt/ros/jazzy/opt/gz_ogre_next_vendor:/opt/ros/jazzy/opt/gz_dartsim_vendor:/opt/ros/jazzy/opt/gz_cmake_vendor DEBUGINFOD_URLS=https://debuginfod.ubuntu.com /usr/bin/cmake --install /home/kaisar/warehouse_robot/robot/build/nav2
[0.404s] DEBUG:colcon.colcon_core.event_handler.log_command:Invoked command in '/home/kaisar/warehouse_robot/robot/build/trp1_description' returned '0': CMAKE_PREFIX_PATH=/home/kaisar/warehouse_robot/robot/install/robot_launch:/home/kaisar/warehouse_robot/install/trp1_description:/home/kaisar/warehouse_robot/install/stage_ros2:/home/kaisar/warehouse_robot/install/stage:/home/kaisar/warehouse_robot/install/robot_msgs:/home/kaisar/warehouse_robot/install/nav2:/home/kaisar/warehouse_robot/robot/install/trp1_description:/home/kaisar/warehouse_robot/robot/install/stage_ros2:/home/kaisar/warehouse_robot/robot/install/robot_status:/home/kaisar/warehouse_robot/robot/install/robot_planner:/opt/ros/jazzy:/home/kaisar/warehouse_robot/robot/install/stage:/home/kaisar/warehouse_robot/robot/install/robot_msgs:/home/kaisar/warehouse_robot/robot/install/nav2:/opt/ros/jazzy/opt/gz_sim_vendor:/opt/ros/jazzy/opt/gz_sensors_vendor:/opt/ros/jazzy/opt/gz_physics_vendor:/opt/ros/jazzy/opt/sdformat_vendor:/opt/ros/jazzy/opt/gz_gui_vendor:/opt/ros/jazzy/opt/gz_transport_vendor:/opt/ros/jazzy/opt/gz_rendering_vendor:/opt/ros/jazzy/opt/gz_plugin_vendor:/opt/ros/jazzy/opt/gz_fuel_tools_vendor:/opt/ros/jazzy/opt/gz_msgs_vendor:/opt/ros/jazzy/opt/gz_common_vendor:/opt/ros/jazzy/opt/gz_math_vendor:/opt/ros/jazzy/opt/gz_utils_vendor:/opt/ros/jazzy/opt/gz_tools_vendor:/opt/ros/jazzy/opt/gz_ogre_next_vendor:/opt/ros/jazzy/opt/gz_dartsim_vendor:/opt/ros/jazzy/opt/gz_cmake_vendor DEBUGINFOD_URLS=https://debuginfod.ubuntu.com /usr/bin/cmake --build /home/kaisar/warehouse_robot/robot/build/trp1_description -- -j12 -l12
[0.406s] DEBUG:colcon.colcon_core.event_handler.log_command:Invoking command in '/home/kaisar/warehouse_robot/robot/build/trp1_description': CMAKE_PREFIX_PATH=/home/kaisar/warehouse_robot/robot/install/robot_launch:/home/kaisar/warehouse_robot/install/trp1_description:/home/kaisar/warehouse_robot/install/stage_ros2:/home/kaisar/warehouse_robot/install/stage:/home/kaisar/warehouse_robot/install/robot_msgs:/home/kaisar/warehouse_robot/install/nav2:/home/kaisar/warehouse_robot/robot/install/trp1_description:/home/kaisar/warehouse_robot/robot/install/stage_ros2:/home/kaisar/warehouse_robot/robot/install/robot_status:/home/kaisar/warehouse_robot/robot/install/robot_planner:/opt/ros/jazzy:/home/kaisar/warehouse_robot/robot/install/stage:/home/kaisar/warehouse_robot/robot/install/robot_msgs:/home/kaisar/warehouse_robot/robot/install/nav2:/opt/ros/jazzy/opt/gz_sim_vendor:/opt/ros/jazzy/opt/gz_sensors_vendor:/opt/ros/jazzy/opt/gz_physics_vendor:/opt/ros/jazzy/opt/sdformat_vendor:/opt/ros/jazzy/opt/gz_gui_vendor:/opt/ros/jazzy/opt/gz_transport_vendor:/opt/ros/jazzy/opt/gz_rendering_vendor:/opt/ros/jazzy/opt/gz_plugin_vendor:/opt/ros/jazzy/opt/gz_fuel_tools_vendor:/opt/ros/jazzy/opt/gz_msgs_vendor:/opt/ros/jazzy/opt/gz_common_vendor:/opt/ros/jazzy/opt/gz_math_vendor:/opt/ros/jazzy/opt/gz_utils_vendor:/opt/ros/jazzy/opt/gz_tools_vendor:/opt/ros/jazzy/opt/gz_ogre_next_vendor:/opt/ros/jazzy/opt/gz_dartsim_vendor:/opt/ros/jazzy/opt/gz_cmake_vendor DEBUGINFOD_URLS=https://debuginfod.ubuntu.com /usr/bin/cmake --install /home/kaisar/warehouse_robot/robot/build/trp1_description
[0.439s] Level 1:colcon.colcon_core.environment:create_environment_scripts_only(trp1_description)
[0.441s] DEBUG:colcon.colcon_core.event_handler.log_command:Invoked command in '/home/kaisar/warehouse_robot/robot/build/trp1_description' returned '0': CMAKE_PREFIX_PATH=/home/kaisar/warehouse_robot/robot/install/robot_launch:/home/kaisar/warehouse_robot/install/trp1_description:/home/kaisar/warehouse_robot/install/stage_ros2:/home/kaisar/warehouse_robot/install/stage:/home/kaisar/warehouse_robot/install/robot_msgs:/home/kaisar/warehouse_robot/install/nav2:/home/kaisar/warehouse_robot/robot/install/trp1_description:/home/kaisar/warehouse_robot/robot/install/stage_ros2:/home/kaisar/warehouse_robot/robot/install/robot_status:/home/kaisar/warehouse_robot/robot/install/robot_planner:/opt/ros/jazzy:/home/kaisar/warehouse_robot/robot/install/stage:/home/kaisar/warehouse_robot/robot/install/robot_msgs:/home/kaisar/warehouse_robot/robot/install/nav2:/opt/ros/jazzy/opt/gz_sim_vendor:/opt/ros/jazzy/opt/gz_sensors_vendor:/opt/ros/jazzy/opt/gz_physics_vendor:/opt/ros/jazzy/opt/sdformat_vendor:/opt/ros/jazzy/opt/gz_gui_vendor:/opt/ros/jazzy/opt/gz_transport_vendor:/opt/ros/jazzy/opt/gz_rendering_vendor:/opt/ros/jazzy/opt/gz_plugin_vendor:/opt/ros/jazzy/opt/gz_fuel_tools_vendor:/opt/ros/jazzy/opt/gz_msgs_vendor:/opt/ros/jazzy/opt/gz_common_vendor:/opt/ros/jazzy/opt/gz_math_vendor:/opt/ros/jazzy/opt/gz_utils_vendor:/opt/ros/jazzy/opt/gz_tools_vendor:/opt/ros/jazzy/opt/gz_ogre_next_vendor:/opt/ros/jazzy/opt/gz_dartsim_vendor:/opt/ros/jazzy/opt/gz_cmake_vendor DEBUGINFOD_URLS=https://debuginfod.ubuntu.com /usr/bin/cmake --install /home/kaisar/warehouse_robot/robot/build/trp1_description
[0.447s] Level 1:colcon.colcon_core.environment:checking '/home/kaisar/warehouse_robot/robot/install/trp1_description' for CMake module files
[0.450s] Level 1:colcon.colcon_core.environment:checking '/home/kaisar/warehouse_robot/robot/install/trp1_description' for CMake config files
[0.454s] Level 1:colcon.colcon_core.shell:create_environment_hook('trp1_description', 'cmake_prefix_path')
[0.454s] INFO:colcon.colcon_core.shell:Creating environment hook '/home/kaisar/warehouse_robot/robot/install/trp1_description/share/trp1_description/hook/cmake_prefix_path.ps1'
[0.455s] INFO:colcon.colcon_core.shell:Creating environment descriptor '/home/kaisar/warehouse_robot/robot/install/trp1_description/share/trp1_description/hook/cmake_prefix_path.dsv'
[0.456s] INFO:colcon.colcon_core.shell:Creating environment hook '/home/kaisar/warehouse_robot/robot/install/trp1_description/share/trp1_description/hook/cmake_prefix_path.sh'
[0.461s] Level 1:colcon.colcon_core.environment:checking '/home/kaisar/warehouse_robot/robot/install/trp1_description/bin'
[0.461s] Level 1:colcon.colcon_core.environment:checking '/home/kaisar/warehouse_robot/robot/install/trp1_description/lib/pkgconfig/trp1_description.pc'
[0.462s] Level 1:colcon.colcon_core.environment:checking '/home/kaisar/warehouse_robot/robot/install/trp1_description/lib/python3.12/site-packages'
[0.462s] Level 1:colcon.colcon_core.environment:checking '/home/kaisar/warehouse_robot/robot/install/trp1_description/bin'
[0.462s] INFO:colcon.colcon_core.shell:Creating package script '/home/kaisar/warehouse_robot/robot/install/trp1_description/share/trp1_description/package.ps1'
[0.470s] INFO:colcon.colcon_core.shell:Creating package descriptor '/home/kaisar/warehouse_robot/robot/install/trp1_description/share/trp1_description/package.dsv'
[0.471s] INFO:colcon.colcon_core.shell:Creating package script '/home/kaisar/warehouse_robot/robot/install/trp1_description/share/trp1_description/package.sh'
[0.472s] INFO:colcon.colcon_core.shell:Creating package script '/home/kaisar/warehouse_robot/robot/install/trp1_description/share/trp1_description/package.bash'
[0.476s] INFO:colcon.colcon_core.shell:Creating package script '/home/kaisar/warehouse_robot/robot/install/trp1_description/share/trp1_description/package.zsh'
[0.478s] Level 1:colcon.colcon_core.environment:create_file_with_runtime_dependencies(/home/kaisar/warehouse_robot/robot/install/trp1_description/share/colcon-core/packages/trp1_description)
[0.480s] Level 1:colcon.colcon_core.environment:create_environment_scripts_only(trp1_description)
[0.480s] Level 1:colcon.colcon_core.environment:checking '/home/kaisar/warehouse_robot/robot/install/trp1_description' for CMake module files
[0.488s] Level 1:colcon.colcon_core.environment:checking '/home/kaisar/warehouse_robot/robot/install/trp1_description' for CMake config files
[0.488s] Level 1:colcon.colcon_core.shell:create_environment_hook('trp1_description', 'cmake_prefix_path')
[0.489s] INFO:colcon.colcon_core.shell:Creating environment hook '/home/kaisar/warehouse_robot/robot/install/trp1_description/share/trp1_description/hook/cmake_prefix_path.ps1'
[0.490s] INFO:colcon.colcon_core.shell:Creating environment descriptor '/home/kaisar/warehouse_robot/robot/install/trp1_description/share/trp1_description/hook/cmake_prefix_path.dsv'
[0.491s] INFO:colcon.colcon_core.shell:Creating environment hook '/home/kaisar/warehouse_robot/robot/install/trp1_description/share/trp1_description/hook/cmake_prefix_path.sh'
[0.495s] Level 1:colcon.colcon_core.environment:checking '/home/kaisar/warehouse_robot/robot/install/trp1_description/bin'
[0.495s] Level 1:colcon.colcon_core.environment:checking '/home/kaisar/warehouse_robot/robot/install/trp1_description/lib/pkgconfig/trp1_description.pc'
[0.495s] Level 1:colcon.colcon_core.environment:checking '/home/kaisar/warehouse_robot/robot/install/trp1_description/lib/python3.12/site-packages'
[0.495s] Level 1:colcon.colcon_core.environment:checking '/home/kaisar/warehouse_robot/robot/install/trp1_description/bin'
[0.496s] INFO:colcon.colcon_core.shell:Creating package script '/home/kaisar/warehouse_robot/robot/install/trp1_description/share/trp1_description/package.ps1'
[0.504s] INFO:colcon.colcon_core.shell:Creating package descriptor '/home/kaisar/warehouse_robot/robot/install/trp1_description/share/trp1_description/package.dsv'
[0.505s] INFO:colcon.colcon_core.shell:Creating package script '/home/kaisar/warehouse_robot/robot/install/trp1_description/share/trp1_description/package.sh'
[0.505s] INFO:colcon.colcon_core.shell:Creating package script '/home/kaisar/warehouse_robot/robot/install/trp1_description/share/trp1_description/package.bash'
[0.506s] INFO:colcon.colcon_core.shell:Creating package script '/home/kaisar/warehouse_robot/robot/install/trp1_description/share/trp1_description/package.zsh'
[0.516s] Level 1:colcon.colcon_core.environment:create_file_with_runtime_dependencies(/home/kaisar/warehouse_robot/robot/install/trp1_description/share/colcon-core/packages/trp1_description)
[0.576s] Level 1:colcon.colcon_core.environment:create_environment_scripts_only(nav2)
[0.576s] Level 1:colcon.colcon_core.environment:checking '/home/kaisar/warehouse_robot/robot/install/nav2' for CMake module files
[0.577s] Level 1:colcon.colcon_core.environment:checking '/home/kaisar/warehouse_robot/robot/install/nav2' for CMake config files
[0.578s] DEBUG:colcon.colcon_core.event_handler.log_command:Invoked command in '/home/kaisar/warehouse_robot/robot/build/nav2' returned '0': CMAKE_PREFIX_PATH=/home/kaisar/warehouse_robot/robot/install/robot_launch:/home/kaisar/warehouse_robot/install/trp1_description:/home/kaisar/warehouse_robot/install/stage_ros2:/home/kaisar/warehouse_robot/install/stage:/home/kaisar/warehouse_robot/install/robot_msgs:/home/kaisar/warehouse_robot/install/nav2:/home/kaisar/warehouse_robot/robot/install/trp1_description:/home/kaisar/warehouse_robot/robot/install/stage_ros2:/home/kaisar/warehouse_robot/robot/install/robot_status:/home/kaisar/warehouse_robot/robot/install/robot_planner:/opt/ros/jazzy:/home/kaisar/warehouse_robot/robot/install/stage:/home/kaisar/warehouse_robot/robot/install/robot_msgs:/home/kaisar/warehouse_robot/robot/install/nav2:/opt/ros/jazzy/opt/gz_sim_vendor:/opt/ros/jazzy/opt/gz_sensors_vendor:/opt/ros/jazzy/opt/gz_physics_vendor:/opt/ros/jazzy/opt/sdformat_vendor:/opt/ros/jazzy/opt/gz_gui_vendor:/opt/ros/jazzy/opt/gz_transport_vendor:/opt/ros/jazzy/opt/gz_rendering_vendor:/opt/ros/jazzy/opt/gz_plugin_vendor:/opt/ros/jazzy/opt/gz_fuel_tools_vendor:/opt/ros/jazzy/opt/gz_msgs_vendor:/opt/ros/jazzy/opt/gz_common_vendor:/opt/ros/jazzy/opt/gz_math_vendor:/opt/ros/jazzy/opt/gz_utils_vendor:/opt/ros/jazzy/opt/gz_tools_vendor:/opt/ros/jazzy/opt/gz_ogre_next_vendor:/opt/ros/jazzy/opt/gz_dartsim_vendor:/opt/ros/jazzy/opt/gz_cmake_vendor DEBUGINFOD_URLS=https://debuginfod.ubuntu.com /usr/bin/cmake --install /home/kaisar/warehouse_robot/robot/build/nav2
[0.588s] Level 1:colcon.colcon_core.shell:create_environment_hook('nav2', 'cmake_prefix_path')
[0.588s] INFO:colcon.colcon_core.shell:Creating environment hook '/home/kaisar/warehouse_robot/robot/install/nav2/share/nav2/hook/cmake_prefix_path.ps1'
[0.589s] INFO:colcon.colcon_core.shell:Creating environment descriptor '/home/kaisar/warehouse_robot/robot/install/nav2/share/nav2/hook/cmake_prefix_path.dsv'
[0.589s] INFO:colcon.colcon_core.shell:Creating environment hook '/home/kaisar/warehouse_robot/robot/install/nav2/share/nav2/hook/cmake_prefix_path.sh'
[0.590s] Level 1:colcon.colcon_core.environment:checking '/home/kaisar/warehouse_robot/robot/install/nav2/bin'
[0.590s] Level 1:colcon.colcon_core.environment:checking '/home/kaisar/warehouse_robot/robot/install/nav2/lib/pkgconfig/nav2.pc'
[0.590s] Level 1:colcon.colcon_core.environment:checking '/home/kaisar/warehouse_robot/robot/install/nav2/lib/python3.12/site-packages'
[0.590s] Level 1:colcon.colcon_core.environment:checking '/home/kaisar/warehouse_robot/robot/install/nav2/bin'
[0.591s] INFO:colcon.colcon_core.shell:Creating package script '/home/kaisar/warehouse_robot/robot/install/nav2/share/nav2/package.ps1'
[0.591s] INFO:colcon.colcon_core.shell:Creating package descriptor '/home/kaisar/warehouse_robot/robot/install/nav2/share/nav2/package.dsv'
[0.592s] INFO:colcon.colcon_core.shell:Creating package script '/home/kaisar/warehouse_robot/robot/install/nav2/share/nav2/package.sh'
[0.592s] INFO:colcon.colcon_core.shell:Creating package script '/home/kaisar/warehouse_robot/robot/install/nav2/share/nav2/package.bash'
[0.593s] INFO:colcon.colcon_core.shell:Creating package script '/home/kaisar/warehouse_robot/robot/install/nav2/share/nav2/package.zsh'
[0.593s] Level 1:colcon.colcon_core.environment:create_file_with_runtime_dependencies(/home/kaisar/warehouse_robot/robot/install/nav2/share/colcon-core/packages/nav2)
[0.594s] Level 1:colcon.colcon_core.environment:create_environment_scripts_only(nav2)
[0.594s] Level 1:colcon.colcon_core.environment:checking '/home/kaisar/warehouse_robot/robot/install/nav2' for CMake module files
[0.595s] Level 1:colcon.colcon_core.environment:checking '/home/kaisar/warehouse_robot/robot/install/nav2' for CMake config files
[0.606s] Level 1:colcon.colcon_core.shell:create_environment_hook('nav2', 'cmake_prefix_path')
[0.607s] INFO:colcon.colcon_core.shell:Creating environment hook '/home/kaisar/warehouse_robot/robot/install/nav2/share/nav2/hook/cmake_prefix_path.ps1'
[0.607s] INFO:colcon.colcon_core.shell:Creating environment descriptor '/home/kaisar/warehouse_robot/robot/install/nav2/share/nav2/hook/cmake_prefix_path.dsv'
[0.607s] INFO:colcon.colcon_core.shell:Creating environment hook '/home/kaisar/warehouse_robot/robot/install/nav2/share/nav2/hook/cmake_prefix_path.sh'
[0.608s] Level 1:colcon.colcon_core.environment:checking '/home/kaisar/warehouse_robot/robot/install/nav2/bin'
[0.608s] Level 1:colcon.colcon_core.environment:checking '/home/kaisar/warehouse_robot/robot/install/nav2/lib/pkgconfig/nav2.pc'
[0.608s] Level 1:colcon.colcon_core.environment:checking '/home/kaisar/warehouse_robot/robot/install/nav2/lib/python3.12/site-packages'
[0.608s] Level 1:colcon.colcon_core.environment:checking '/home/kaisar/warehouse_robot/robot/install/nav2/bin'
[0.609s] INFO:colcon.colcon_core.shell:Creating package script '/home/kaisar/warehouse_robot/robot/install/nav2/share/nav2/package.ps1'
[0.609s] INFO:colcon.colcon_core.shell:Creating package descriptor '/home/kaisar/warehouse_robot/robot/install/nav2/share/nav2/package.dsv'
[0.610s] INFO:colcon.colcon_core.shell:Creating package script '/home/kaisar/warehouse_robot/robot/install/nav2/share/nav2/package.sh'
[0.610s] INFO:colcon.colcon_core.shell:Creating package script '/home/kaisar/warehouse_robot/robot/install/nav2/share/nav2/package.bash'
[0.611s] INFO:colcon.colcon_core.shell:Creating package script '/home/kaisar/warehouse_robot/robot/install/nav2/share/nav2/package.zsh'
[0.611s] Level 1:colcon.colcon_core.environment:create_file_with_runtime_dependencies(/home/kaisar/warehouse_robot/robot/install/nav2/share/colcon-core/packages/nav2)
[0.612s] DEBUG:colcon.colcon_core.event_handler.log_command:Invoked command in '/home/kaisar/warehouse_robot/robot/build/stage' returned '0': DEBUGINFOD_URLS=https://debuginfod.ubuntu.com /usr/bin/cmake --build /home/kaisar/warehouse_robot/robot/build/stage -- -j12 -l12
[0.613s] DEBUG:colcon.colcon_core.event_handler.log_command:Invoking command in '/home/kaisar/warehouse_robot/robot/build/stage': DEBUGINFOD_URLS=https://debuginfod.ubuntu.com /usr/bin/cmake --install /home/kaisar/warehouse_robot/robot/build/stage
[0.635s] Level 1:colcon.colcon_core.shell:create_environment_hook('stage', 'ros_package_path')
[0.635s] INFO:colcon.colcon_core.shell:Creating environment hook '/home/kaisar/warehouse_robot/robot/install/stage/share/stage/hook/ros_package_path.ps1'
[0.636s] INFO:colcon.colcon_core.shell:Creating environment descriptor '/home/kaisar/warehouse_robot/robot/install/stage/share/stage/hook/ros_package_path.dsv'
[0.636s] INFO:colcon.colcon_core.shell:Creating environment hook '/home/kaisar/warehouse_robot/robot/install/stage/share/stage/hook/ros_package_path.sh'
[0.637s] Level 1:colcon.colcon_core.shell:create_environment_hook('stage', 'pkg_config_path')
[0.637s] INFO:colcon.colcon_core.shell:Creating environment hook '/home/kaisar/warehouse_robot/robot/install/stage/share/stage/hook/pkg_config_path.ps1'
[0.638s] INFO:colcon.colcon_core.shell:Creating environment descriptor '/home/kaisar/warehouse_robot/robot/install/stage/share/stage/hook/pkg_config_path.dsv'
[0.638s] DEBUG:colcon.colcon_core.event_handler.log_command:Invoked command in '/home/kaisar/warehouse_robot/robot/build/stage' returned '0': DEBUGINFOD_URLS=https://debuginfod.ubuntu.com /usr/bin/cmake --install /home/kaisar/warehouse_robot/robot/build/stage
[0.639s] INFO:colcon.colcon_core.shell:Creating environment hook '/home/kaisar/warehouse_robot/robot/install/stage/share/stage/hook/pkg_config_path.sh'
[0.641s] Level 1:colcon.colcon_core.shell:create_environment_hook('stage', 'pkg_config_path_multiarch')
[0.641s] INFO:colcon.colcon_core.shell:Creating environment hook '/home/kaisar/warehouse_robot/robot/install/stage/share/stage/hook/pkg_config_path_multiarch.ps1'
[0.641s] INFO:colcon.colcon_core.shell:Creating environment descriptor '/home/kaisar/warehouse_robot/robot/install/stage/share/stage/hook/pkg_config_path_multiarch.dsv'
[0.642s] INFO:colcon.colcon_core.shell:Creating environment hook '/home/kaisar/warehouse_robot/robot/install/stage/share/stage/hook/pkg_config_path_multiarch.sh'
[0.643s] Level 1:colcon.colcon_core.environment:create_environment_scripts_only(stage)
[0.643s] Level 1:colcon.colcon_core.environment:checking '/home/kaisar/warehouse_robot/robot/install/stage' for CMake module files
[0.643s] Level 1:colcon.colcon_core.environment:checking '/home/kaisar/warehouse_robot/robot/install/stage' for CMake config files
[0.644s] Level 1:colcon.colcon_core.shell:create_environment_hook('stage', 'cmake_prefix_path')
[0.644s] INFO:colcon.colcon_core.shell:Creating environment hook '/home/kaisar/warehouse_robot/robot/install/stage/share/stage/hook/cmake_prefix_path.ps1'
[0.644s] INFO:colcon.colcon_core.shell:Creating environment descriptor '/home/kaisar/warehouse_robot/robot/install/stage/share/stage/hook/cmake_prefix_path.dsv'
[0.645s] INFO:colcon.colcon_core.shell:Creating environment hook '/home/kaisar/warehouse_robot/robot/install/stage/share/stage/hook/cmake_prefix_path.sh'
[0.645s] Level 1:colcon.colcon_core.environment:checking '/home/kaisar/warehouse_robot/robot/install/stage/lib'
[0.645s] Level 1:colcon.colcon_core.shell:create_environment_hook('stage', 'ld_library_path_lib')
[0.646s] INFO:colcon.colcon_core.shell:Creating environment hook '/home/kaisar/warehouse_robot/robot/install/stage/share/stage/hook/ld_library_path_lib.ps1'
[0.646s] INFO:colcon.colcon_core.shell:Creating environment descriptor '/home/kaisar/warehouse_robot/robot/install/stage/share/stage/hook/ld_library_path_lib.dsv'
[0.646s] INFO:colcon.colcon_core.shell:Creating environment hook '/home/kaisar/warehouse_robot/robot/install/stage/share/stage/hook/ld_library_path_lib.sh'
[0.647s] Level 1:colcon.colcon_core.environment:checking '/home/kaisar/warehouse_robot/robot/install/stage/bin'
[0.647s] Level 1:colcon.colcon_core.shell:create_environment_hook('stage', 'path')
[0.647s] INFO:colcon.colcon_core.shell:Creating environment hook '/home/kaisar/warehouse_robot/robot/install/stage/share/stage/hook/path.ps1'
[0.648s] INFO:colcon.colcon_core.shell:Creating environment descriptor '/home/kaisar/warehouse_robot/robot/install/stage/share/stage/hook/path.dsv'
[0.648s] INFO:colcon.colcon_core.shell:Creating environment hook '/home/kaisar/warehouse_robot/robot/install/stage/share/stage/hook/path.sh'
[0.648s] Level 1:colcon.colcon_core.environment:checking '/home/kaisar/warehouse_robot/robot/install/stage/lib/pkgconfig/stage.pc'
[0.648s] Level 1:colcon.colcon_core.shell:create_environment_hook('stage', 'pkg_config')
[0.649s] INFO:colcon.colcon_core.shell:Creating environment hook '/home/kaisar/warehouse_robot/robot/install/stage/share/stage/hook/pkg_config.ps1'
[0.649s] INFO:colcon.colcon_core.shell:Creating environment descriptor '/home/kaisar/warehouse_robot/robot/install/stage/share/stage/hook/pkg_config.dsv'
[0.649s] INFO:colcon.colcon_core.shell:Creating environment hook '/home/kaisar/warehouse_robot/robot/install/stage/share/stage/hook/pkg_config.sh'
[0.650s] Level 1:colcon.colcon_core.environment:checking '/home/kaisar/warehouse_robot/robot/install/stage/lib/python3.12/site-packages'
[0.650s] Level 1:colcon.colcon_core.environment:checking '/home/kaisar/warehouse_robot/robot/install/stage/bin'
[0.650s] Level 1:colcon.colcon_core.shell:create_environment_hook('stage', 'pythonscriptspath')
[0.650s] INFO:colcon.colcon_core.shell:Creating environment hook '/home/kaisar/warehouse_robot/robot/install/stage/share/stage/hook/pythonscriptspath.ps1'
[0.651s] INFO:colcon.colcon_core.shell:Creating environment descriptor '/home/kaisar/warehouse_robot/robot/install/stage/share/stage/hook/pythonscriptspath.dsv'
[0.651s] INFO:colcon.colcon_core.shell:Creating environment hook '/home/kaisar/warehouse_robot/robot/install/stage/share/stage/hook/pythonscriptspath.sh'
[0.652s] INFO:colcon.colcon_core.shell:Creating package script '/home/kaisar/warehouse_robot/robot/install/stage/share/stage/package.ps1'
[0.653s] INFO:colcon.colcon_core.shell:Creating package descriptor '/home/kaisar/warehouse_robot/robot/install/stage/share/stage/package.dsv'
[0.654s] INFO:colcon.colcon_core.shell:Creating package script '/home/kaisar/warehouse_robot/robot/install/stage/share/stage/package.sh'
[0.654s] INFO:colcon.colcon_core.shell:Creating package script '/home/kaisar/warehouse_robot/robot/install/stage/share/stage/package.bash'
[0.655s] INFO:colcon.colcon_core.shell:Creating package script '/home/kaisar/warehouse_robot/robot/install/stage/share/stage/package.zsh'
[0.655s] Level 1:colcon.colcon_core.environment:create_file_with_runtime_dependencies(/home/kaisar/warehouse_robot/robot/install/stage/share/colcon-core/packages/stage)
[0.656s] INFO:colcon.colcon_ros.task.ament_cmake.build:Building ROS package in '/home/kaisar/warehouse_robot/robot/ws/src/stage_ros2' with build type 'ament_cmake'
[0.656s] INFO:colcon.colcon_cmake.task.cmake.build:Building CMake package in '/home/kaisar/warehouse_robot/robot/ws/src/stage_ros2'
[0.656s] INFO:colcon.colcon_core.shell:Skip shell extension 'powershell' for command environment: Not usable outside of PowerShell
[0.656s] DEBUG:colcon.colcon_core.shell:Skip shell extension 'dsv' for command environment
[0.672s] DEBUG:colcon.colcon_core.event_handler.log_command:Invoking command in '/home/kaisar/warehouse_robot/robot/build/stage_ros2': CMAKE_PREFIX_PATH=/home/kaisar/warehouse_robot/robot/install/robot_status:/home/kaisar/warehouse_robot/robot/install/robot_planner:/opt/ros/jazzy:/home/kaisar/warehouse_robot/robot/install/stage:/home/kaisar/warehouse_robot/robot/install/robot_launch:/home/kaisar/warehouse_robot/install/trp1_description:/home/kaisar/warehouse_robot/install/stage_ros2:/home/kaisar/warehouse_robot/install/stage:/home/kaisar/warehouse_robot/install/robot_msgs:/home/kaisar/warehouse_robot/install/nav2:/home/kaisar/warehouse_robot/robot/install/trp1_description:/home/kaisar/warehouse_robot/robot/install/stage_ros2:/home/kaisar/warehouse_robot/robot/install/robot_msgs:/home/kaisar/warehouse_robot/robot/install/nav2:/opt/ros/jazzy/opt/gz_sim_vendor:/opt/ros/jazzy/opt/gz_sensors_vendor:/opt/ros/jazzy/opt/gz_physics_vendor:/opt/ros/jazzy/opt/sdformat_vendor:/opt/ros/jazzy/opt/gz_gui_vendor:/opt/ros/jazzy/opt/gz_transport_vendor:/opt/ros/jazzy/opt/gz_rendering_vendor:/opt/ros/jazzy/opt/gz_plugin_vendor:/opt/ros/jazzy/opt/gz_fuel_tools_vendor:/opt/ros/jazzy/opt/gz_msgs_vendor:/opt/ros/jazzy/opt/gz_common_vendor:/opt/ros/jazzy/opt/gz_math_vendor:/opt/ros/jazzy/opt/gz_utils_vendor:/opt/ros/jazzy/opt/gz_tools_vendor:/opt/ros/jazzy/opt/gz_ogre_next_vendor:/opt/ros/jazzy/opt/gz_dartsim_vendor:/opt/ros/jazzy/opt/gz_cmake_vendor DEBUGINFOD_URLS=https://debuginfod.ubuntu.com LD_LIBRARY_PATH=/home/kaisar/warehouse_robot/robot/install/stage/lib:/home/kaisar/warehouse_robot/install/stage_ros2/lib:/home/kaisar/warehouse_robot/install/stage/lib:/home/kaisar/warehouse_robot/install/robot_msgs/lib:/home/kaisar/warehouse_robot/robot/install/stage_ros2/lib:/home/kaisar/warehouse_robot/robot/install/robot_msgs/lib:/opt/ros/jazzy/opt/gz_sim_vendor/lib:/opt/ros/jazzy/opt/gz_sensors_vendor/lib:/opt/ros/jazzy/opt/gz_physics_vendor/lib:/opt/ros/jazzy/opt/sdformat_vendor/lib:/opt/ros/jazzy/opt/rviz_ogre_vendor/lib:/opt/ros/jazzy/lib/x86_64-linux-gnu:/opt/ros/jazzy/opt/gz_gui_vendor/lib:/opt/ros/jazzy/opt/gz_transport_vendor/lib:/opt/ros/jazzy/opt/gz_rendering_vendor/lib:/opt/ros/jazzy/opt/gz_plugin_vendor/lib:/opt/ros/jazzy/opt/gz_fuel_tools_vendor/lib:/opt/ros/jazzy/opt/gz_msgs_vendor/lib:/opt/ros/jazzy/opt/gz_common_vendor/lib:/opt/ros/jazzy/opt/gz_math_vendor/lib:/opt/ros/jazzy/opt/gz_utils_vendor/lib:/opt/ros/jazzy/opt/gz_tools_vendor/lib:/opt/ros/jazzy/opt/gz_ogre_next_vendor/lib:/opt/ros/jazzy/opt/gz_dartsim_vendor/lib:/opt/ros/jazzy/opt/gz_cmake_vendor/lib:/opt/ros/jazzy/lib PATH=/home/kaisar/warehouse_robot/robot/install/stage/bin:/home/kaisar/warehouse_robot/install/stage/bin:/opt/ros/jazzy/opt/gz_msgs_vendor/bin:/opt/ros/jazzy/opt/gz_tools_vendor/bin:/opt/ros/jazzy/opt/gz_ogre_next_vendor/bin:/opt/ros/jazzy/bin:/usr/local/sbin:/usr/local/bin:/usr/sbin:/usr/bin:/sbin:/bin:/usr/games:/usr/local/games:/snap/bin:/snap/bin PKG_CONFIG_PATH=/home/kaisar/warehouse_robot/robot/install/stage/lib/x86_64-linux-gnu/pkgconfig:/home/kaisar/warehouse_robot/robot/install/stage/lib/pkgconfig:/home/kaisar/warehouse_robot/install/stage/lib/x86_64-linux-gnu/pkgconfig:/home/kaisar/warehouse_robot/install/stage/lib/pkgconfig ROS_PACKAGE_PATH=/home/kaisar/warehouse_robot/robot/install/stage/share:/home/kaisar/warehouse_robot/install/stage/share /usr/bin/cmake --build /home/kaisar/warehouse_robot/robot/build/stage_ros2 -- -j12 -l12
[0.827s] DEBUG:colcon.colcon_core.event_handler.log_command:Invoked command in '/home/kaisar/warehouse_robot/robot/build/stage_ros2' returned '0': CMAKE_PREFIX_PATH=/home/kaisar/warehouse_robot/robot/install/robot_status:/home/kaisar/warehouse_robot/robot/install/robot_planner:/opt/ros/jazzy:/home/kaisar/warehouse_robot/robot/install/stage:/home/kaisar/warehouse_robot/robot/install/robot_launch:/home/kaisar/warehouse_robot/install/trp1_description:/home/kaisar/warehouse_robot/install/stage_ros2:/home/kaisar/warehouse_robot/install/stage:/home/kaisar/warehouse_robot/install/robot_msgs:/home/kaisar/warehouse_robot/install/nav2:/home/kaisar/warehouse_robot/robot/install/trp1_description:/home/kaisar/warehouse_robot/robot/install/stage_ros2:/home/kaisar/warehouse_robot/robot/install/robot_msgs:/home/kaisar/warehouse_robot/robot/install/nav2:/opt/ros/jazzy/opt/gz_sim_vendor:/opt/ros/jazzy/opt/gz_sensors_vendor:/opt/ros/jazzy/opt/gz_physics_vendor:/opt/ros/jazzy/opt/sdformat_vendor:/opt/ros/jazzy/opt/gz_gui_vendor:/opt/ros/jazzy/opt/gz_transport_vendor:/opt/ros/jazzy/opt/gz_rendering_vendor:/opt/ros/jazzy/opt/gz_plugin_vendor:/opt/ros/jazzy/opt/gz_fuel_tools_vendor:/opt/ros/jazzy/opt/gz_msgs_vendor:/opt/ros/jazzy/opt/gz_common_vendor:/opt/ros/jazzy/opt/gz_math_vendor:/opt/ros/jazzy/opt/gz_utils_vendor:/opt/ros/jazzy/opt/gz_tools_vendor:/opt/ros/jazzy/opt/gz_ogre_next_vendor:/opt/ros/jazzy/opt/gz_dartsim_vendor:/opt/ros/jazzy/opt/gz_cmake_vendor DEBUGINFOD_URLS=https://debuginfod.ubuntu.com LD_LIBRARY_PATH=/home/kaisar/warehouse_robot/robot/install/stage/lib:/home/kaisar/warehouse_robot/install/stage_ros2/lib:/home/kaisar/warehouse_robot/install/stage/lib:/home/kaisar/warehouse_robot/install/robot_msgs/lib:/home/kaisar/warehouse_robot/robot/install/stage_ros2/lib:/home/kaisar/warehouse_robot/robot/install/robot_msgs/lib:/opt/ros/jazzy/opt/gz_sim_vendor/lib:/opt/ros/jazzy/opt/gz_sensors_vendor/lib:/opt/ros/jazzy/opt/gz_physics_vendor/lib:/opt/ros/jazzy/opt/sdformat_vendor/lib:/opt/ros/jazzy/opt/rviz_ogre_vendor/lib:/opt/ros/jazzy/lib/x86_64-linux-gnu:/opt/ros/jazzy/opt/gz_gui_vendor/lib:/opt/ros/jazzy/opt/gz_transport_vendor/lib:/opt/ros/jazzy/opt/gz_rendering_vendor/lib:/opt/ros/jazzy/opt/gz_plugin_vendor/lib:/opt/ros/jazzy/opt/gz_fuel_tools_vendor/lib:/opt/ros/jazzy/opt/gz_msgs_vendor/lib:/opt/ros/jazzy/opt/gz_common_vendor/lib:/opt/ros/jazzy/opt/gz_math_vendor/lib:/opt/ros/jazzy/opt/gz_utils_vendor/lib:/opt/ros/jazzy/opt/gz_tools_vendor/lib:/opt/ros/jazzy/opt/gz_ogre_next_vendor/lib:/opt/ros/jazzy/opt/gz_dartsim_vendor/lib:/opt/ros/jazzy/opt/gz_cmake_vendor/lib:/opt/ros/jazzy/lib PATH=/home/kaisar/warehouse_robot/robot/install/stage/bin:/home/kaisar/warehouse_robot/install/stage/bin:/opt/ros/jazzy/opt/gz_msgs_vendor/bin:/opt/ros/jazzy/opt/gz_tools_vendor/bin:/opt/ros/jazzy/opt/gz_ogre_next_vendor/bin:/opt/ros/jazzy/bin:/usr/local/sbin:/usr/local/bin:/usr/sbin:/usr/bin:/sbin:/bin:/usr/games:/usr/local/games:/snap/bin:/snap/bin PKG_CONFIG_PATH=/home/kaisar/warehouse_robot/robot/install/stage/lib/x86_64-linux-gnu/pkgconfig:/home/kaisar/warehouse_robot/robot/install/stage/lib/pkgconfig:/home/kaisar/warehouse_robot/install/stage/lib/x86_64-linux-gnu/pkgconfig:/home/kaisar/warehouse_robot/install/stage/lib/pkgconfig ROS_PACKAGE_PATH=/home/kaisar/warehouse_robot/robot/install/stage/share:/home/kaisar/warehouse_robot/install/stage/share /usr/bin/cmake --build /home/kaisar/warehouse_robot/robot/build/stage_ros2 -- -j12 -l12
[0.828s] DEBUG:colcon.colcon_core.event_handler.log_command:Invoking command in '/home/kaisar/warehouse_robot/robot/build/stage_ros2': CMAKE_PREFIX_PATH=/home/kaisar/warehouse_robot/robot/install/robot_status:/home/kaisar/warehouse_robot/robot/install/robot_planner:/opt/ros/jazzy:/home/kaisar/warehouse_robot/robot/install/stage:/home/kaisar/warehouse_robot/robot/install/robot_launch:/home/kaisar/warehouse_robot/install/trp1_description:/home/kaisar/warehouse_robot/install/stage_ros2:/home/kaisar/warehouse_robot/install/stage:/home/kaisar/warehouse_robot/install/robot_msgs:/home/kaisar/warehouse_robot/install/nav2:/home/kaisar/warehouse_robot/robot/install/trp1_description:/home/kaisar/warehouse_robot/robot/install/stage_ros2:/home/kaisar/warehouse_robot/robot/install/robot_msgs:/home/kaisar/warehouse_robot/robot/install/nav2:/opt/ros/jazzy/opt/gz_sim_vendor:/opt/ros/jazzy/opt/gz_sensors_vendor:/opt/ros/jazzy/opt/gz_physics_vendor:/opt/ros/jazzy/opt/sdformat_vendor:/opt/ros/jazzy/opt/gz_gui_vendor:/opt/ros/jazzy/opt/gz_transport_vendor:/opt/ros/jazzy/opt/gz_rendering_vendor:/opt/ros/jazzy/opt/gz_plugin_vendor:/opt/ros/jazzy/opt/gz_fuel_tools_vendor:/opt/ros/jazzy/opt/gz_msgs_vendor:/opt/ros/jazzy/opt/gz_common_vendor:/opt/ros/jazzy/opt/gz_math_vendor:/opt/ros/jazzy/opt/gz_utils_vendor:/opt/ros/jazzy/opt/gz_tools_vendor:/opt/ros/jazzy/opt/gz_ogre_next_vendor:/opt/ros/jazzy/opt/gz_dartsim_vendor:/opt/ros/jazzy/opt/gz_cmake_vendor DEBUGINFOD_URLS=https://debuginfod.ubuntu.com LD_LIBRARY_PATH=/home/kaisar/warehouse_robot/robot/install/stage/lib:/home/kaisar/warehouse_robot/install/stage_ros2/lib:/home/kaisar/warehouse_robot/install/stage/lib:/home/kaisar/warehouse_robot/install/robot_msgs/lib:/home/kaisar/warehouse_robot/robot/install/stage_ros2/lib:/home/kaisar/warehouse_robot/robot/install/robot_msgs/lib:/opt/ros/jazzy/opt/gz_sim_vendor/lib:/opt/ros/jazzy/opt/gz_sensors_vendor/lib:/opt/ros/jazzy/opt/gz_physics_vendor/lib:/opt/ros/jazzy/opt/sdformat_vendor/lib:/opt/ros/jazzy/opt/rviz_ogre_vendor/lib:/opt/ros/jazzy/lib/x86_64-linux-gnu:/opt/ros/jazzy/opt/gz_gui_vendor/lib:/opt/ros/jazzy/opt/gz_transport_vendor/lib:/opt/ros/jazzy/opt/gz_rendering_vendor/lib:/opt/ros/jazzy/opt/gz_plugin_vendor/lib:/opt/ros/jazzy/opt/gz_fuel_tools_vendor/lib:/opt/ros/jazzy/opt/gz_msgs_vendor/lib:/opt/ros/jazzy/opt/gz_common_vendor/lib:/opt/ros/jazzy/opt/gz_math_vendor/lib:/opt/ros/jazzy/opt/gz_utils_vendor/lib:/opt/ros/jazzy/opt/gz_tools_vendor/lib:/opt/ros/jazzy/opt/gz_ogre_next_vendor/lib:/opt/ros/jazzy/opt/gz_dartsim_vendor/lib:/opt/ros/jazzy/opt/gz_cmake_vendor/lib:/opt/ros/jazzy/lib PATH=/home/kaisar/warehouse_robot/robot/install/stage/bin:/home/kaisar/warehouse_robot/install/stage/bin:/opt/ros/jazzy/opt/gz_msgs_vendor/bin:/opt/ros/jazzy/opt/gz_tools_vendor/bin:/opt/ros/jazzy/opt/gz_ogre_next_vendor/bin:/opt/ros/jazzy/bin:/usr/local/sbin:/usr/local/bin:/usr/sbin:/usr/bin:/sbin:/bin:/usr/games:/usr/local/games:/snap/bin:/snap/bin PKG_CONFIG_PATH=/home/kaisar/warehouse_robot/robot/install/stage/lib/x86_64-linux-gnu/pkgconfig:/home/kaisar/warehouse_robot/robot/install/stage/lib/pkgconfig:/home/kaisar/warehouse_robot/install/stage/lib/x86_64-linux-gnu/pkgconfig:/home/kaisar/warehouse_robot/install/stage/lib/pkgconfig ROS_PACKAGE_PATH=/home/kaisar/warehouse_robot/robot/install/stage/share:/home/kaisar/warehouse_robot/install/stage/share /usr/bin/cmake --install /home/kaisar/warehouse_robot/robot/build/stage_ros2
[0.861s] Level 1:colcon.colcon_core.environment:create_environment_scripts_only(stage_ros2)
[0.861s] Level 1:colcon.colcon_core.environment:checking '/home/kaisar/warehouse_robot/robot/install/stage_ros2' for CMake module files
[0.862s] DEBUG:colcon.colcon_core.event_handler.log_command:Invoked command in '/home/kaisar/warehouse_robot/robot/build/stage_ros2' returned '0': CMAKE_PREFIX_PATH=/home/kaisar/warehouse_robot/robot/install/robot_status:/home/kaisar/warehouse_robot/robot/install/robot_planner:/opt/ros/jazzy:/home/kaisar/warehouse_robot/robot/install/stage:/home/kaisar/warehouse_robot/robot/install/robot_launch:/home/kaisar/warehouse_robot/install/trp1_description:/home/kaisar/warehouse_robot/install/stage_ros2:/home/kaisar/warehouse_robot/install/stage:/home/kaisar/warehouse_robot/install/robot_msgs:/home/kaisar/warehouse_robot/install/nav2:/home/kaisar/warehouse_robot/robot/install/trp1_description:/home/kaisar/warehouse_robot/robot/install/stage_ros2:/home/kaisar/warehouse_robot/robot/install/robot_msgs:/home/kaisar/warehouse_robot/robot/install/nav2:/opt/ros/jazzy/opt/gz_sim_vendor:/opt/ros/jazzy/opt/gz_sensors_vendor:/opt/ros/jazzy/opt/gz_physics_vendor:/opt/ros/jazzy/opt/sdformat_vendor:/opt/ros/jazzy/opt/gz_gui_vendor:/opt/ros/jazzy/opt/gz_transport_vendor:/opt/ros/jazzy/opt/gz_rendering_vendor:/opt/ros/jazzy/opt/gz_plugin_vendor:/opt/ros/jazzy/opt/gz_fuel_tools_vendor:/opt/ros/jazzy/opt/gz_msgs_vendor:/opt/ros/jazzy/opt/gz_common_vendor:/opt/ros/jazzy/opt/gz_math_vendor:/opt/ros/jazzy/opt/gz_utils_vendor:/opt/ros/jazzy/opt/gz_tools_vendor:/opt/ros/jazzy/opt/gz_ogre_next_vendor:/opt/ros/jazzy/opt/gz_dartsim_vendor:/opt/ros/jazzy/opt/gz_cmake_vendor DEBUGINFOD_URLS=https://debuginfod.ubuntu.com LD_LIBRARY_PATH=/home/kaisar/warehouse_robot/robot/install/stage/lib:/home/kaisar/warehouse_robot/install/stage_ros2/lib:/home/kaisar/warehouse_robot/install/stage/lib:/home/kaisar/warehouse_robot/install/robot_msgs/lib:/home/kaisar/warehouse_robot/robot/install/stage_ros2/lib:/home/kaisar/warehouse_robot/robot/install/robot_msgs/lib:/opt/ros/jazzy/opt/gz_sim_vendor/lib:/opt/ros/jazzy/opt/gz_sensors_vendor/lib:/opt/ros/jazzy/opt/gz_physics_vendor/lib:/opt/ros/jazzy/opt/sdformat_vendor/lib:/opt/ros/jazzy/opt/rviz_ogre_vendor/lib:/opt/ros/jazzy/lib/x86_64-linux-gnu:/opt/ros/jazzy/opt/gz_gui_vendor/lib:/opt/ros/jazzy/opt/gz_transport_vendor/lib:/opt/ros/jazzy/opt/gz_rendering_vendor/lib:/opt/ros/jazzy/opt/gz_plugin_vendor/lib:/opt/ros/jazzy/opt/gz_fuel_tools_vendor/lib:/opt/ros/jazzy/opt/gz_msgs_vendor/lib:/opt/ros/jazzy/opt/gz_common_vendor/lib:/opt/ros/jazzy/opt/gz_math_vendor/lib:/opt/ros/jazzy/opt/gz_utils_vendor/lib:/opt/ros/jazzy/opt/gz_tools_vendor/lib:/opt/ros/jazzy/opt/gz_ogre_next_vendor/lib:/opt/ros/jazzy/opt/gz_dartsim_vendor/lib:/opt/ros/jazzy/opt/gz_cmake_vendor/lib:/opt/ros/jazzy/lib PATH=/home/kaisar/warehouse_robot/robot/install/stage/bin:/home/kaisar/warehouse_robot/install/stage/bin:/opt/ros/jazzy/opt/gz_msgs_vendor/bin:/opt/ros/jazzy/opt/gz_tools_vendor/bin:/opt/ros/jazzy/opt/gz_ogre_next_vendor/bin:/opt/ros/jazzy/bin:/usr/local/sbin:/usr/local/bin:/usr/sbin:/usr/bin:/sbin:/bin:/usr/games:/usr/local/games:/snap/bin:/snap/bin PKG_CONFIG_PATH=/home/kaisar/warehouse_robot/robot/install/stage/lib/x86_64-linux-gnu/pkgconfig:/home/kaisar/warehouse_robot/robot/install/stage/lib/pkgconfig:/home/kaisar/warehouse_robot/install/stage/lib/x86_64-linux-gnu/pkgconfig:/home/kaisar/warehouse_robot/install/stage/lib/pkgconfig ROS_PACKAGE_PATH=/home/kaisar/warehouse_robot/robot/install/stage/share:/home/kaisar/warehouse_robot/install/stage/share /usr/bin/cmake --install /home/kaisar/warehouse_robot/robot/build/stage_ros2
[0.862s] Level 1:colcon.colcon_core.environment:checking '/home/kaisar/warehouse_robot/robot/install/stage_ros2' for CMake config files
[0.863s] Level 1:colcon.colcon_core.shell:create_environment_hook('stage_ros2', 'cmake_prefix_path')
[0.863s] INFO:colcon.colcon_core.shell:Creating environment hook '/home/kaisar/warehouse_robot/robot/install/stage_ros2/share/stage_ros2/hook/cmake_prefix_path.ps1'
[0.864s] INFO:colcon.colcon_core.shell:Creating environment descriptor '/home/kaisar/warehouse_robot/robot/install/stage_ros2/share/stage_ros2/hook/cmake_prefix_path.dsv'
[0.864s] INFO:colcon.colcon_core.shell:Creating environment hook '/home/kaisar/warehouse_robot/robot/install/stage_ros2/share/stage_ros2/hook/cmake_prefix_path.sh'
[0.865s] Level 1:colcon.colcon_core.environment:checking '/home/kaisar/warehouse_robot/robot/install/stage_ros2/lib'
[0.865s] Level 1:colcon.colcon_core.shell:create_environment_hook('stage_ros2', 'ld_library_path_lib')
[0.865s] INFO:colcon.colcon_core.shell:Creating environment hook '/home/kaisar/warehouse_robot/robot/install/stage_ros2/share/stage_ros2/hook/ld_library_path_lib.ps1'
[0.865s] INFO:colcon.colcon_core.shell:Creating environment descriptor '/home/kaisar/warehouse_robot/robot/install/stage_ros2/share/stage_ros2/hook/ld_library_path_lib.dsv'
[0.865s] INFO:colcon.colcon_core.shell:Creating environment hook '/home/kaisar/warehouse_robot/robot/install/stage_ros2/share/stage_ros2/hook/ld_library_path_lib.sh'
[0.866s] Level 1:colcon.colcon_core.environment:checking '/home/kaisar/warehouse_robot/robot/install/stage_ros2/bin'
[0.866s] Level 1:colcon.colcon_core.environment:checking '/home/kaisar/warehouse_robot/robot/install/stage_ros2/lib/pkgconfig/stage_ros2.pc'
[0.866s] Level 1:colcon.colcon_core.environment:checking '/home/kaisar/warehouse_robot/robot/install/stage_ros2/lib/python3.12/site-packages'
[0.866s] Level 1:colcon.colcon_core.environment:checking '/home/kaisar/warehouse_robot/robot/install/stage_ros2/bin'
[0.867s] INFO:colcon.colcon_core.shell:Creating package script '/home/kaisar/warehouse_robot/robot/install/stage_ros2/share/stage_ros2/package.ps1'
[0.867s] INFO:colcon.colcon_core.shell:Creating package descriptor '/home/kaisar/warehouse_robot/robot/install/stage_ros2/share/stage_ros2/package.dsv'
[0.868s] INFO:colcon.colcon_core.shell:Creating package script '/home/kaisar/warehouse_robot/robot/install/stage_ros2/share/stage_ros2/package.sh'
[0.868s] INFO:colcon.colcon_core.shell:Creating package script '/home/kaisar/warehouse_robot/robot/install/stage_ros2/share/stage_ros2/package.bash'
[0.868s] INFO:colcon.colcon_core.shell:Creating package script '/home/kaisar/warehouse_robot/robot/install/stage_ros2/share/stage_ros2/package.zsh'
[0.869s] Level 1:colcon.colcon_core.environment:create_file_with_runtime_dependencies(/home/kaisar/warehouse_robot/robot/install/stage_ros2/share/colcon-core/packages/stage_ros2)
[0.869s] Level 1:colcon.colcon_core.environment:create_environment_scripts_only(stage_ros2)
[0.869s] Level 1:colcon.colcon_core.environment:checking '/home/kaisar/warehouse_robot/robot/install/stage_ros2' for CMake module files
[0.870s] Level 1:colcon.colcon_core.environment:checking '/home/kaisar/warehouse_robot/robot/install/stage_ros2' for CMake config files
[0.871s] Level 1:colcon.colcon_core.shell:create_environment_hook('stage_ros2', 'cmake_prefix_path')
[0.871s] INFO:colcon.colcon_core.shell:Creating environment hook '/home/kaisar/warehouse_robot/robot/install/stage_ros2/share/stage_ros2/hook/cmake_prefix_path.ps1'
[0.871s] INFO:colcon.colcon_core.shell:Creating environment descriptor '/home/kaisar/warehouse_robot/robot/install/stage_ros2/share/stage_ros2/hook/cmake_prefix_path.dsv'
[0.871s] INFO:colcon.colcon_core.shell:Creating environment hook '/home/kaisar/warehouse_robot/robot/install/stage_ros2/share/stage_ros2/hook/cmake_prefix_path.sh'
[0.872s] Level 1:colcon.colcon_core.environment:checking '/home/kaisar/warehouse_robot/robot/install/stage_ros2/lib'
[0.872s] Level 1:colcon.colcon_core.shell:create_environment_hook('stage_ros2', 'ld_library_path_lib')
[0.872s] INFO:colcon.colcon_core.shell:Creating environment hook '/home/kaisar/warehouse_robot/robot/install/stage_ros2/share/stage_ros2/hook/ld_library_path_lib.ps1'
[0.873s] INFO:colcon.colcon_core.shell:Creating environment descriptor '/home/kaisar/warehouse_robot/robot/install/stage_ros2/share/stage_ros2/hook/ld_library_path_lib.dsv'
[0.873s] INFO:colcon.colcon_core.shell:Creating environment hook '/home/kaisar/warehouse_robot/robot/install/stage_ros2/share/stage_ros2/hook/ld_library_path_lib.sh'
[0.873s] Level 1:colcon.colcon_core.environment:checking '/home/kaisar/warehouse_robot/robot/install/stage_ros2/bin'
[0.873s] Level 1:colcon.colcon_core.environment:checking '/home/kaisar/warehouse_robot/robot/install/stage_ros2/lib/pkgconfig/stage_ros2.pc'
[0.874s] Level 1:colcon.colcon_core.environment:checking '/home/kaisar/warehouse_robot/robot/install/stage_ros2/lib/python3.12/site-packages'
[0.874s] Level 1:colcon.colcon_core.environment:checking '/home/kaisar/warehouse_robot/robot/install/stage_ros2/bin'
[0.874s] INFO:colcon.colcon_core.shell:Creating package script '/home/kaisar/warehouse_robot/robot/install/stage_ros2/share/stage_ros2/package.ps1'
[0.875s] INFO:colcon.colcon_core.shell:Creating package descriptor '/home/kaisar/warehouse_robot/robot/install/stage_ros2/share/stage_ros2/package.dsv'
[0.875s] INFO:colcon.colcon_core.shell:Creating package script '/home/kaisar/warehouse_robot/robot/install/stage_ros2/share/stage_ros2/package.sh'
[0.875s] INFO:colcon.colcon_core.shell:Creating package script '/home/kaisar/warehouse_robot/robot/install/stage_ros2/share/stage_ros2/package.bash'
[0.876s] INFO:colcon.colcon_core.shell:Creating package script '/home/kaisar/warehouse_robot/robot/install/stage_ros2/share/stage_ros2/package.zsh'
[0.876s] Level 1:colcon.colcon_core.environment:create_file_with_runtime_dependencies(/home/kaisar/warehouse_robot/robot/install/stage_ros2/share/colcon-core/packages/stage_ros2)
[0.963s] DEBUG:colcon.colcon_core.event_handler.log_command:Invoked command in '/home/kaisar/warehouse_robot/robot/build/robot_msgs' returned '0': CMAKE_PREFIX_PATH=/home/kaisar/warehouse_robot/robot/install/robot_launch:/home/kaisar/warehouse_robot/install/trp1_description:/home/kaisar/warehouse_robot/install/stage_ros2:/home/kaisar/warehouse_robot/install/stage:/home/kaisar/warehouse_robot/install/robot_msgs:/home/kaisar/warehouse_robot/install/nav2:/home/kaisar/warehouse_robot/robot/install/trp1_description:/home/kaisar/warehouse_robot/robot/install/stage_ros2:/home/kaisar/warehouse_robot/robot/install/robot_status:/home/kaisar/warehouse_robot/robot/install/robot_planner:/opt/ros/jazzy:/home/kaisar/warehouse_robot/robot/install/stage:/home/kaisar/warehouse_robot/robot/install/robot_msgs:/home/kaisar/warehouse_robot/robot/install/nav2:/opt/ros/jazzy/opt/gz_sim_vendor:/opt/ros/jazzy/opt/gz_sensors_vendor:/opt/ros/jazzy/opt/gz_physics_vendor:/opt/ros/jazzy/opt/sdformat_vendor:/opt/ros/jazzy/opt/gz_gui_vendor:/opt/ros/jazzy/opt/gz_transport_vendor:/opt/ros/jazzy/opt/gz_rendering_vendor:/opt/ros/jazzy/opt/gz_plugin_vendor:/opt/ros/jazzy/opt/gz_fuel_tools_vendor:/opt/ros/jazzy/opt/gz_msgs_vendor:/opt/ros/jazzy/opt/gz_common_vendor:/opt/ros/jazzy/opt/gz_math_vendor:/opt/ros/jazzy/opt/gz_utils_vendor:/opt/ros/jazzy/opt/gz_tools_vendor:/opt/ros/jazzy/opt/gz_ogre_next_vendor:/opt/ros/jazzy/opt/gz_dartsim_vendor:/opt/ros/jazzy/opt/gz_cmake_vendor DEBUGINFOD_URLS=https://debuginfod.ubuntu.com /usr/bin/cmake --build /home/kaisar/warehouse_robot/robot/build/robot_msgs -- -j12 -l12
[0.964s] DEBUG:colcon.colcon_core.event_handler.log_command:Invoking command in '/home/kaisar/warehouse_robot/robot/build/robot_msgs': CMAKE_PREFIX_PATH=/home/kaisar/warehouse_robot/robot/install/robot_launch:/home/kaisar/warehouse_robot/install/trp1_description:/home/kaisar/warehouse_robot/install/stage_ros2:/home/kaisar/warehouse_robot/install/stage:/home/kaisar/warehouse_robot/install/robot_msgs:/home/kaisar/warehouse_robot/install/nav2:/home/kaisar/warehouse_robot/robot/install/trp1_description:/home/kaisar/warehouse_robot/robot/install/stage_ros2:/home/kaisar/warehouse_robot/robot/install/robot_status:/home/kaisar/warehouse_robot/robot/install/robot_planner:/opt/ros/jazzy:/home/kaisar/warehouse_robot/robot/install/stage:/home/kaisar/warehouse_robot/robot/install/robot_msgs:/home/kaisar/warehouse_robot/robot/install/nav2:/opt/ros/jazzy/opt/gz_sim_vendor:/opt/ros/jazzy/opt/gz_sensors_vendor:/opt/ros/jazzy/opt/gz_physics_vendor:/opt/ros/jazzy/opt/sdformat_vendor:/opt/ros/jazzy/opt/gz_gui_vendor:/opt/ros/jazzy/opt/gz_transport_vendor:/opt/ros/jazzy/opt/gz_rendering_vendor:/opt/ros/jazzy/opt/gz_plugin_vendor:/opt/ros/jazzy/opt/gz_fuel_tools_vendor:/opt/ros/jazzy/opt/gz_msgs_vendor:/opt/ros/jazzy/opt/gz_common_vendor:/opt/ros/jazzy/opt/gz_math_vendor:/opt/ros/jazzy/opt/gz_utils_vendor:/opt/ros/jazzy/opt/gz_tools_vendor:/opt/ros/jazzy/opt/gz_ogre_next_vendor:/opt/ros/jazzy/opt/gz_dartsim_vendor:/opt/ros/jazzy/opt/gz_cmake_vendor DEBUGINFOD_URLS=https://debuginfod.ubuntu.com /usr/bin/cmake --install /home/kaisar/warehouse_robot/robot/build/robot_msgs
[1.057s] Level 1:colcon.colcon_core.environment:create_environment_scripts_only(robot_msgs)
[1.058s] Level 1:colcon.colcon_core.environment:checking '/home/kaisar/warehouse_robot/robot/install/robot_msgs' for CMake module files
[1.058s] DEBUG:colcon.colcon_core.event_handler.log_command:Invoked command in '/home/kaisar/warehouse_robot/robot/build/robot_msgs' returned '0': CMAKE_PREFIX_PATH=/home/kaisar/warehouse_robot/robot/install/robot_launch:/home/kaisar/warehouse_robot/install/trp1_description:/home/kaisar/warehouse_robot/install/stage_ros2:/home/kaisar/warehouse_robot/install/stage:/home/kaisar/warehouse_robot/install/robot_msgs:/home/kaisar/warehouse_robot/install/nav2:/home/kaisar/warehouse_robot/robot/install/trp1_description:/home/kaisar/warehouse_robot/robot/install/stage_ros2:/home/kaisar/warehouse_robot/robot/install/robot_status:/home/kaisar/warehouse_robot/robot/install/robot_planner:/opt/ros/jazzy:/home/kaisar/warehouse_robot/robot/install/stage:/home/kaisar/warehouse_robot/robot/install/robot_msgs:/home/kaisar/warehouse_robot/robot/install/nav2:/opt/ros/jazzy/opt/gz_sim_vendor:/opt/ros/jazzy/opt/gz_sensors_vendor:/opt/ros/jazzy/opt/gz_physics_vendor:/opt/ros/jazzy/opt/sdformat_vendor:/opt/ros/jazzy/opt/gz_gui_vendor:/opt/ros/jazzy/opt/gz_transport_vendor:/opt/ros/jazzy/opt/gz_rendering_vendor:/opt/ros/jazzy/opt/gz_plugin_vendor:/opt/ros/jazzy/opt/gz_fuel_tools_vendor:/opt/ros/jazzy/opt/gz_msgs_vendor:/opt/ros/jazzy/opt/gz_common_vendor:/opt/ros/jazzy/opt/gz_math_vendor:/opt/ros/jazzy/opt/gz_utils_vendor:/opt/ros/jazzy/opt/gz_tools_vendor:/opt/ros/jazzy/opt/gz_ogre_next_vendor:/opt/ros/jazzy/opt/gz_dartsim_vendor:/opt/ros/jazzy/opt/gz_cmake_vendor DEBUGINFOD_URLS=https://debuginfod.ubuntu.com /usr/bin/cmake --install /home/kaisar/warehouse_robot/robot/build/robot_msgs
[1.059s] Level 1:colcon.colcon_core.environment:checking '/home/kaisar/warehouse_robot/robot/install/robot_msgs' for CMake config files
[1.060s] Level 1:colcon.colcon_core.shell:create_environment_hook('robot_msgs', 'cmake_prefix_path')
[1.060s] INFO:colcon.colcon_core.shell:Creating environment hook '/home/kaisar/warehouse_robot/robot/install/robot_msgs/share/robot_msgs/hook/cmake_prefix_path.ps1'
[1.060s] INFO:colcon.colcon_core.shell:Creating environment descriptor '/home/kaisar/warehouse_robot/robot/install/robot_msgs/share/robot_msgs/hook/cmake_prefix_path.dsv'
[1.060s] INFO:colcon.colcon_core.shell:Creating environment hook '/home/kaisar/warehouse_robot/robot/install/robot_msgs/share/robot_msgs/hook/cmake_prefix_path.sh'
[1.061s] Level 1:colcon.colcon_core.environment:checking '/home/kaisar/warehouse_robot/robot/install/robot_msgs/lib'
[1.061s] Level 1:colcon.colcon_core.shell:create_environment_hook('robot_msgs', 'ld_library_path_lib')
[1.061s] INFO:colcon.colcon_core.shell:Creating environment hook '/home/kaisar/warehouse_robot/robot/install/robot_msgs/share/robot_msgs/hook/ld_library_path_lib.ps1'
[1.062s] INFO:colcon.colcon_core.shell:Creating environment descriptor '/home/kaisar/warehouse_robot/robot/install/robot_msgs/share/robot_msgs/hook/ld_library_path_lib.dsv'
[1.062s] INFO:colcon.colcon_core.shell:Creating environment hook '/home/kaisar/warehouse_robot/robot/install/robot_msgs/share/robot_msgs/hook/ld_library_path_lib.sh'
[1.062s] Level 1:colcon.colcon_core.environment:checking '/home/kaisar/warehouse_robot/robot/install/robot_msgs/bin'
[1.062s] Level 1:colcon.colcon_core.environment:checking '/home/kaisar/warehouse_robot/robot/install/robot_msgs/lib/pkgconfig/robot_msgs.pc'
[1.062s] Level 1:colcon.colcon_core.environment:checking '/home/kaisar/warehouse_robot/robot/install/robot_msgs/lib/python3.12/site-packages'
[1.062s] Level 1:colcon.colcon_core.shell:create_environment_hook('robot_msgs', 'pythonpath')
[1.063s] INFO:colcon.colcon_core.shell:Creating environment hook '/home/kaisar/warehouse_robot/robot/install/robot_msgs/share/robot_msgs/hook/pythonpath.ps1'
[1.063s] INFO:colcon.colcon_core.shell:Creating environment descriptor '/home/kaisar/warehouse_robot/robot/install/robot_msgs/share/robot_msgs/hook/pythonpath.dsv'
[1.063s] INFO:colcon.colcon_core.shell:Creating environment hook '/home/kaisar/warehouse_robot/robot/install/robot_msgs/share/robot_msgs/hook/pythonpath.sh'
[1.064s] Level 1:colcon.colcon_core.environment:checking '/home/kaisar/warehouse_robot/robot/install/robot_msgs/bin'
[1.064s] INFO:colcon.colcon_core.shell:Creating package script '/home/kaisar/warehouse_robot/robot/install/robot_msgs/share/robot_msgs/package.ps1'
[1.064s] INFO:colcon.colcon_core.shell:Creating package descriptor '/home/kaisar/warehouse_robot/robot/install/robot_msgs/share/robot_msgs/package.dsv'
[1.065s] INFO:colcon.colcon_core.shell:Creating package script '/home/kaisar/warehouse_robot/robot/install/robot_msgs/share/robot_msgs/package.sh'
[1.065s] INFO:colcon.colcon_core.shell:Creating package script '/home/kaisar/warehouse_robot/robot/install/robot_msgs/share/robot_msgs/package.bash'
[1.065s] INFO:colcon.colcon_core.shell:Creating package script '/home/kaisar/warehouse_robot/robot/install/robot_msgs/share/robot_msgs/package.zsh'
[1.066s] Level 1:colcon.colcon_core.environment:create_file_with_runtime_dependencies(/home/kaisar/warehouse_robot/robot/install/robot_msgs/share/colcon-core/packages/robot_msgs)
[1.066s] Level 1:colcon.colcon_core.environment:create_environment_scripts_only(robot_msgs)
[1.066s] Level 1:colcon.colcon_core.environment:checking '/home/kaisar/warehouse_robot/robot/install/robot_msgs' for CMake module files
[1.067s] Level 1:colcon.colcon_core.environment:checking '/home/kaisar/warehouse_robot/robot/install/robot_msgs' for CMake config files
[1.068s] Level 1:colcon.colcon_core.shell:create_environment_hook('robot_msgs', 'cmake_prefix_path')
[1.068s] INFO:colcon.colcon_core.shell:Creating environment hook '/home/kaisar/warehouse_robot/robot/install/robot_msgs/share/robot_msgs/hook/cmake_prefix_path.ps1'
[1.068s] INFO:colcon.colcon_core.shell:Creating environment descriptor '/home/kaisar/warehouse_robot/robot/install/robot_msgs/share/robot_msgs/hook/cmake_prefix_path.dsv'
[1.068s] INFO:colcon.colcon_core.shell:Creating environment hook '/home/kaisar/warehouse_robot/robot/install/robot_msgs/share/robot_msgs/hook/cmake_prefix_path.sh'
[1.069s] Level 1:colcon.colcon_core.environment:checking '/home/kaisar/warehouse_robot/robot/install/robot_msgs/lib'
[1.069s] Level 1:colcon.colcon_core.shell:create_environment_hook('robot_msgs', 'ld_library_path_lib')
[1.069s] INFO:colcon.colcon_core.shell:Creating environment hook '/home/kaisar/warehouse_robot/robot/install/robot_msgs/share/robot_msgs/hook/ld_library_path_lib.ps1'
[1.069s] INFO:colcon.colcon_core.shell:Creating environment descriptor '/home/kaisar/warehouse_robot/robot/install/robot_msgs/share/robot_msgs/hook/ld_library_path_lib.dsv'
[1.070s] INFO:colcon.colcon_core.shell:Creating environment hook '/home/kaisar/warehouse_robot/robot/install/robot_msgs/share/robot_msgs/hook/ld_library_path_lib.sh'
[1.070s] Level 1:colcon.colcon_core.environment:checking '/home/kaisar/warehouse_robot/robot/install/robot_msgs/bin'
[1.070s] Level 1:colcon.colcon_core.environment:checking '/home/kaisar/warehouse_robot/robot/install/robot_msgs/lib/pkgconfig/robot_msgs.pc'
[1.070s] Level 1:colcon.colcon_core.environment:checking '/home/kaisar/warehouse_robot/robot/install/robot_msgs/lib/python3.12/site-packages'
[1.070s] Level 1:colcon.colcon_core.shell:create_environment_hook('robot_msgs', 'pythonpath')
[1.071s] INFO:colcon.colcon_core.shell:Creating environment hook '/home/kaisar/warehouse_robot/robot/install/robot_msgs/share/robot_msgs/hook/pythonpath.ps1'
[1.071s] INFO:colcon.colcon_core.shell:Creating environment descriptor '/home/kaisar/warehouse_robot/robot/install/robot_msgs/share/robot_msgs/hook/pythonpath.dsv'
[1.071s] INFO:colcon.colcon_core.shell:Creating environment hook '/home/kaisar/warehouse_robot/robot/install/robot_msgs/share/robot_msgs/hook/pythonpath.sh'
[1.072s] Level 1:colcon.colcon_core.environment:checking '/home/kaisar/warehouse_robot/robot/install/robot_msgs/bin'
[1.072s] INFO:colcon.colcon_core.shell:Creating package script '/home/kaisar/warehouse_robot/robot/install/robot_msgs/share/robot_msgs/package.ps1'
[1.072s] INFO:colcon.colcon_core.shell:Creating package descriptor '/home/kaisar/warehouse_robot/robot/install/robot_msgs/share/robot_msgs/package.dsv'
[1.073s] INFO:colcon.colcon_core.shell:Creating package script '/home/kaisar/warehouse_robot/robot/install/robot_msgs/share/robot_msgs/package.sh'
[1.073s] INFO:colcon.colcon_core.shell:Creating package script '/home/kaisar/warehouse_robot/robot/install/robot_msgs/share/robot_msgs/package.bash'
[1.073s] INFO:colcon.colcon_core.shell:Creating package script '/home/kaisar/warehouse_robot/robot/install/robot_msgs/share/robot_msgs/package.zsh'
[1.074s] Level 1:colcon.colcon_core.environment:create_file_with_runtime_dependencies(/home/kaisar/warehouse_robot/robot/install/robot_msgs/share/colcon-core/packages/robot_msgs)
[1.074s] INFO:colcon.colcon_ros.task.ament_python.build:Building ROS package in '/home/kaisar/warehouse_robot/robot/ws/src/robot_planner' with build type 'ament_python'
[1.074s] Level 1:colcon.colcon_core.shell:create_environment_hook('robot_planner', 'ament_prefix_path')
[1.074s] INFO:colcon.colcon_core.shell:Creating environment hook '/home/kaisar/warehouse_robot/robot/install/robot_planner/share/robot_planner/hook/ament_prefix_path.ps1'
[1.075s] INFO:colcon.colcon_core.shell:Creating environment descriptor '/home/kaisar/warehouse_robot/robot/install/robot_planner/share/robot_planner/hook/ament_prefix_path.dsv'
[1.075s] INFO:colcon.colcon_core.shell:Creating environment hook '/home/kaisar/warehouse_robot/robot/install/robot_planner/share/robot_planner/hook/ament_prefix_path.sh'
[1.076s] INFO:colcon.colcon_core.shell:Skip shell extension 'powershell' for command environment: Not usable outside of PowerShell
[1.076s] DEBUG:colcon.colcon_core.shell:Skip shell extension 'dsv' for command environment
[1.345s] INFO:colcon.colcon_core.task.python.build:Building Python package in '/home/kaisar/warehouse_robot/robot/ws/src/robot_planner'
[1.345s] INFO:colcon.colcon_core.shell:Skip shell extension 'powershell' for command environment: Not usable outside of PowerShell
[1.345s] DEBUG:colcon.colcon_core.shell:Skip shell extension 'dsv' for command environment
[2.141s] DEBUG:colcon.colcon_core.event_handler.log_command:Invoking command in '/home/kaisar/warehouse_robot/robot/build/robot_planner': CMAKE_PREFIX_PATH=/home/kaisar/warehouse_robot/robot/install/robot_msgs:/home/kaisar/warehouse_robot/robot/install/robot_launch:/home/kaisar/warehouse_robot/install/trp1_description:/home/kaisar/warehouse_robot/install/stage_ros2:/home/kaisar/warehouse_robot/install/stage:/home/kaisar/warehouse_robot/install/robot_msgs:/home/kaisar/warehouse_robot/install/nav2:/home/kaisar/warehouse_robot/robot/install/trp1_description:/home/kaisar/warehouse_robot/robot/install/stage_ros2:/home/kaisar/warehouse_robot/robot/install/stage:/home/kaisar/warehouse_robot/robot/install/nav2:/opt/ros/jazzy/opt/gz_sim_vendor:/opt/ros/jazzy/opt/gz_sensors_vendor:/opt/ros/jazzy/opt/gz_physics_vendor:/opt/ros/jazzy/opt/sdformat_vendor:/opt/ros/jazzy/opt/gz_gui_vendor:/opt/ros/jazzy/opt/gz_transport_vendor:/opt/ros/jazzy/opt/gz_rendering_vendor:/opt/ros/jazzy/opt/gz_plugin_vendor:/opt/ros/jazzy/opt/gz_fuel_tools_vendor:/opt/ros/jazzy/opt/gz_msgs_vendor:/opt/ros/jazzy/opt/gz_common_vendor:/opt/ros/jazzy/opt/gz_math_vendor:/opt/ros/jazzy/opt/gz_utils_vendor:/opt/ros/jazzy/opt/gz_tools_vendor:/opt/ros/jazzy/opt/gz_ogre_next_vendor:/opt/ros/jazzy/opt/gz_dartsim_vendor:/opt/ros/jazzy/opt/gz_cmake_vendor DEBUGINFOD_URLS=https://debuginfod.ubuntu.com LD_LIBRARY_PATH=/home/kaisar/warehouse_robot/robot/install/robot_msgs/lib:/home/kaisar/warehouse_robot/install/stage_ros2/lib:/home/kaisar/warehouse_robot/install/stage/lib:/home/kaisar/warehouse_robot/install/robot_msgs/lib:/home/kaisar/warehouse_robot/robot/install/stage_ros2/lib:/home/kaisar/warehouse_robot/robot/install/stage/lib:/opt/ros/jazzy/opt/gz_sim_vendor/lib:/opt/ros/jazzy/opt/gz_sensors_vendor/lib:/opt/ros/jazzy/opt/gz_physics_vendor/lib:/opt/ros/jazzy/opt/sdformat_vendor/lib:/opt/ros/jazzy/opt/rviz_ogre_vendor/lib:/opt/ros/jazzy/lib/x86_64-linux-gnu:/opt/ros/jazzy/opt/gz_gui_vendor/lib:/opt/ros/jazzy/opt/gz_transport_vendor/lib:/opt/ros/jazzy/opt/gz_rendering_vendor/lib:/opt/ros/jazzy/opt/gz_plugin_vendor/lib:/opt/ros/jazzy/opt/gz_fuel_tools_vendor/lib:/opt/ros/jazzy/opt/gz_msgs_vendor/lib:/opt/ros/jazzy/opt/gz_common_vendor/lib:/opt/ros/jazzy/opt/gz_math_vendor/lib:/opt/ros/jazzy/opt/gz_utils_vendor/lib:/opt/ros/jazzy/opt/gz_tools_vendor/lib:/opt/ros/jazzy/opt/gz_ogre_next_vendor/lib:/opt/ros/jazzy/opt/gz_dartsim_vendor/lib:/opt/ros/jazzy/opt/gz_cmake_vendor/lib:/opt/ros/jazzy/lib PYTHONPATH=/home/kaisar/warehouse_robot/robot/build/robot_planner/prefix_override:/usr/lib/python3/dist-packages/colcon_core/task/python/colcon_distutils_commands:/home/kaisar/warehouse_robot/robot/install/robot_planner/lib/python3.12/site-packages:/home/kaisar/warehouse_robot/robot/install/robot_msgs/lib/python3.12/site-packages:/home/kaisar/warehouse_robot/robot/build/robot_status:/home/kaisar/warehouse_robot/robot/install/robot_status/lib/python3.12/site-packages:/home/kaisar/warehouse_robot/robot/build/robot_planner:/home/kaisar/warehouse_robot/robot/install/robot_planner/lib/python3.12/site-packages:/home/kaisar/warehouse_robot/install/robot_msgs/lib/python3.12/site-packages:/opt/ros/jazzy/lib/python/site-packages:/opt/ros/jazzy/lib/python3.12/site-packages /usr/bin/python3 -W ignore:setup.py install is deprecated -W ignore:easy_install command is deprecated setup.py develop --editable --build-directory /home/kaisar/warehouse_robot/robot/build/robot_planner/build --no-deps symlink_data
[3.025s] Level 1:colcon.colcon_core.shell:create_environment_hook('robot_planner', 'pythonpath_develop')
[3.025s] INFO:colcon.colcon_core.shell:Creating environment hook '/home/kaisar/warehouse_robot/robot/build/robot_planner/share/robot_planner/hook/pythonpath_develop.ps1'
[3.025s] DEBUG:colcon.colcon_core.event_handler.log_command:Invoked command in '/home/kaisar/warehouse_robot/robot/build/robot_planner' returned '0': CMAKE_PREFIX_PATH=/home/kaisar/warehouse_robot/robot/install/robot_msgs:/home/kaisar/warehouse_robot/robot/install/robot_launch:/home/kaisar/warehouse_robot/install/trp1_description:/home/kaisar/warehouse_robot/install/stage_ros2:/home/kaisar/warehouse_robot/install/stage:/home/kaisar/warehouse_robot/install/robot_msgs:/home/kaisar/warehouse_robot/install/nav2:/home/kaisar/warehouse_robot/robot/install/trp1_description:/home/kaisar/warehouse_robot/robot/install/stage_ros2:/home/kaisar/warehouse_robot/robot/install/stage:/home/kaisar/warehouse_robot/robot/install/nav2:/opt/ros/jazzy/opt/gz_sim_vendor:/opt/ros/jazzy/opt/gz_sensors_vendor:/opt/ros/jazzy/opt/gz_physics_vendor:/opt/ros/jazzy/opt/sdformat_vendor:/opt/ros/jazzy/opt/gz_gui_vendor:/opt/ros/jazzy/opt/gz_transport_vendor:/opt/ros/jazzy/opt/gz_rendering_vendor:/opt/ros/jazzy/opt/gz_plugin_vendor:/opt/ros/jazzy/opt/gz_fuel_tools_vendor:/opt/ros/jazzy/opt/gz_msgs_vendor:/opt/ros/jazzy/opt/gz_common_vendor:/opt/ros/jazzy/opt/gz_math_vendor:/opt/ros/jazzy/opt/gz_utils_vendor:/opt/ros/jazzy/opt/gz_tools_vendor:/opt/ros/jazzy/opt/gz_ogre_next_vendor:/opt/ros/jazzy/opt/gz_dartsim_vendor:/opt/ros/jazzy/opt/gz_cmake_vendor DEBUGINFOD_URLS=https://debuginfod.ubuntu.com LD_LIBRARY_PATH=/home/kaisar/warehouse_robot/robot/install/robot_msgs/lib:/home/kaisar/warehouse_robot/install/stage_ros2/lib:/home/kaisar/warehouse_robot/install/stage/lib:/home/kaisar/warehouse_robot/install/robot_msgs/lib:/home/kaisar/warehouse_robot/robot/install/stage_ros2/lib:/home/kaisar/warehouse_robot/robot/install/stage/lib:/opt/ros/jazzy/opt/gz_sim_vendor/lib:/opt/ros/jazzy/opt/gz_sensors_vendor/lib:/opt/ros/jazzy/opt/gz_physics_vendor/lib:/opt/ros/jazzy/opt/sdformat_vendor/lib:/opt/ros/jazzy/opt/rviz_ogre_vendor/lib:/opt/ros/jazzy/lib/x86_64-linux-gnu:/opt/ros/jazzy/opt/gz_gui_vendor/lib:/opt/ros/jazzy/opt/gz_transport_vendor/lib:/opt/ros/jazzy/opt/gz_rendering_vendor/lib:/opt/ros/jazzy/opt/gz_plugin_vendor/lib:/opt/ros/jazzy/opt/gz_fuel_tools_vendor/lib:/opt/ros/jazzy/opt/gz_msgs_vendor/lib:/opt/ros/jazzy/opt/gz_common_vendor/lib:/opt/ros/jazzy/opt/gz_math_vendor/lib:/opt/ros/jazzy/opt/gz_utils_vendor/lib:/opt/ros/jazzy/opt/gz_tools_vendor/lib:/opt/ros/jazzy/opt/gz_ogre_next_vendor/lib:/opt/ros/jazzy/opt/gz_dartsim_vendor/lib:/opt/ros/jazzy/opt/gz_cmake_vendor/lib:/opt/ros/jazzy/lib PYTHONPATH=/home/kaisar/warehouse_robot/robot/build/robot_planner/prefix_override:/usr/lib/python3/dist-packages/colcon_core/task/python/colcon_distutils_commands:/home/kaisar/warehouse_robot/robot/install/robot_planner/lib/python3.12/site-packages:/home/kaisar/warehouse_robot/robot/install/robot_msgs/lib/python3.12/site-packages:/home/kaisar/warehouse_robot/robot/build/robot_status:/home/kaisar/warehouse_robot/robot/install/robot_status/lib/python3.12/site-packages:/home/kaisar/warehouse_robot/robot/build/robot_planner:/home/kaisar/warehouse_robot/robot/install/robot_planner/lib/python3.12/site-packages:/home/kaisar/warehouse_robot/install/robot_msgs/lib/python3.12/site-packages:/opt/ros/jazzy/lib/python/site-packages:/opt/ros/jazzy/lib/python3.12/site-packages /usr/bin/python3 -W ignore:setup.py install is deprecated -W ignore:easy_install command is deprecated setup.py develop --editable --build-directory /home/kaisar/warehouse_robot/robot/build/robot_planner/build --no-deps symlink_data
[3.026s] INFO:colcon.colcon_core.shell:Creating environment descriptor '/home/kaisar/warehouse_robot/robot/build/robot_planner/share/robot_planner/hook/pythonpath_develop.dsv'
[3.026s] INFO:colcon.colcon_core.shell:Creating environment hook '/home/kaisar/warehouse_robot/robot/build/robot_planner/share/robot_planner/hook/pythonpath_develop.sh'
[3.027s] Level 1:colcon.colcon_core.environment:checking '/home/kaisar/warehouse_robot/robot/install/robot_planner' for CMake module files
[3.027s] Level 1:colcon.colcon_core.environment:checking '/home/kaisar/warehouse_robot/robot/install/robot_planner' for CMake config files
[3.028s] Level 1:colcon.colcon_core.environment:checking '/home/kaisar/warehouse_robot/robot/install/robot_planner/lib'
[3.028s] Level 1:colcon.colcon_core.environment:checking '/home/kaisar/warehouse_robot/robot/install/robot_planner/bin'
[3.028s] Level 1:colcon.colcon_core.environment:checking '/home/kaisar/warehouse_robot/robot/install/robot_planner/lib/pkgconfig/robot_planner.pc'
[3.028s] Level 1:colcon.colcon_core.environment:checking '/home/kaisar/warehouse_robot/robot/install/robot_planner/lib/python3.12/site-packages'
[3.028s] Level 1:colcon.colcon_core.shell:create_environment_hook('robot_planner', 'pythonpath')
[3.028s] INFO:colcon.colcon_core.shell:Creating environment hook '/home/kaisar/warehouse_robot/robot/install/robot_planner/share/robot_planner/hook/pythonpath.ps1'
[3.028s] INFO:colcon.colcon_core.shell:Creating environment descriptor '/home/kaisar/warehouse_robot/robot/install/robot_planner/share/robot_planner/hook/pythonpath.dsv'
[3.029s] INFO:colcon.colcon_core.shell:Creating environment hook '/home/kaisar/warehouse_robot/robot/install/robot_planner/share/robot_planner/hook/pythonpath.sh'
[3.029s] Level 1:colcon.colcon_core.environment:checking '/home/kaisar/warehouse_robot/robot/install/robot_planner/bin'
[3.029s] Level 1:colcon.colcon_core.environment:create_environment_scripts_only(robot_planner)
[3.030s] INFO:colcon.colcon_core.shell:Creating package script '/home/kaisar/warehouse_robot/robot/install/robot_planner/share/robot_planner/package.ps1'
[3.030s] INFO:colcon.colcon_core.shell:Creating package descriptor '/home/kaisar/warehouse_robot/robot/install/robot_planner/share/robot_planner/package.dsv'
[3.030s] INFO:colcon.colcon_core.shell:Creating package script '/home/kaisar/warehouse_robot/robot/install/robot_planner/share/robot_planner/package.sh'
[3.031s] INFO:colcon.colcon_core.shell:Creating package script '/home/kaisar/warehouse_robot/robot/install/robot_planner/share/robot_planner/package.bash'
[3.031s] INFO:colcon.colcon_core.shell:Creating package script '/home/kaisar/warehouse_robot/robot/install/robot_planner/share/robot_planner/package.zsh'
[3.031s] Level 1:colcon.colcon_core.environment:create_file_with_runtime_dependencies(/home/kaisar/warehouse_robot/robot/install/robot_planner/share/colcon-core/packages/robot_planner)
[3.032s] INFO:colcon.colcon_ros.task.ament_python.build:Building ROS package in '/home/kaisar/warehouse_robot/robot/ws/src/robot_status' with build type 'ament_python'
[3.032s] Level 1:colcon.colcon_core.shell:create_environment_hook('robot_status', 'ament_prefix_path')
[3.032s] INFO:colcon.colcon_core.shell:Creating environment hook '/home/kaisar/warehouse_robot/robot/install/robot_status/share/robot_status/hook/ament_prefix_path.ps1'
[3.033s] INFO:colcon.colcon_core.shell:Creating environment descriptor '/home/kaisar/warehouse_robot/robot/install/robot_status/share/robot_status/hook/ament_prefix_path.dsv'
[3.033s] INFO:colcon.colcon_core.shell:Creating environment hook '/home/kaisar/warehouse_robot/robot/install/robot_status/share/robot_status/hook/ament_prefix_path.sh'
[3.033s] INFO:colcon.colcon_core.shell:Skip shell extension 'powershell' for command environment: Not usable outside of PowerShell
[3.033s] DEBUG:colcon.colcon_core.shell:Skip shell extension 'dsv' for command environment
[3.038s] INFO:colcon.colcon_ros.task.ament_python.build:Building ROS package in '/home/kaisar/warehouse_robot/robot/ws/src/ros2_http_client' with build type 'ament_python'
[3.038s] Level 1:colcon.colcon_core.shell:create_environment_hook('ros2_http_client', 'ament_prefix_path')
[3.039s] INFO:colcon.colcon_core.shell:Creating environment hook '/home/kaisar/warehouse_robot/robot/install/ros2_http_client/share/ros2_http_client/hook/ament_prefix_path.ps1'
[3.039s] INFO:colcon.colcon_core.shell:Creating environment descriptor '/home/kaisar/warehouse_robot/robot/install/ros2_http_client/share/ros2_http_client/hook/ament_prefix_path.dsv'
[3.039s] INFO:colcon.colcon_core.shell:Creating environment hook '/home/kaisar/warehouse_robot/robot/install/ros2_http_client/share/ros2_http_client/hook/ament_prefix_path.sh'
[3.040s] INFO:colcon.colcon_core.shell:Skip shell extension 'powershell' for command environment: Not usable outside of PowerShell
[3.040s] DEBUG:colcon.colcon_core.shell:Skip shell extension 'dsv' for command environment
[3.308s] INFO:colcon.colcon_core.task.python.build:Building Python package in '/home/kaisar/warehouse_robot/robot/ws/src/robot_status'
[3.308s] INFO:colcon.colcon_core.shell:Skip shell extension 'powershell' for command environment: Not usable outside of PowerShell
[3.308s] DEBUG:colcon.colcon_core.shell:Skip shell extension 'dsv' for command environment
[3.572s] INFO:colcon.colcon_core.task.python.build:Building Python package in '/home/kaisar/warehouse_robot/robot/ws/src/ros2_http_client'
[3.573s] INFO:colcon.colcon_core.shell:Skip shell extension 'powershell' for command environment: Not usable outside of PowerShell
[3.573s] DEBUG:colcon.colcon_core.shell:Skip shell extension 'dsv' for command environment
[4.378s] DEBUG:colcon.colcon_core.event_handler.log_command:Invoking command in '/home/kaisar/warehouse_robot/robot/build/robot_status': AMENT_PREFIX_PATH=/home/kaisar/warehouse_robot/robot/install/robot_planner:/home/kaisar/warehouse_robot/robot/install/robot_launch:/home/kaisar/warehouse_robot/robot/install/robot_status:/home/kaisar/warehouse_robot/install/trp1_description:/home/kaisar/warehouse_robot/install/stage_ros2:/home/kaisar/warehouse_robot/install/robot_msgs:/home/kaisar/warehouse_robot/install/nav2:/home/kaisar/warehouse_robot/robot/install/trp1_description:/home/kaisar/warehouse_robot/robot/install/stage_ros2:/home/kaisar/warehouse_robot/robot/install/robot_msgs:/home/kaisar/warehouse_robot/robot/install/nav2:/opt/ros/jazzy CMAKE_PREFIX_PATH=/home/kaisar/warehouse_robot/robot/install/robot_msgs:/home/kaisar/warehouse_robot/robot/install/robot_launch:/home/kaisar/warehouse_robot/install/trp1_description:/home/kaisar/warehouse_robot/install/stage_ros2:/home/kaisar/warehouse_robot/install/stage:/home/kaisar/warehouse_robot/install/robot_msgs:/home/kaisar/warehouse_robot/install/nav2:/home/kaisar/warehouse_robot/robot/install/trp1_description:/home/kaisar/warehouse_robot/robot/install/stage_ros2:/home/kaisar/warehouse_robot/robot/install/stage:/home/kaisar/warehouse_robot/robot/install/nav2:/opt/ros/jazzy/opt/gz_sim_vendor:/opt/ros/jazzy/opt/gz_sensors_vendor:/opt/ros/jazzy/opt/gz_physics_vendor:/opt/ros/jazzy/opt/sdformat_vendor:/opt/ros/jazzy/opt/gz_gui_vendor:/opt/ros/jazzy/opt/gz_transport_vendor:/opt/ros/jazzy/opt/gz_rendering_vendor:/opt/ros/jazzy/opt/gz_plugin_vendor:/opt/ros/jazzy/opt/gz_fuel_tools_vendor:/opt/ros/jazzy/opt/gz_msgs_vendor:/opt/ros/jazzy/opt/gz_common_vendor:/opt/ros/jazzy/opt/gz_math_vendor:/opt/ros/jazzy/opt/gz_utils_vendor:/opt/ros/jazzy/opt/gz_tools_vendor:/opt/ros/jazzy/opt/gz_ogre_next_vendor:/opt/ros/jazzy/opt/gz_dartsim_vendor:/opt/ros/jazzy/opt/gz_cmake_vendor DEBUGINFOD_URLS=https://debuginfod.ubuntu.com LD_LIBRARY_PATH=/home/kaisar/warehouse_robot/robot/install/robot_msgs/lib:/home/kaisar/warehouse_robot/install/stage_ros2/lib:/home/kaisar/warehouse_robot/install/stage/lib:/home/kaisar/warehouse_robot/install/robot_msgs/lib:/home/kaisar/warehouse_robot/robot/install/stage_ros2/lib:/home/kaisar/warehouse_robot/robot/install/stage/lib:/opt/ros/jazzy/opt/gz_sim_vendor/lib:/opt/ros/jazzy/opt/gz_sensors_vendor/lib:/opt/ros/jazzy/opt/gz_physics_vendor/lib:/opt/ros/jazzy/opt/sdformat_vendor/lib:/opt/ros/jazzy/opt/rviz_ogre_vendor/lib:/opt/ros/jazzy/lib/x86_64-linux-gnu:/opt/ros/jazzy/opt/gz_gui_vendor/lib:/opt/ros/jazzy/opt/gz_transport_vendor/lib:/opt/ros/jazzy/opt/gz_rendering_vendor/lib:/opt/ros/jazzy/opt/gz_plugin_vendor/lib:/opt/ros/jazzy/opt/gz_fuel_tools_vendor/lib:/opt/ros/jazzy/opt/gz_msgs_vendor/lib:/opt/ros/jazzy/opt/gz_common_vendor/lib:/opt/ros/jazzy/opt/gz_math_vendor/lib:/opt/ros/jazzy/opt/gz_utils_vendor/lib:/opt/ros/jazzy/opt/gz_tools_vendor/lib:/opt/ros/jazzy/opt/gz_ogre_next_vendor/lib:/opt/ros/jazzy/opt/gz_dartsim_vendor/lib:/opt/ros/jazzy/opt/gz_cmake_vendor/lib:/opt/ros/jazzy/lib PYTHONPATH=/home/kaisar/warehouse_robot/robot/build/robot_status/prefix_override:/usr/lib/python3/dist-packages/colcon_core/task/python/colcon_distutils_commands:/home/kaisar/warehouse_robot/robot/install/robot_status/lib/python3.12/site-packages:/home/kaisar/warehouse_robot/robot/build/robot_planner:/home/kaisar/warehouse_robot/robot/install/robot_planner/lib/python3.12/site-packages:/home/kaisar/warehouse_robot/robot/install/robot_msgs/lib/python3.12/site-packages:/home/kaisar/warehouse_robot/robot/build/robot_status:/home/kaisar/warehouse_robot/robot/install/robot_status/lib/python3.12/site-packages:/home/kaisar/warehouse_robot/install/robot_msgs/lib/python3.12/site-packages:/opt/ros/jazzy/lib/python/site-packages:/opt/ros/jazzy/lib/python3.12/site-packages /usr/bin/python3 -W ignore:setup.py install is deprecated -W ignore:easy_install command is deprecated setup.py develop --editable --build-directory /home/kaisar/warehouse_robot/robot/build/robot_status/build --no-deps symlink_data
[4.408s] DEBUG:colcon.colcon_core.event_handler.log_command:Invoking command in '/home/kaisar/warehouse_robot/robot/build/ros2_http_client': AMENT_PREFIX_PATH=/home/kaisar/warehouse_robot/robot/install/robot_planner:/home/kaisar/warehouse_robot/robot/install/robot_launch:/home/kaisar/warehouse_robot/robot/install/robot_status:/home/kaisar/warehouse_robot/install/trp1_description:/home/kaisar/warehouse_robot/install/stage_ros2:/home/kaisar/warehouse_robot/install/robot_msgs:/home/kaisar/warehouse_robot/install/nav2:/home/kaisar/warehouse_robot/robot/install/trp1_description:/home/kaisar/warehouse_robot/robot/install/stage_ros2:/home/kaisar/warehouse_robot/robot/install/robot_msgs:/home/kaisar/warehouse_robot/robot/install/nav2:/opt/ros/jazzy CMAKE_PREFIX_PATH=/home/kaisar/warehouse_robot/robot/install/robot_msgs:/home/kaisar/warehouse_robot/robot/install/robot_launch:/home/kaisar/warehouse_robot/install/trp1_description:/home/kaisar/warehouse_robot/install/stage_ros2:/home/kaisar/warehouse_robot/install/stage:/home/kaisar/warehouse_robot/install/robot_msgs:/home/kaisar/warehouse_robot/install/nav2:/home/kaisar/warehouse_robot/robot/install/trp1_description:/home/kaisar/warehouse_robot/robot/install/stage_ros2:/home/kaisar/warehouse_robot/robot/install/stage:/home/kaisar/warehouse_robot/robot/install/nav2:/opt/ros/jazzy/opt/gz_sim_vendor:/opt/ros/jazzy/opt/gz_sensors_vendor:/opt/ros/jazzy/opt/gz_physics_vendor:/opt/ros/jazzy/opt/sdformat_vendor:/opt/ros/jazzy/opt/gz_gui_vendor:/opt/ros/jazzy/opt/gz_transport_vendor:/opt/ros/jazzy/opt/gz_rendering_vendor:/opt/ros/jazzy/opt/gz_plugin_vendor:/opt/ros/jazzy/opt/gz_fuel_tools_vendor:/opt/ros/jazzy/opt/gz_msgs_vendor:/opt/ros/jazzy/opt/gz_common_vendor:/opt/ros/jazzy/opt/gz_math_vendor:/opt/ros/jazzy/opt/gz_utils_vendor:/opt/ros/jazzy/opt/gz_tools_vendor:/opt/ros/jazzy/opt/gz_ogre_next_vendor:/opt/ros/jazzy/opt/gz_dartsim_vendor:/opt/ros/jazzy/opt/gz_cmake_vendor DEBUGINFOD_URLS=https://debuginfod.ubuntu.com LD_LIBRARY_PATH=/home/kaisar/warehouse_robot/robot/install/robot_msgs/lib:/home/kaisar/warehouse_robot/install/stage_ros2/lib:/home/kaisar/warehouse_robot/install/stage/lib:/home/kaisar/warehouse_robot/install/robot_msgs/lib:/home/kaisar/warehouse_robot/robot/install/stage_ros2/lib:/home/kaisar/warehouse_robot/robot/install/stage/lib:/opt/ros/jazzy/opt/gz_sim_vendor/lib:/opt/ros/jazzy/opt/gz_sensors_vendor/lib:/opt/ros/jazzy/opt/gz_physics_vendor/lib:/opt/ros/jazzy/opt/sdformat_vendor/lib:/opt/ros/jazzy/opt/rviz_ogre_vendor/lib:/opt/ros/jazzy/lib/x86_64-linux-gnu:/opt/ros/jazzy/opt/gz_gui_vendor/lib:/opt/ros/jazzy/opt/gz_transport_vendor/lib:/opt/ros/jazzy/opt/gz_rendering_vendor/lib:/opt/ros/jazzy/opt/gz_plugin_vendor/lib:/opt/ros/jazzy/opt/gz_fuel_tools_vendor/lib:/opt/ros/jazzy/opt/gz_msgs_vendor/lib:/opt/ros/jazzy/opt/gz_common_vendor/lib:/opt/ros/jazzy/opt/gz_math_vendor/lib:/opt/ros/jazzy/opt/gz_utils_vendor/lib:/opt/ros/jazzy/opt/gz_tools_vendor/lib:/opt/ros/jazzy/opt/gz_ogre_next_vendor/lib:/opt/ros/jazzy/opt/gz_dartsim_vendor/lib:/opt/ros/jazzy/opt/gz_cmake_vendor/lib:/opt/ros/jazzy/lib PYTHONPATH=/home/kaisar/warehouse_robot/robot/build/ros2_http_client/prefix_override:/usr/lib/python3/dist-packages/colcon_core/task/python/colcon_distutils_commands:/home/kaisar/warehouse_robot/robot/install/ros2_http_client/lib/python3.12/site-packages:/home/kaisar/warehouse_robot/robot/build/robot_planner:/home/kaisar/warehouse_robot/robot/install/robot_planner/lib/python3.12/site-packages:/home/kaisar/warehouse_robot/robot/install/robot_msgs/lib/python3.12/site-packages:/home/kaisar/warehouse_robot/robot/build/robot_status:/home/kaisar/warehouse_robot/robot/install/robot_status/lib/python3.12/site-packages:/home/kaisar/warehouse_robot/install/robot_msgs/lib/python3.12/site-packages:/opt/ros/jazzy/lib/python/site-packages:/opt/ros/jazzy/lib/python3.12/site-packages /usr/bin/python3 -W ignore:setup.py install is deprecated -W ignore:easy_install command is deprecated setup.py develop --editable --build-directory /home/kaisar/warehouse_robot/robot/build/ros2_http_client/build --no-deps symlink_data
[5.358s] Level 1:colcon.colcon_core.shell:create_environment_hook('robot_status', 'pythonpath_develop')
[5.358s] INFO:colcon.colcon_core.shell:Creating environment hook '/home/kaisar/warehouse_robot/robot/build/robot_status/share/robot_status/hook/pythonpath_develop.ps1'
[5.359s] DEBUG:colcon.colcon_core.event_handler.log_command:Invoked command in '/home/kaisar/warehouse_robot/robot/build/robot_status' returned '0': AMENT_PREFIX_PATH=/home/kaisar/warehouse_robot/robot/install/robot_planner:/home/kaisar/warehouse_robot/robot/install/robot_launch:/home/kaisar/warehouse_robot/robot/install/robot_status:/home/kaisar/warehouse_robot/install/trp1_description:/home/kaisar/warehouse_robot/install/stage_ros2:/home/kaisar/warehouse_robot/install/robot_msgs:/home/kaisar/warehouse_robot/install/nav2:/home/kaisar/warehouse_robot/robot/install/trp1_description:/home/kaisar/warehouse_robot/robot/install/stage_ros2:/home/kaisar/warehouse_robot/robot/install/robot_msgs:/home/kaisar/warehouse_robot/robot/install/nav2:/opt/ros/jazzy CMAKE_PREFIX_PATH=/home/kaisar/warehouse_robot/robot/install/robot_msgs:/home/kaisar/warehouse_robot/robot/install/robot_launch:/home/kaisar/warehouse_robot/install/trp1_description:/home/kaisar/warehouse_robot/install/stage_ros2:/home/kaisar/warehouse_robot/install/stage:/home/kaisar/warehouse_robot/install/robot_msgs:/home/kaisar/warehouse_robot/install/nav2:/home/kaisar/warehouse_robot/robot/install/trp1_description:/home/kaisar/warehouse_robot/robot/install/stage_ros2:/home/kaisar/warehouse_robot/robot/install/stage:/home/kaisar/warehouse_robot/robot/install/nav2:/opt/ros/jazzy/opt/gz_sim_vendor:/opt/ros/jazzy/opt/gz_sensors_vendor:/opt/ros/jazzy/opt/gz_physics_vendor:/opt/ros/jazzy/opt/sdformat_vendor:/opt/ros/jazzy/opt/gz_gui_vendor:/opt/ros/jazzy/opt/gz_transport_vendor:/opt/ros/jazzy/opt/gz_rendering_vendor:/opt/ros/jazzy/opt/gz_plugin_vendor:/opt/ros/jazzy/opt/gz_fuel_tools_vendor:/opt/ros/jazzy/opt/gz_msgs_vendor:/opt/ros/jazzy/opt/gz_common_vendor:/opt/ros/jazzy/opt/gz_math_vendor:/opt/ros/jazzy/opt/gz_utils_vendor:/opt/ros/jazzy/opt/gz_tools_vendor:/opt/ros/jazzy/opt/gz_ogre_next_vendor:/opt/ros/jazzy/opt/gz_dartsim_vendor:/opt/ros/jazzy/opt/gz_cmake_vendor DEBUGINFOD_URLS=https://debuginfod.ubuntu.com LD_LIBRARY_PATH=/home/kaisar/warehouse_robot/robot/install/robot_msgs/lib:/home/kaisar/warehouse_robot/install/stage_ros2/lib:/home/kaisar/warehouse_robot/install/stage/lib:/home/kaisar/warehouse_robot/install/robot_msgs/lib:/home/kaisar/warehouse_robot/robot/install/stage_ros2/lib:/home/kaisar/warehouse_robot/robot/install/stage/lib:/opt/ros/jazzy/opt/gz_sim_vendor/lib:/opt/ros/jazzy/opt/gz_sensors_vendor/lib:/opt/ros/jazzy/opt/gz_physics_vendor/lib:/opt/ros/jazzy/opt/sdformat_vendor/lib:/opt/ros/jazzy/opt/rviz_ogre_vendor/lib:/opt/ros/jazzy/lib/x86_64-linux-gnu:/opt/ros/jazzy/opt/gz_gui_vendor/lib:/opt/ros/jazzy/opt/gz_transport_vendor/lib:/opt/ros/jazzy/opt/gz_rendering_vendor/lib:/opt/ros/jazzy/opt/gz_plugin_vendor/lib:/opt/ros/jazzy/opt/gz_fuel_tools_vendor/lib:/opt/ros/jazzy/opt/gz_msgs_vendor/lib:/opt/ros/jazzy/opt/gz_common_vendor/lib:/opt/ros/jazzy/opt/gz_math_vendor/lib:/opt/ros/jazzy/opt/gz_utils_vendor/lib:/opt/ros/jazzy/opt/gz_tools_vendor/lib:/opt/ros/jazzy/opt/gz_ogre_next_vendor/lib:/opt/ros/jazzy/opt/gz_dartsim_vendor/lib:/opt/ros/jazzy/opt/gz_cmake_vendor/lib:/opt/ros/jazzy/lib PYTHONPATH=/home/kaisar/warehouse_robot/robot/build/robot_status/prefix_override:/usr/lib/python3/dist-packages/colcon_core/task/python/colcon_distutils_commands:/home/kaisar/warehouse_robot/robot/install/robot_status/lib/python3.12/site-packages:/home/kaisar/warehouse_robot/robot/build/robot_planner:/home/kaisar/warehouse_robot/robot/install/robot_planner/lib/python3.12/site-packages:/home/kaisar/warehouse_robot/robot/install/robot_msgs/lib/python3.12/site-packages:/home/kaisar/warehouse_robot/robot/build/robot_status:/home/kaisar/warehouse_robot/robot/install/robot_status/lib/python3.12/site-packages:/home/kaisar/warehouse_robot/install/robot_msgs/lib/python3.12/site-packages:/opt/ros/jazzy/lib/python/site-packages:/opt/ros/jazzy/lib/python3.12/site-packages /usr/bin/python3 -W ignore:setup.py install is deprecated -W ignore:easy_install command is deprecated setup.py develop --editable --build-directory /home/kaisar/warehouse_robot/robot/build/robot_status/build --no-deps symlink_data
[5.359s] INFO:colcon.colcon_core.shell:Creating environment descriptor '/home/kaisar/warehouse_robot/robot/build/robot_status/share/robot_status/hook/pythonpath_develop.dsv'
[5.360s] INFO:colcon.colcon_core.shell:Creating environment hook '/home/kaisar/warehouse_robot/robot/build/robot_status/share/robot_status/hook/pythonpath_develop.sh'
[5.360s] Level 1:colcon.colcon_core.environment:checking '/home/kaisar/warehouse_robot/robot/install/robot_status' for CMake module files
[5.361s] Level 1:colcon.colcon_core.environment:checking '/home/kaisar/warehouse_robot/robot/install/robot_status' for CMake config files
[5.361s] Level 1:colcon.colcon_core.environment:checking '/home/kaisar/warehouse_robot/robot/install/robot_status/lib'
[5.361s] Level 1:colcon.colcon_core.environment:checking '/home/kaisar/warehouse_robot/robot/install/robot_status/bin'
[5.361s] Level 1:colcon.colcon_core.environment:checking '/home/kaisar/warehouse_robot/robot/install/robot_status/lib/pkgconfig/robot_status.pc'
[5.362s] Level 1:colcon.colcon_core.environment:checking '/home/kaisar/warehouse_robot/robot/install/robot_status/lib/python3.12/site-packages'
[5.362s] Level 1:colcon.colcon_core.shell:create_environment_hook('robot_status', 'pythonpath')
[5.362s] INFO:colcon.colcon_core.shell:Creating environment hook '/home/kaisar/warehouse_robot/robot/install/robot_status/share/robot_status/hook/pythonpath.ps1'
[5.362s] INFO:colcon.colcon_core.shell:Creating environment descriptor '/home/kaisar/warehouse_robot/robot/install/robot_status/share/robot_status/hook/pythonpath.dsv'
[5.363s] INFO:colcon.colcon_core.shell:Creating environment hook '/home/kaisar/warehouse_robot/robot/install/robot_status/share/robot_status/hook/pythonpath.sh'
[5.364s] Level 1:colcon.colcon_core.environment:checking '/home/kaisar/warehouse_robot/robot/install/robot_status/bin'
[5.364s] Level 1:colcon.colcon_core.environment:create_environment_scripts_only(robot_status)
[5.364s] INFO:colcon.colcon_core.shell:Creating package script '/home/kaisar/warehouse_robot/robot/install/robot_status/share/robot_status/package.ps1'
[5.365s] INFO:colcon.colcon_core.shell:Creating package descriptor '/home/kaisar/warehouse_robot/robot/install/robot_status/share/robot_status/package.dsv'
[5.366s] INFO:colcon.colcon_core.shell:Creating package script '/home/kaisar/warehouse_robot/robot/install/robot_status/share/robot_status/package.sh'
[5.366s] INFO:colcon.colcon_core.shell:Creating package script '/home/kaisar/warehouse_robot/robot/install/robot_status/share/robot_status/package.bash'
[5.366s] INFO:colcon.colcon_core.shell:Creating package script '/home/kaisar/warehouse_robot/robot/install/robot_status/share/robot_status/package.zsh'
[5.366s] Level 1:colcon.colcon_core.environment:create_file_with_runtime_dependencies(/home/kaisar/warehouse_robot/robot/install/robot_status/share/colcon-core/packages/robot_status)
[5.367s] INFO:colcon.colcon_ros.task.ament_cmake.build:Building ROS package in '/home/kaisar/warehouse_robot/robot/ws/src/launch' with build type 'ament_cmake'
[5.367s] INFO:colcon.colcon_cmake.task.cmake.build:Building CMake package in '/home/kaisar/warehouse_robot/robot/ws/src/launch'
[5.367s] INFO:colcon.colcon_core.shell:Skip shell extension 'powershell' for command environment: Not usable outside of PowerShell
[5.367s] DEBUG:colcon.colcon_core.shell:Skip shell extension 'dsv' for command environment
[5.386s] DEBUG:colcon.colcon_core.event_handler.log_command:Invoking command in '/home/kaisar/warehouse_robot/robot/build/robot_launch': AMENT_PREFIX_PATH=/home/kaisar/warehouse_robot/robot/install/robot_status:/home/kaisar/warehouse_robot/robot/install/robot_planner:/home/kaisar/warehouse_robot/robot/install/robot_launch:/home/kaisar/warehouse_robot/install/trp1_description:/home/kaisar/warehouse_robot/install/stage_ros2:/home/kaisar/warehouse_robot/install/robot_msgs:/home/kaisar/warehouse_robot/install/nav2:/home/kaisar/warehouse_robot/robot/install/trp1_description:/home/kaisar/warehouse_robot/robot/install/stage_ros2:/home/kaisar/warehouse_robot/robot/install/robot_msgs:/home/kaisar/warehouse_robot/robot/install/nav2:/opt/ros/jazzy CMAKE_PREFIX_PATH=/home/kaisar/warehouse_robot/robot/install/robot_msgs:/home/kaisar/warehouse_robot/robot/install/robot_launch:/home/kaisar/warehouse_robot/install/trp1_description:/home/kaisar/warehouse_robot/install/stage_ros2:/home/kaisar/warehouse_robot/install/stage:/home/kaisar/warehouse_robot/install/robot_msgs:/home/kaisar/warehouse_robot/install/nav2:/home/kaisar/warehouse_robot/robot/install/trp1_description:/home/kaisar/warehouse_robot/robot/install/stage_ros2:/home/kaisar/warehouse_robot/robot/install/robot_status:/home/kaisar/warehouse_robot/robot/install/robot_planner:/opt/ros/jazzy:/home/kaisar/warehouse_robot/robot/install/stage:/home/kaisar/warehouse_robot/robot/install/nav2:/opt/ros/jazzy/opt/gz_sim_vendor:/opt/ros/jazzy/opt/gz_sensors_vendor:/opt/ros/jazzy/opt/gz_physics_vendor:/opt/ros/jazzy/opt/sdformat_vendor:/opt/ros/jazzy/opt/gz_gui_vendor:/opt/ros/jazzy/opt/gz_transport_vendor:/opt/ros/jazzy/opt/gz_rendering_vendor:/opt/ros/jazzy/opt/gz_plugin_vendor:/opt/ros/jazzy/opt/gz_fuel_tools_vendor:/opt/ros/jazzy/opt/gz_msgs_vendor:/opt/ros/jazzy/opt/gz_common_vendor:/opt/ros/jazzy/opt/gz_math_vendor:/opt/ros/jazzy/opt/gz_utils_vendor:/opt/ros/jazzy/opt/gz_tools_vendor:/opt/ros/jazzy/opt/gz_ogre_next_vendor:/opt/ros/jazzy/opt/gz_dartsim_vendor:/opt/ros/jazzy/opt/gz_cmake_vendor DEBUGINFOD_URLS=https://debuginfod.ubuntu.com LD_LIBRARY_PATH=/home/kaisar/warehouse_robot/robot/install/robot_msgs/lib:/home/kaisar/warehouse_robot/install/stage_ros2/lib:/home/kaisar/warehouse_robot/install/stage/lib:/home/kaisar/warehouse_robot/install/robot_msgs/lib:/home/kaisar/warehouse_robot/robot/install/stage_ros2/lib:/home/kaisar/warehouse_robot/robot/install/stage/lib:/opt/ros/jazzy/opt/gz_sim_vendor/lib:/opt/ros/jazzy/opt/gz_sensors_vendor/lib:/opt/ros/jazzy/opt/gz_physics_vendor/lib:/opt/ros/jazzy/opt/sdformat_vendor/lib:/opt/ros/jazzy/opt/rviz_ogre_vendor/lib:/opt/ros/jazzy/lib/x86_64-linux-gnu:/opt/ros/jazzy/opt/gz_gui_vendor/lib:/opt/ros/jazzy/opt/gz_transport_vendor/lib:/opt/ros/jazzy/opt/gz_rendering_vendor/lib:/opt/ros/jazzy/opt/gz_plugin_vendor/lib:/opt/ros/jazzy/opt/gz_fuel_tools_vendor/lib:/opt/ros/jazzy/opt/gz_msgs_vendor/lib:/opt/ros/jazzy/opt/gz_common_vendor/lib:/opt/ros/jazzy/opt/gz_math_vendor/lib:/opt/ros/jazzy/opt/gz_utils_vendor/lib:/opt/ros/jazzy/opt/gz_tools_vendor/lib:/opt/ros/jazzy/opt/gz_ogre_next_vendor/lib:/opt/ros/jazzy/opt/gz_dartsim_vendor/lib:/opt/ros/jazzy/opt/gz_cmake_vendor/lib:/opt/ros/jazzy/lib PYTHONPATH=/home/kaisar/warehouse_robot/robot/build/robot_status:/home/kaisar/warehouse_robot/robot/install/robot_status/lib/python3.12/site-packages:/home/kaisar/warehouse_robot/robot/build/robot_planner:/home/kaisar/warehouse_robot/robot/install/robot_planner/lib/python3.12/site-packages:/home/kaisar/warehouse_robot/robot/install/robot_msgs/lib/python3.12/site-packages:/home/kaisar/warehouse_robot/install/robot_msgs/lib/python3.12/site-packages:/opt/ros/jazzy/lib/python/site-packages:/opt/ros/jazzy/lib/python3.12/site-packages /usr/bin/cmake --build /home/kaisar/warehouse_robot/robot/build/robot_launch -- -j12 -l12
[5.422s] Level 1:colcon.colcon_core.shell:create_environment_hook('ros2_http_client', 'pythonpath_develop')
[5.422s] INFO:colcon.colcon_core.shell:Creating environment hook '/home/kaisar/warehouse_robot/robot/build/ros2_http_client/share/ros2_http_client/hook/pythonpath_develop.ps1'
[5.423s] DEBUG:colcon.colcon_core.event_handler.log_command:Invoked command in '/home/kaisar/warehouse_robot/robot/build/ros2_http_client' returned '0': AMENT_PREFIX_PATH=/home/kaisar/warehouse_robot/robot/install/robot_planner:/home/kaisar/warehouse_robot/robot/install/robot_launch:/home/kaisar/warehouse_robot/robot/install/robot_status:/home/kaisar/warehouse_robot/install/trp1_description:/home/kaisar/warehouse_robot/install/stage_ros2:/home/kaisar/warehouse_robot/install/robot_msgs:/home/kaisar/warehouse_robot/install/nav2:/home/kaisar/warehouse_robot/robot/install/trp1_description:/home/kaisar/warehouse_robot/robot/install/stage_ros2:/home/kaisar/warehouse_robot/robot/install/robot_msgs:/home/kaisar/warehouse_robot/robot/install/nav2:/opt/ros/jazzy CMAKE_PREFIX_PATH=/home/kaisar/warehouse_robot/robot/install/robot_msgs:/home/kaisar/warehouse_robot/robot/install/robot_launch:/home/kaisar/warehouse_robot/install/trp1_description:/home/kaisar/warehouse_robot/install/stage_ros2:/home/kaisar/warehouse_robot/install/stage:/home/kaisar/warehouse_robot/install/robot_msgs:/home/kaisar/warehouse_robot/install/nav2:/home/kaisar/warehouse_robot/robot/install/trp1_description:/home/kaisar/warehouse_robot/robot/install/stage_ros2:/home/kaisar/warehouse_robot/robot/install/stage:/home/kaisar/warehouse_robot/robot/install/nav2:/opt/ros/jazzy/opt/gz_sim_vendor:/opt/ros/jazzy/opt/gz_sensors_vendor:/opt/ros/jazzy/opt/gz_physics_vendor:/opt/ros/jazzy/opt/sdformat_vendor:/opt/ros/jazzy/opt/gz_gui_vendor:/opt/ros/jazzy/opt/gz_transport_vendor:/opt/ros/jazzy/opt/gz_rendering_vendor:/opt/ros/jazzy/opt/gz_plugin_vendor:/opt/ros/jazzy/opt/gz_fuel_tools_vendor:/opt/ros/jazzy/opt/gz_msgs_vendor:/opt/ros/jazzy/opt/gz_common_vendor:/opt/ros/jazzy/opt/gz_math_vendor:/opt/ros/jazzy/opt/gz_utils_vendor:/opt/ros/jazzy/opt/gz_tools_vendor:/opt/ros/jazzy/opt/gz_ogre_next_vendor:/opt/ros/jazzy/opt/gz_dartsim_vendor:/opt/ros/jazzy/opt/gz_cmake_vendor DEBUGINFOD_URLS=https://debuginfod.ubuntu.com LD_LIBRARY_PATH=/home/kaisar/warehouse_robot/robot/install/robot_msgs/lib:/home/kaisar/warehouse_robot/install/stage_ros2/lib:/home/kaisar/warehouse_robot/install/stage/lib:/home/kaisar/warehouse_robot/install/robot_msgs/lib:/home/kaisar/warehouse_robot/robot/install/stage_ros2/lib:/home/kaisar/warehouse_robot/robot/install/stage/lib:/opt/ros/jazzy/opt/gz_sim_vendor/lib:/opt/ros/jazzy/opt/gz_sensors_vendor/lib:/opt/ros/jazzy/opt/gz_physics_vendor/lib:/opt/ros/jazzy/opt/sdformat_vendor/lib:/opt/ros/jazzy/opt/rviz_ogre_vendor/lib:/opt/ros/jazzy/lib/x86_64-linux-gnu:/opt/ros/jazzy/opt/gz_gui_vendor/lib:/opt/ros/jazzy/opt/gz_transport_vendor/lib:/opt/ros/jazzy/opt/gz_rendering_vendor/lib:/opt/ros/jazzy/opt/gz_plugin_vendor/lib:/opt/ros/jazzy/opt/gz_fuel_tools_vendor/lib:/opt/ros/jazzy/opt/gz_msgs_vendor/lib:/opt/ros/jazzy/opt/gz_common_vendor/lib:/opt/ros/jazzy/opt/gz_math_vendor/lib:/opt/ros/jazzy/opt/gz_utils_vendor/lib:/opt/ros/jazzy/opt/gz_tools_vendor/lib:/opt/ros/jazzy/opt/gz_ogre_next_vendor/lib:/opt/ros/jazzy/opt/gz_dartsim_vendor/lib:/opt/ros/jazzy/opt/gz_cmake_vendor/lib:/opt/ros/jazzy/lib PYTHONPATH=/home/kaisar/warehouse_robot/robot/build/ros2_http_client/prefix_override:/usr/lib/python3/dist-packages/colcon_core/task/python/colcon_distutils_commands:/home/kaisar/warehouse_robot/robot/install/ros2_http_client/lib/python3.12/site-packages:/home/kaisar/warehouse_robot/robot/build/robot_planner:/home/kaisar/warehouse_robot/robot/install/robot_planner/lib/python3.12/site-packages:/home/kaisar/warehouse_robot/robot/install/robot_msgs/lib/python3.12/site-packages:/home/kaisar/warehouse_robot/robot/build/robot_status:/home/kaisar/warehouse_robot/robot/install/robot_status/lib/python3.12/site-packages:/home/kaisar/warehouse_robot/install/robot_msgs/lib/python3.12/site-packages:/opt/ros/jazzy/lib/python/site-packages:/opt/ros/jazzy/lib/python3.12/site-packages /usr/bin/python3 -W ignore:setup.py install is deprecated -W ignore:easy_install command is deprecated setup.py develop --editable --build-directory /home/kaisar/warehouse_robot/robot/build/ros2_http_client/build --no-deps symlink_data
[5.424s] INFO:colcon.colcon_core.shell:Creating environment descriptor '/home/kaisar/warehouse_robot/robot/build/ros2_http_client/share/ros2_http_client/hook/pythonpath_develop.dsv'
[5.425s] INFO:colcon.colcon_core.shell:Creating environment hook '/home/kaisar/warehouse_robot/robot/build/ros2_http_client/share/ros2_http_client/hook/pythonpath_develop.sh'
[5.425s] Level 1:colcon.colcon_core.environment:checking '/home/kaisar/warehouse_robot/robot/install/ros2_http_client' for CMake module files
[5.426s] Level 1:colcon.colcon_core.environment:checking '/home/kaisar/warehouse_robot/robot/install/ros2_http_client' for CMake config files
[5.427s] Level 1:colcon.colcon_core.environment:checking '/home/kaisar/warehouse_robot/robot/install/ros2_http_client/lib'
[5.427s] Level 1:colcon.colcon_core.environment:checking '/home/kaisar/warehouse_robot/robot/install/ros2_http_client/bin'
[5.427s] Level 1:colcon.colcon_core.environment:checking '/home/kaisar/warehouse_robot/robot/install/ros2_http_client/lib/pkgconfig/ros2_http_client.pc'
[5.427s] Level 1:colcon.colcon_core.environment:checking '/home/kaisar/warehouse_robot/robot/install/ros2_http_client/lib/python3.12/site-packages'
[5.427s] Level 1:colcon.colcon_core.shell:create_environment_hook('ros2_http_client', 'pythonpath')
[5.428s] INFO:colcon.colcon_core.shell:Creating environment hook '/home/kaisar/warehouse_robot/robot/install/ros2_http_client/share/ros2_http_client/hook/pythonpath.ps1'
[5.428s] INFO:colcon.colcon_core.shell:Creating environment descriptor '/home/kaisar/warehouse_robot/robot/install/ros2_http_client/share/ros2_http_client/hook/pythonpath.dsv'
[5.428s] INFO:colcon.colcon_core.shell:Creating environment hook '/home/kaisar/warehouse_robot/robot/install/ros2_http_client/share/ros2_http_client/hook/pythonpath.sh'
[5.429s] Level 1:colcon.colcon_core.environment:checking '/home/kaisar/warehouse_robot/robot/install/ros2_http_client/bin'
[5.429s] Level 1:colcon.colcon_core.environment:create_environment_scripts_only(ros2_http_client)
[5.429s] INFO:colcon.colcon_core.shell:Creating package script '/home/kaisar/warehouse_robot/robot/install/ros2_http_client/share/ros2_http_client/package.ps1'
[5.430s] INFO:colcon.colcon_core.shell:Creating package descriptor '/home/kaisar/warehouse_robot/robot/install/ros2_http_client/share/ros2_http_client/package.dsv'
[5.431s] INFO:colcon.colcon_core.shell:Creating package script '/home/kaisar/warehouse_robot/robot/install/ros2_http_client/share/ros2_http_client/package.sh'
[5.432s] INFO:colcon.colcon_core.shell:Creating package script '/home/kaisar/warehouse_robot/robot/install/ros2_http_client/share/ros2_http_client/package.bash'
[5.433s] INFO:colcon.colcon_core.shell:Creating package script '/home/kaisar/warehouse_robot/robot/install/ros2_http_client/share/ros2_http_client/package.zsh'
[5.433s] Level 1:colcon.colcon_core.environment:create_file_with_runtime_dependencies(/home/kaisar/warehouse_robot/robot/install/ros2_http_client/share/colcon-core/packages/ros2_http_client)
[5.448s] DEBUG:colcon.colcon_core.event_handler.log_command:Invoked command in '/home/kaisar/warehouse_robot/robot/build/robot_launch' returned '0': AMENT_PREFIX_PATH=/home/kaisar/warehouse_robot/robot/install/robot_status:/home/kaisar/warehouse_robot/robot/install/robot_planner:/home/kaisar/warehouse_robot/robot/install/robot_launch:/home/kaisar/warehouse_robot/install/trp1_description:/home/kaisar/warehouse_robot/install/stage_ros2:/home/kaisar/warehouse_robot/install/robot_msgs:/home/kaisar/warehouse_robot/install/nav2:/home/kaisar/warehouse_robot/robot/install/trp1_description:/home/kaisar/warehouse_robot/robot/install/stage_ros2:/home/kaisar/warehouse_robot/robot/install/robot_msgs:/home/kaisar/warehouse_robot/robot/install/nav2:/opt/ros/jazzy CMAKE_PREFIX_PATH=/home/kaisar/warehouse_robot/robot/install/robot_msgs:/home/kaisar/warehouse_robot/robot/install/robot_launch:/home/kaisar/warehouse_robot/install/trp1_description:/home/kaisar/warehouse_robot/install/stage_ros2:/home/kaisar/warehouse_robot/install/stage:/home/kaisar/warehouse_robot/install/robot_msgs:/home/kaisar/warehouse_robot/install/nav2:/home/kaisar/warehouse_robot/robot/install/trp1_description:/home/kaisar/warehouse_robot/robot/install/stage_ros2:/home/kaisar/warehouse_robot/robot/install/robot_status:/home/kaisar/warehouse_robot/robot/install/robot_planner:/opt/ros/jazzy:/home/kaisar/warehouse_robot/robot/install/stage:/home/kaisar/warehouse_robot/robot/install/nav2:/opt/ros/jazzy/opt/gz_sim_vendor:/opt/ros/jazzy/opt/gz_sensors_vendor:/opt/ros/jazzy/opt/gz_physics_vendor:/opt/ros/jazzy/opt/sdformat_vendor:/opt/ros/jazzy/opt/gz_gui_vendor:/opt/ros/jazzy/opt/gz_transport_vendor:/opt/ros/jazzy/opt/gz_rendering_vendor:/opt/ros/jazzy/opt/gz_plugin_vendor:/opt/ros/jazzy/opt/gz_fuel_tools_vendor:/opt/ros/jazzy/opt/gz_msgs_vendor:/opt/ros/jazzy/opt/gz_common_vendor:/opt/ros/jazzy/opt/gz_math_vendor:/opt/ros/jazzy/opt/gz_utils_vendor:/opt/ros/jazzy/opt/gz_tools_vendor:/opt/ros/jazzy/opt/gz_ogre_next_vendor:/opt/ros/jazzy/opt/gz_dartsim_vendor:/opt/ros/jazzy/opt/gz_cmake_vendor DEBUGINFOD_URLS=https://debuginfod.ubuntu.com LD_LIBRARY_PATH=/home/kaisar/warehouse_robot/robot/install/robot_msgs/lib:/home/kaisar/warehouse_robot/install/stage_ros2/lib:/home/kaisar/warehouse_robot/install/stage/lib:/home/kaisar/warehouse_robot/install/robot_msgs/lib:/home/kaisar/warehouse_robot/robot/install/stage_ros2/lib:/home/kaisar/warehouse_robot/robot/install/stage/lib:/opt/ros/jazzy/opt/gz_sim_vendor/lib:/opt/ros/jazzy/opt/gz_sensors_vendor/lib:/opt/ros/jazzy/opt/gz_physics_vendor/lib:/opt/ros/jazzy/opt/sdformat_vendor/lib:/opt/ros/jazzy/opt/rviz_ogre_vendor/lib:/opt/ros/jazzy/lib/x86_64-linux-gnu:/opt/ros/jazzy/opt/gz_gui_vendor/lib:/opt/ros/jazzy/opt/gz_transport_vendor/lib:/opt/ros/jazzy/opt/gz_rendering_vendor/lib:/opt/ros/jazzy/opt/gz_plugin_vendor/lib:/opt/ros/jazzy/opt/gz_fuel_tools_vendor/lib:/opt/ros/jazzy/opt/gz_msgs_vendor/lib:/opt/ros/jazzy/opt/gz_common_vendor/lib:/opt/ros/jazzy/opt/gz_math_vendor/lib:/opt/ros/jazzy/opt/gz_utils_vendor/lib:/opt/ros/jazzy/opt/gz_tools_vendor/lib:/opt/ros/jazzy/opt/gz_ogre_next_vendor/lib:/opt/ros/jazzy/opt/gz_dartsim_vendor/lib:/opt/ros/jazzy/opt/gz_cmake_vendor/lib:/opt/ros/jazzy/lib PYTHONPATH=/home/kaisar/warehouse_robot/robot/build/robot_status:/home/kaisar/warehouse_robot/robot/install/robot_status/lib/python3.12/site-packages:/home/kaisar/warehouse_robot/robot/build/robot_planner:/home/kaisar/warehouse_robot/robot/install/robot_planner/lib/python3.12/site-packages:/home/kaisar/warehouse_robot/robot/install/robot_msgs/lib/python3.12/site-packages:/home/kaisar/warehouse_robot/install/robot_msgs/lib/python3.12/site-packages:/opt/ros/jazzy/lib/python/site-packages:/opt/ros/jazzy/lib/python3.12/site-packages /usr/bin/cmake --build /home/kaisar/warehouse_robot/robot/build/robot_launch -- -j12 -l12
[5.449s] DEBUG:colcon.colcon_core.event_handler.log_command:Invoking command in '/home/kaisar/warehouse_robot/robot/build/robot_launch': AMENT_PREFIX_PATH=/home/kaisar/warehouse_robot/robot/install/robot_status:/home/kaisar/warehouse_robot/robot/install/robot_planner:/home/kaisar/warehouse_robot/robot/install/robot_launch:/home/kaisar/warehouse_robot/install/trp1_description:/home/kaisar/warehouse_robot/install/stage_ros2:/home/kaisar/warehouse_robot/install/robot_msgs:/home/kaisar/warehouse_robot/install/nav2:/home/kaisar/warehouse_robot/robot/install/trp1_description:/home/kaisar/warehouse_robot/robot/install/stage_ros2:/home/kaisar/warehouse_robot/robot/install/robot_msgs:/home/kaisar/warehouse_robot/robot/install/nav2:/opt/ros/jazzy CMAKE_PREFIX_PATH=/home/kaisar/warehouse_robot/robot/install/robot_msgs:/home/kaisar/warehouse_robot/robot/install/robot_launch:/home/kaisar/warehouse_robot/install/trp1_description:/home/kaisar/warehouse_robot/install/stage_ros2:/home/kaisar/warehouse_robot/install/stage:/home/kaisar/warehouse_robot/install/robot_msgs:/home/kaisar/warehouse_robot/install/nav2:/home/kaisar/warehouse_robot/robot/install/trp1_description:/home/kaisar/warehouse_robot/robot/install/stage_ros2:/home/kaisar/warehouse_robot/robot/install/robot_status:/home/kaisar/warehouse_robot/robot/install/robot_planner:/opt/ros/jazzy:/home/kaisar/warehouse_robot/robot/install/stage:/home/kaisar/warehouse_robot/robot/install/nav2:/opt/ros/jazzy/opt/gz_sim_vendor:/opt/ros/jazzy/opt/gz_sensors_vendor:/opt/ros/jazzy/opt/gz_physics_vendor:/opt/ros/jazzy/opt/sdformat_vendor:/opt/ros/jazzy/opt/gz_gui_vendor:/opt/ros/jazzy/opt/gz_transport_vendor:/opt/ros/jazzy/opt/gz_rendering_vendor:/opt/ros/jazzy/opt/gz_plugin_vendor:/opt/ros/jazzy/opt/gz_fuel_tools_vendor:/opt/ros/jazzy/opt/gz_msgs_vendor:/opt/ros/jazzy/opt/gz_common_vendor:/opt/ros/jazzy/opt/gz_math_vendor:/opt/ros/jazzy/opt/gz_utils_vendor:/opt/ros/jazzy/opt/gz_tools_vendor:/opt/ros/jazzy/opt/gz_ogre_next_vendor:/opt/ros/jazzy/opt/gz_dartsim_vendor:/opt/ros/jazzy/opt/gz_cmake_vendor DEBUGINFOD_URLS=https://debuginfod.ubuntu.com LD_LIBRARY_PATH=/home/kaisar/warehouse_robot/robot/install/robot_msgs/lib:/home/kaisar/warehouse_robot/install/stage_ros2/lib:/home/kaisar/warehouse_robot/install/stage/lib:/home/kaisar/warehouse_robot/install/robot_msgs/lib:/home/kaisar/warehouse_robot/robot/install/stage_ros2/lib:/home/kaisar/warehouse_robot/robot/install/stage/lib:/opt/ros/jazzy/opt/gz_sim_vendor/lib:/opt/ros/jazzy/opt/gz_sensors_vendor/lib:/opt/ros/jazzy/opt/gz_physics_vendor/lib:/opt/ros/jazzy/opt/sdformat_vendor/lib:/opt/ros/jazzy/opt/rviz_ogre_vendor/lib:/opt/ros/jazzy/lib/x86_64-linux-gnu:/opt/ros/jazzy/opt/gz_gui_vendor/lib:/opt/ros/jazzy/opt/gz_transport_vendor/lib:/opt/ros/jazzy/opt/gz_rendering_vendor/lib:/opt/ros/jazzy/opt/gz_plugin_vendor/lib:/opt/ros/jazzy/opt/gz_fuel_tools_vendor/lib:/opt/ros/jazzy/opt/gz_msgs_vendor/lib:/opt/ros/jazzy/opt/gz_common_vendor/lib:/opt/ros/jazzy/opt/gz_math_vendor/lib:/opt/ros/jazzy/opt/gz_utils_vendor/lib:/opt/ros/jazzy/opt/gz_tools_vendor/lib:/opt/ros/jazzy/opt/gz_ogre_next_vendor/lib:/opt/ros/jazzy/opt/gz_dartsim_vendor/lib:/opt/ros/jazzy/opt/gz_cmake_vendor/lib:/opt/ros/jazzy/lib PYTHONPATH=/home/kaisar/warehouse_robot/robot/build/robot_status:/home/kaisar/warehouse_robot/robot/install/robot_status/lib/python3.12/site-packages:/home/kaisar/warehouse_robot/robot/build/robot_planner:/home/kaisar/warehouse_robot/robot/install/robot_planner/lib/python3.12/site-packages:/home/kaisar/warehouse_robot/robot/install/robot_msgs/lib/python3.12/site-packages:/home/kaisar/warehouse_robot/install/robot_msgs/lib/python3.12/site-packages:/opt/ros/jazzy/lib/python/site-packages:/opt/ros/jazzy/lib/python3.12/site-packages /usr/bin/cmake --install /home/kaisar/warehouse_robot/robot/build/robot_launch
[5.481s] Level 1:colcon.colcon_core.environment:create_environment_scripts_only(robot_launch)
[5.481s] Level 1:colcon.colcon_core.environment:checking '/home/kaisar/warehouse_robot/robot/install/robot_launch' for CMake module files
[5.482s] DEBUG:colcon.colcon_core.event_handler.log_command:Invoked command in '/home/kaisar/warehouse_robot/robot/build/robot_launch' returned '0': AMENT_PREFIX_PATH=/home/kaisar/warehouse_robot/robot/install/robot_status:/home/kaisar/warehouse_robot/robot/install/robot_planner:/home/kaisar/warehouse_robot/robot/install/robot_launch:/home/kaisar/warehouse_robot/install/trp1_description:/home/kaisar/warehouse_robot/install/stage_ros2:/home/kaisar/warehouse_robot/install/robot_msgs:/home/kaisar/warehouse_robot/install/nav2:/home/kaisar/warehouse_robot/robot/install/trp1_description:/home/kaisar/warehouse_robot/robot/install/stage_ros2:/home/kaisar/warehouse_robot/robot/install/robot_msgs:/home/kaisar/warehouse_robot/robot/install/nav2:/opt/ros/jazzy CMAKE_PREFIX_PATH=/home/kaisar/warehouse_robot/robot/install/robot_msgs:/home/kaisar/warehouse_robot/robot/install/robot_launch:/home/kaisar/warehouse_robot/install/trp1_description:/home/kaisar/warehouse_robot/install/stage_ros2:/home/kaisar/warehouse_robot/install/stage:/home/kaisar/warehouse_robot/install/robot_msgs:/home/kaisar/warehouse_robot/install/nav2:/home/kaisar/warehouse_robot/robot/install/trp1_description:/home/kaisar/warehouse_robot/robot/install/stage_ros2:/home/kaisar/warehouse_robot/robot/install/robot_status:/home/kaisar/warehouse_robot/robot/install/robot_planner:/opt/ros/jazzy:/home/kaisar/warehouse_robot/robot/install/stage:/home/kaisar/warehouse_robot/robot/install/nav2:/opt/ros/jazzy/opt/gz_sim_vendor:/opt/ros/jazzy/opt/gz_sensors_vendor:/opt/ros/jazzy/opt/gz_physics_vendor:/opt/ros/jazzy/opt/sdformat_vendor:/opt/ros/jazzy/opt/gz_gui_vendor:/opt/ros/jazzy/opt/gz_transport_vendor:/opt/ros/jazzy/opt/gz_rendering_vendor:/opt/ros/jazzy/opt/gz_plugin_vendor:/opt/ros/jazzy/opt/gz_fuel_tools_vendor:/opt/ros/jazzy/opt/gz_msgs_vendor:/opt/ros/jazzy/opt/gz_common_vendor:/opt/ros/jazzy/opt/gz_math_vendor:/opt/ros/jazzy/opt/gz_utils_vendor:/opt/ros/jazzy/opt/gz_tools_vendor:/opt/ros/jazzy/opt/gz_ogre_next_vendor:/opt/ros/jazzy/opt/gz_dartsim_vendor:/opt/ros/jazzy/opt/gz_cmake_vendor DEBUGINFOD_URLS=https://debuginfod.ubuntu.com LD_LIBRARY_PATH=/home/kaisar/warehouse_robot/robot/install/robot_msgs/lib:/home/kaisar/warehouse_robot/install/stage_ros2/lib:/home/kaisar/warehouse_robot/install/stage/lib:/home/kaisar/warehouse_robot/install/robot_msgs/lib:/home/kaisar/warehouse_robot/robot/install/stage_ros2/lib:/home/kaisar/warehouse_robot/robot/install/stage/lib:/opt/ros/jazzy/opt/gz_sim_vendor/lib:/opt/ros/jazzy/opt/gz_sensors_vendor/lib:/opt/ros/jazzy/opt/gz_physics_vendor/lib:/opt/ros/jazzy/opt/sdformat_vendor/lib:/opt/ros/jazzy/opt/rviz_ogre_vendor/lib:/opt/ros/jazzy/lib/x86_64-linux-gnu:/opt/ros/jazzy/opt/gz_gui_vendor/lib:/opt/ros/jazzy/opt/gz_transport_vendor/lib:/opt/ros/jazzy/opt/gz_rendering_vendor/lib:/opt/ros/jazzy/opt/gz_plugin_vendor/lib:/opt/ros/jazzy/opt/gz_fuel_tools_vendor/lib:/opt/ros/jazzy/opt/gz_msgs_vendor/lib:/opt/ros/jazzy/opt/gz_common_vendor/lib:/opt/ros/jazzy/opt/gz_math_vendor/lib:/opt/ros/jazzy/opt/gz_utils_vendor/lib:/opt/ros/jazzy/opt/gz_tools_vendor/lib:/opt/ros/jazzy/opt/gz_ogre_next_vendor/lib:/opt/ros/jazzy/opt/gz_dartsim_vendor/lib:/opt/ros/jazzy/opt/gz_cmake_vendor/lib:/opt/ros/jazzy/lib PYTHONPATH=/home/kaisar/warehouse_robot/robot/build/robot_status:/home/kaisar/warehouse_robot/robot/install/robot_status/lib/python3.12/site-packages:/home/kaisar/warehouse_robot/robot/build/robot_planner:/home/kaisar/warehouse_robot/robot/install/robot_planner/lib/python3.12/site-packages:/home/kaisar/warehouse_robot/robot/install/robot_msgs/lib/python3.12/site-packages:/home/kaisar/warehouse_robot/install/robot_msgs/lib/python3.12/site-packages:/opt/ros/jazzy/lib/python/site-packages:/opt/ros/jazzy/lib/python3.12/site-packages /usr/bin/cmake --install /home/kaisar/warehouse_robot/robot/build/robot_launch
[5.482s] Level 1:colcon.colcon_core.environment:checking '/home/kaisar/warehouse_robot/robot/install/robot_launch' for CMake config files
[5.483s] Level 1:colcon.colcon_core.shell:create_environment_hook('robot_launch', 'cmake_prefix_path')
[5.483s] INFO:colcon.colcon_core.shell:Creating environment hook '/home/kaisar/warehouse_robot/robot/install/robot_launch/share/robot_launch/hook/cmake_prefix_path.ps1'
[5.484s] INFO:colcon.colcon_core.shell:Creating environment descriptor '/home/kaisar/warehouse_robot/robot/install/robot_launch/share/robot_launch/hook/cmake_prefix_path.dsv'
[5.485s] INFO:colcon.colcon_core.shell:Creating environment hook '/home/kaisar/warehouse_robot/robot/install/robot_launch/share/robot_launch/hook/cmake_prefix_path.sh'
[5.486s] Level 1:colcon.colcon_core.environment:checking '/home/kaisar/warehouse_robot/robot/install/robot_launch/bin'
[5.486s] Level 1:colcon.colcon_core.environment:checking '/home/kaisar/warehouse_robot/robot/install/robot_launch/lib/pkgconfig/robot_launch.pc'
[5.486s] Level 1:colcon.colcon_core.environment:checking '/home/kaisar/warehouse_robot/robot/install/robot_launch/lib/python3.12/site-packages'
[5.486s] Level 1:colcon.colcon_core.environment:checking '/home/kaisar/warehouse_robot/robot/install/robot_launch/bin'
[5.487s] INFO:colcon.colcon_core.shell:Creating package script '/home/kaisar/warehouse_robot/robot/install/robot_launch/share/robot_launch/package.ps1'
[5.488s] INFO:colcon.colcon_core.shell:Creating package descriptor '/home/kaisar/warehouse_robot/robot/install/robot_launch/share/robot_launch/package.dsv'
[5.488s] INFO:colcon.colcon_core.shell:Creating package script '/home/kaisar/warehouse_robot/robot/install/robot_launch/share/robot_launch/package.sh'
[5.489s] INFO:colcon.colcon_core.shell:Creating package script '/home/kaisar/warehouse_robot/robot/install/robot_launch/share/robot_launch/package.bash'
[5.489s] INFO:colcon.colcon_core.shell:Creating package script '/home/kaisar/warehouse_robot/robot/install/robot_launch/share/robot_launch/package.zsh'
[5.489s] Level 1:colcon.colcon_core.environment:create_file_with_runtime_dependencies(/home/kaisar/warehouse_robot/robot/install/robot_launch/share/colcon-core/packages/robot_launch)
[5.490s] Level 1:colcon.colcon_core.environment:create_environment_scripts_only(robot_launch)
[5.490s] Level 1:colcon.colcon_core.environment:checking '/home/kaisar/warehouse_robot/robot/install/robot_launch' for CMake module files
[5.491s] Level 1:colcon.colcon_core.environment:checking '/home/kaisar/warehouse_robot/robot/install/robot_launch' for CMake config files
[5.491s] Level 1:colcon.colcon_core.shell:create_environment_hook('robot_launch', 'cmake_prefix_path')
[5.491s] INFO:colcon.colcon_core.shell:Creating environment hook '/home/kaisar/warehouse_robot/robot/install/robot_launch/share/robot_launch/hook/cmake_prefix_path.ps1'
[5.492s] INFO:colcon.colcon_core.shell:Creating environment descriptor '/home/kaisar/warehouse_robot/robot/install/robot_launch/share/robot_launch/hook/cmake_prefix_path.dsv'
[5.492s] INFO:colcon.colcon_core.shell:Creating environment hook '/home/kaisar/warehouse_robot/robot/install/robot_launch/share/robot_launch/hook/cmake_prefix_path.sh'
[5.493s] Level 1:colcon.colcon_core.environment:checking '/home/kaisar/warehouse_robot/robot/install/robot_launch/bin'
[5.493s] Level 1:colcon.colcon_core.environment:checking '/home/kaisar/warehouse_robot/robot/install/robot_launch/lib/pkgconfig/robot_launch.pc'
[5.493s] Level 1:colcon.colcon_core.environment:checking '/home/kaisar/warehouse_robot/robot/install/robot_launch/lib/python3.12/site-packages'
[5.493s] Level 1:colcon.colcon_core.environment:checking '/home/kaisar/warehouse_robot/robot/install/robot_launch/bin'
[5.494s] INFO:colcon.colcon_core.shell:Creating package script '/home/kaisar/warehouse_robot/robot/install/robot_launch/share/robot_launch/package.ps1'
[5.494s] INFO:colcon.colcon_core.shell:Creating package descriptor '/home/kaisar/warehouse_robot/robot/install/robot_launch/share/robot_launch/package.dsv'
[5.495s] INFO:colcon.colcon_core.shell:Creating package script '/home/kaisar/warehouse_robot/robot/install/robot_launch/share/robot_launch/package.sh'
[5.496s] INFO:colcon.colcon_core.shell:Creating package script '/home/kaisar/warehouse_robot/robot/install/robot_launch/share/robot_launch/package.bash'
[5.496s] INFO:colcon.colcon_core.shell:Creating package script '/home/kaisar/warehouse_robot/robot/install/robot_launch/share/robot_launch/package.zsh'
[5.497s] Level 1:colcon.colcon_core.environment:create_file_with_runtime_dependencies(/home/kaisar/warehouse_robot/robot/install/robot_launch/share/colcon-core/packages/robot_launch)
[5.497s] DEBUG:colcon.colcon_parallel_executor.executor.parallel:closing loop
[5.498s] DEBUG:colcon.colcon_parallel_executor.executor.parallel:loop closed
[5.498s] DEBUG:colcon.colcon_parallel_executor.executor.parallel:run_until_complete finished with '0'
[5.498s] DEBUG:colcon.colcon_core.event_reactor:joining thread
[5.505s] INFO:colcon.colcon_core.plugin_system:Skipping extension 'colcon_notification.desktop_notification.terminal_notifier': Not used on non-Darwin systems
[5.505s] INFO:colcon.colcon_core.plugin_system:Skipping extension 'colcon_notification.desktop_notification.win32': Not used on non-Windows systems
[5.505s] INFO:colcon.colcon_notification.desktop_notification:Sending desktop notification using 'notify2'
[5.518s] DEBUG:colcon.colcon_core.event_reactor:joined thread
[5.518s] INFO:colcon.colcon_core.shell:Creating prefix script '/home/kaisar/warehouse_robot/robot/install/local_setup.ps1'
[5.519s] INFO:colcon.colcon_core.shell:Creating prefix util module '/home/kaisar/warehouse_robot/robot/install/_local_setup_util_ps1.py'
[5.521s] INFO:colcon.colcon_core.shell:Creating prefix chain script '/home/kaisar/warehouse_robot/robot/install/setup.ps1'
[5.523s] INFO:colcon.colcon_core.shell:Creating prefix script '/home/kaisar/warehouse_robot/robot/install/local_setup.sh'
[5.523s] INFO:colcon.colcon_core.shell:Creating prefix util module '/home/kaisar/warehouse_robot/robot/install/_local_setup_util_sh.py'
[5.524s] INFO:colcon.colcon_core.shell:Creating prefix chain script '/home/kaisar/warehouse_robot/robot/install/setup.sh'
[5.527s] INFO:colcon.colcon_core.shell:Creating prefix script '/home/kaisar/warehouse_robot/robot/install/local_setup.bash'
[5.527s] INFO:colcon.colcon_core.shell:Creating prefix chain script '/home/kaisar/warehouse_robot/robot/install/setup.bash'
[5.529s] INFO:colcon.colcon_core.shell:Creating prefix script '/home/kaisar/warehouse_robot/robot/install/local_setup.zsh'
[5.529s] INFO:colcon.colcon_core.shell:Creating prefix chain script '/home/kaisar/warehouse_robot/robot/install/setup.zsh'
