[0.136s] DEBUG:colcon:Command line arguments: ['/usr/bin/colcon', 'build', '--symlink-install']
[0.136s] DEBUG:colcon:Parsed command line arguments: Namespace(log_base=None, log_level=None, verb_name='build', build_base='build', install_base='install', merge_install=False, symlink_install=True, test_result_base=None, continue_on_error=False, executor='parallel', parallel_workers=12, event_handlers=None, ignore_user_meta=False, metas=['./colcon.meta'], base_paths=['.'], packages_ignore=None, packages_ignore_regex=None, paths=None, packages_up_to=None, packages_up_to_regex=None, packages_above=None, packages_above_and_dependencies=None, packages_above_depth=None, packages_select_by_dep=None, packages_skip_by_dep=None, packages_skip_up_to=None, packages_select_build_failed=False, packages_skip_build_finished=False, packages_select_test_failures=False, packages_skip_test_passed=False, packages_select=None, packages_skip=None, packages_select_regex=None, packages_skip_regex=None, packages_start=None, packages_end=None, allow_overriding=[], cmake_args=None, cmake_target=None, cmake_target_skip_unavailable=False, cmake_clean_cache=False, cmake_clean_first=False, cmake_force_configure=False, ament_cmake_args=None, catkin_cmake_args=None, catkin_skip_building_tests=False, mixin_files=None, mixin=None, verb_parser=<colcon_mixin.mixin.mixin_argument.MixinArgumentDecorator object at 0x7384501b5190>, verb_extension=<colcon_core.verb.build.BuildVerb object at 0x7384500e1670>, main=<bound method BuildVerb.main of <colcon_core.verb.build.BuildVerb object at 0x7384500e1670>>, mixin_verb=('build',))
[0.177s] Level 1:colcon.colcon_core.package_discovery:discover_packages(colcon_meta) check parameters
[0.178s] Level 1:colcon.colcon_core.package_discovery:discover_packages(recursive) check parameters
[0.178s] Level 1:colcon.colcon_core.package_discovery:discover_packages(ignore) check parameters
[0.178s] Level 1:colcon.colcon_core.package_discovery:discover_packages(path) check parameters
[0.178s] Level 1:colcon.colcon_core.package_discovery:discover_packages(colcon_meta) discover
[0.178s] Level 1:colcon.colcon_core.package_discovery:discover_packages(recursive) discover
[0.178s] INFO:colcon.colcon_core.package_discovery:Crawling recursively for packages in '/home/kaisar/warehouse_robot/robot'
[0.178s] Level 1:colcon.colcon_core.package_identification:_identify(.) by extensions ['ignore', 'ignore_ament_install']
[0.178s] Level 1:colcon.colcon_core.package_identification:_identify(.) by extension 'ignore'
[0.178s] Level 1:colcon.colcon_core.package_identification:_identify(.) by extension 'ignore_ament_install'
[0.178s] Level 1:colcon.colcon_core.package_identification:_identify(.) by extensions ['colcon_pkg']
[0.178s] Level 1:colcon.colcon_core.package_identification:_identify(.) by extension 'colcon_pkg'
[0.178s] Level 1:colcon.colcon_core.package_identification:_identify(.) by extensions ['colcon_meta']
[0.178s] Level 1:colcon.colcon_core.package_identification:_identify(.) by extension 'colcon_meta'
[0.178s] Level 1:colcon.colcon_core.package_identification:_identify(.) by extensions ['ros']
[0.178s] Level 1:colcon.colcon_core.package_identification:_identify(.) by extension 'ros'
[0.204s] Level 1:colcon.colcon_core.package_identification:_identify(.) by extensions ['cmake', 'python']
[0.204s] Level 1:colcon.colcon_core.package_identification:_identify(.) by extension 'cmake'
[0.204s] Level 1:colcon.colcon_core.package_identification:_identify(.) by extension 'python'
[0.204s] Level 1:colcon.colcon_core.package_identification:_identify(.) by extensions ['python_setup_py']
[0.204s] Level 1:colcon.colcon_core.package_identification:_identify(.) by extension 'python_setup_py'
[0.204s] Level 1:colcon.colcon_core.package_identification:_identify(build) by extensions ['ignore', 'ignore_ament_install']
[0.205s] Level 1:colcon.colcon_core.package_identification:_identify(build) by extension 'ignore'
[0.205s] Level 1:colcon.colcon_core.package_identification:_identify(build) ignored
[0.205s] Level 1:colcon.colcon_core.package_identification:_identify(install) by extensions ['ignore', 'ignore_ament_install']
[0.205s] Level 1:colcon.colcon_core.package_identification:_identify(install) by extension 'ignore'
[0.205s] Level 1:colcon.colcon_core.package_identification:_identify(install) ignored
[0.205s] Level 1:colcon.colcon_core.package_identification:_identify(log) by extensions ['ignore', 'ignore_ament_install']
[0.205s] Level 1:colcon.colcon_core.package_identification:_identify(log) by extension 'ignore'
[0.205s] Level 1:colcon.colcon_core.package_identification:_identify(log) ignored
[0.205s] Level 1:colcon.colcon_core.package_identification:_identify(ws) by extensions ['ignore', 'ignore_ament_install']
[0.205s] Level 1:colcon.colcon_core.package_identification:_identify(ws) by extension 'ignore'
[0.205s] Level 1:colcon.colcon_core.package_identification:_identify(ws) by extension 'ignore_ament_install'
[0.205s] Level 1:colcon.colcon_core.package_identification:_identify(ws) by extensions ['colcon_pkg']
[0.205s] Level 1:colcon.colcon_core.package_identification:_identify(ws) by extension 'colcon_pkg'
[0.205s] Level 1:colcon.colcon_core.package_identification:_identify(ws) by extensions ['colcon_meta']
[0.205s] Level 1:colcon.colcon_core.package_identification:_identify(ws) by extension 'colcon_meta'
[0.205s] Level 1:colcon.colcon_core.package_identification:_identify(ws) by extensions ['ros']
[0.205s] Level 1:colcon.colcon_core.package_identification:_identify(ws) by extension 'ros'
[0.205s] Level 1:colcon.colcon_core.package_identification:_identify(ws) by extensions ['cmake', 'python']
[0.205s] Level 1:colcon.colcon_core.package_identification:_identify(ws) by extension 'cmake'
[0.206s] Level 1:colcon.colcon_core.package_identification:_identify(ws) by extension 'python'
[0.206s] Level 1:colcon.colcon_core.package_identification:_identify(ws) by extensions ['python_setup_py']
[0.206s] Level 1:colcon.colcon_core.package_identification:_identify(ws) by extension 'python_setup_py'
[0.206s] Level 1:colcon.colcon_core.package_identification:_identify(ws/src) by extensions ['ignore', 'ignore_ament_install']
[0.206s] Level 1:colcon.colcon_core.package_identification:_identify(ws/src) by extension 'ignore'
[0.206s] Level 1:colcon.colcon_core.package_identification:_identify(ws/src) by extension 'ignore_ament_install'
[0.206s] Level 1:colcon.colcon_core.package_identification:_identify(ws/src) by extensions ['colcon_pkg']
[0.206s] Level 1:colcon.colcon_core.package_identification:_identify(ws/src) by extension 'colcon_pkg'
[0.206s] Level 1:colcon.colcon_core.package_identification:_identify(ws/src) by extensions ['colcon_meta']
[0.206s] Level 1:colcon.colcon_core.package_identification:_identify(ws/src) by extension 'colcon_meta'
[0.206s] Level 1:colcon.colcon_core.package_identification:_identify(ws/src) by extensions ['ros']
[0.206s] Level 1:colcon.colcon_core.package_identification:_identify(ws/src) by extension 'ros'
[0.206s] Level 1:colcon.colcon_core.package_identification:_identify(ws/src) by extensions ['cmake', 'python']
[0.206s] Level 1:colcon.colcon_core.package_identification:_identify(ws/src) by extension 'cmake'
[0.206s] Level 1:colcon.colcon_core.package_identification:_identify(ws/src) by extension 'python'
[0.206s] Level 1:colcon.colcon_core.package_identification:_identify(ws/src) by extensions ['python_setup_py']
[0.206s] Level 1:colcon.colcon_core.package_identification:_identify(ws/src) by extension 'python_setup_py'
[0.206s] Level 1:colcon.colcon_core.package_identification:_identify(ws/src/Stage) by extensions ['ignore', 'ignore_ament_install']
[0.206s] Level 1:colcon.colcon_core.package_identification:_identify(ws/src/Stage) by extension 'ignore'
[0.206s] Level 1:colcon.colcon_core.package_identification:_identify(ws/src/Stage) by extension 'ignore_ament_install'
[0.206s] Level 1:colcon.colcon_core.package_identification:_identify(ws/src/Stage) by extensions ['colcon_pkg']
[0.206s] Level 1:colcon.colcon_core.package_identification:_identify(ws/src/Stage) by extension 'colcon_pkg'
[0.207s] Level 1:colcon.colcon_core.package_identification:_identify(ws/src/Stage) by extensions ['colcon_meta']
[0.207s] Level 1:colcon.colcon_core.package_identification:_identify(ws/src/Stage) by extension 'colcon_meta'
[0.207s] Level 1:colcon.colcon_core.package_identification:_identify(ws/src/Stage) by extensions ['ros']
[0.207s] Level 1:colcon.colcon_core.package_identification:_identify(ws/src/Stage) by extension 'ros'
[0.209s] DEBUG:colcon.colcon_core.package_identification:Package 'ws/src/Stage' with type 'ros.catkin' and name 'stage'
[0.209s] Level 1:colcon.colcon_core.package_identification:_identify(ws/src/launch) by extensions ['ignore', 'ignore_ament_install']
[0.209s] Level 1:colcon.colcon_core.package_identification:_identify(ws/src/launch) by extension 'ignore'
[0.209s] Level 1:colcon.colcon_core.package_identification:_identify(ws/src/launch) by extension 'ignore_ament_install'
[0.209s] Level 1:colcon.colcon_core.package_identification:_identify(ws/src/launch) by extensions ['colcon_pkg']
[0.209s] Level 1:colcon.colcon_core.package_identification:_identify(ws/src/launch) by extension 'colcon_pkg'
[0.209s] Level 1:colcon.colcon_core.package_identification:_identify(ws/src/launch) by extensions ['colcon_meta']
[0.209s] Level 1:colcon.colcon_core.package_identification:_identify(ws/src/launch) by extension 'colcon_meta'
[0.209s] Level 1:colcon.colcon_core.package_identification:_identify(ws/src/launch) by extensions ['ros']
[0.209s] Level 1:colcon.colcon_core.package_identification:_identify(ws/src/launch) by extension 'ros'
[0.210s] DEBUG:colcon.colcon_core.package_identification:Package 'ws/src/launch' with type 'ros.ament_cmake' and name 'robot_launch'
[0.210s] Level 1:colcon.colcon_core.package_identification:_identify(ws/src/nav2) by extensions ['ignore', 'ignore_ament_install']
[0.210s] Level 1:colcon.colcon_core.package_identification:_identify(ws/src/nav2) by extension 'ignore'
[0.210s] Level 1:colcon.colcon_core.package_identification:_identify(ws/src/nav2) by extension 'ignore_ament_install'
[0.210s] Level 1:colcon.colcon_core.package_identification:_identify(ws/src/nav2) by extensions ['colcon_pkg']
[0.211s] Level 1:colcon.colcon_core.package_identification:_identify(ws/src/nav2) by extension 'colcon_pkg'
[0.211s] Level 1:colcon.colcon_core.package_identification:_identify(ws/src/nav2) by extensions ['colcon_meta']
[0.211s] Level 1:colcon.colcon_core.package_identification:_identify(ws/src/nav2) by extension 'colcon_meta'
[0.211s] Level 1:colcon.colcon_core.package_identification:_identify(ws/src/nav2) by extensions ['ros']
[0.211s] Level 1:colcon.colcon_core.package_identification:_identify(ws/src/nav2) by extension 'ros'
[0.214s] DEBUG:colcon.colcon_core.package_identification:Package 'ws/src/nav2' with type 'ros.ament_cmake' and name 'nav2'
[0.214s] Level 1:colcon.colcon_core.package_identification:_identify(ws/src/robot_msgs) by extensions ['ignore', 'ignore_ament_install']
[0.215s] Level 1:colcon.colcon_core.package_identification:_identify(ws/src/robot_msgs) by extension 'ignore'
[0.215s] Level 1:colcon.colcon_core.package_identification:_identify(ws/src/robot_msgs) by extension 'ignore_ament_install'
[0.215s] Level 1:colcon.colcon_core.package_identification:_identify(ws/src/robot_msgs) by extensions ['colcon_pkg']
[0.215s] Level 1:colcon.colcon_core.package_identification:_identify(ws/src/robot_msgs) by extension 'colcon_pkg'
[0.215s] Level 1:colcon.colcon_core.package_identification:_identify(ws/src/robot_msgs) by extensions ['colcon_meta']
[0.215s] Level 1:colcon.colcon_core.package_identification:_identify(ws/src/robot_msgs) by extension 'colcon_meta'
[0.215s] Level 1:colcon.colcon_core.package_identification:_identify(ws/src/robot_msgs) by extensions ['ros']
[0.215s] Level 1:colcon.colcon_core.package_identification:_identify(ws/src/robot_msgs) by extension 'ros'
[0.216s] DEBUG:colcon.colcon_core.package_identification:Package 'ws/src/robot_msgs' with type 'ros.ament_cmake' and name 'robot_msgs'
[0.216s] Level 1:colcon.colcon_core.package_identification:_identify(ws/src/robot_planner) by extensions ['ignore', 'ignore_ament_install']
[0.216s] Level 1:colcon.colcon_core.package_identification:_identify(ws/src/robot_planner) by extension 'ignore'
[0.216s] Level 1:colcon.colcon_core.package_identification:_identify(ws/src/robot_planner) by extension 'ignore_ament_install'
[0.216s] Level 1:colcon.colcon_core.package_identification:_identify(ws/src/robot_planner) by extensions ['colcon_pkg']
[0.216s] Level 1:colcon.colcon_core.package_identification:_identify(ws/src/robot_planner) by extension 'colcon_pkg'
[0.216s] Level 1:colcon.colcon_core.package_identification:_identify(ws/src/robot_planner) by extensions ['colcon_meta']
[0.216s] Level 1:colcon.colcon_core.package_identification:_identify(ws/src/robot_planner) by extension 'colcon_meta'
[0.216s] Level 1:colcon.colcon_core.package_identification:_identify(ws/src/robot_planner) by extensions ['ros']
[0.216s] Level 1:colcon.colcon_core.package_identification:_identify(ws/src/robot_planner) by extension 'ros'
[0.217s] DEBUG:colcon.colcon_core.package_identification:Package 'ws/src/robot_planner' with type 'ros.ament_python' and name 'robot_planner'
[0.217s] Level 1:colcon.colcon_core.package_identification:_identify(ws/src/robot_status) by extensions ['ignore', 'ignore_ament_install']
[0.217s] Level 1:colcon.colcon_core.package_identification:_identify(ws/src/robot_status) by extension 'ignore'
[0.217s] Level 1:colcon.colcon_core.package_identification:_identify(ws/src/robot_status) by extension 'ignore_ament_install'
[0.217s] Level 1:colcon.colcon_core.package_identification:_identify(ws/src/robot_status) by extensions ['colcon_pkg']
[0.217s] Level 1:colcon.colcon_core.package_identification:_identify(ws/src/robot_status) by extension 'colcon_pkg'
[0.217s] Level 1:colcon.colcon_core.package_identification:_identify(ws/src/robot_status) by extensions ['colcon_meta']
[0.217s] Level 1:colcon.colcon_core.package_identification:_identify(ws/src/robot_status) by extension 'colcon_meta'
[0.217s] Level 1:colcon.colcon_core.package_identification:_identify(ws/src/robot_status) by extensions ['ros']
[0.218s] Level 1:colcon.colcon_core.package_identification:_identify(ws/src/robot_status) by extension 'ros'
[0.218s] DEBUG:colcon.colcon_core.package_identification:Package 'ws/src/robot_status' with type 'ros.ament_python' and name 'robot_status'
[0.218s] Level 1:colcon.colcon_core.package_identification:_identify(ws/src/ros2_http_client) by extensions ['ignore', 'ignore_ament_install']
[0.219s] Level 1:colcon.colcon_core.package_identification:_identify(ws/src/ros2_http_client) by extension 'ignore'
[0.219s] Level 1:colcon.colcon_core.package_identification:_identify(ws/src/ros2_http_client) by extension 'ignore_ament_install'
[0.219s] Level 1:colcon.colcon_core.package_identification:_identify(ws/src/ros2_http_client) by extensions ['colcon_pkg']
[0.219s] Level 1:colcon.colcon_core.package_identification:_identify(ws/src/ros2_http_client) by extension 'colcon_pkg'
[0.219s] Level 1:colcon.colcon_core.package_identification:_identify(ws/src/ros2_http_client) by extensions ['colcon_meta']
[0.219s] Level 1:colcon.colcon_core.package_identification:_identify(ws/src/ros2_http_client) by extension 'colcon_meta'
[0.219s] Level 1:colcon.colcon_core.package_identification:_identify(ws/src/ros2_http_client) by extensions ['ros']
[0.219s] Level 1:colcon.colcon_core.package_identification:_identify(ws/src/ros2_http_client) by extension 'ros'
[0.220s] DEBUG:colcon.colcon_core.package_identification:Package 'ws/src/ros2_http_client' with type 'ros.ament_python' and name 'ros2_http_client'
[0.220s] Level 1:colcon.colcon_core.package_identification:_identify(ws/src/stage_ros2) by extensions ['ignore', 'ignore_ament_install']
[0.220s] Level 1:colcon.colcon_core.package_identification:_identify(ws/src/stage_ros2) by extension 'ignore'
[0.220s] Level 1:colcon.colcon_core.package_identification:_identify(ws/src/stage_ros2) by extension 'ignore_ament_install'
[0.220s] Level 1:colcon.colcon_core.package_identification:_identify(ws/src/stage_ros2) by extensions ['colcon_pkg']
[0.220s] Level 1:colcon.colcon_core.package_identification:_identify(ws/src/stage_ros2) by extension 'colcon_pkg'
[0.220s] Level 1:colcon.colcon_core.package_identification:_identify(ws/src/stage_ros2) by extensions ['colcon_meta']
[0.220s] Level 1:colcon.colcon_core.package_identification:_identify(ws/src/stage_ros2) by extension 'colcon_meta'
[0.220s] Level 1:colcon.colcon_core.package_identification:_identify(ws/src/stage_ros2) by extensions ['ros']
[0.220s] Level 1:colcon.colcon_core.package_identification:_identify(ws/src/stage_ros2) by extension 'ros'
[0.221s] DEBUG:colcon.colcon_core.package_identification:Package 'ws/src/stage_ros2' with type 'ros.ament_cmake' and name 'stage_ros2'
[0.221s] Level 1:colcon.colcon_core.package_identification:_identify(ws/src/trp1_description) by extensions ['ignore', 'ignore_ament_install']
[0.221s] Level 1:colcon.colcon_core.package_identification:_identify(ws/src/trp1_description) by extension 'ignore'
[0.221s] Level 1:colcon.colcon_core.package_identification:_identify(ws/src/trp1_description) by extension 'ignore_ament_install'
[0.221s] Level 1:colcon.colcon_core.package_identification:_identify(ws/src/trp1_description) by extensions ['colcon_pkg']
[0.221s] Level 1:colcon.colcon_core.package_identification:_identify(ws/src/trp1_description) by extension 'colcon_pkg'
[0.221s] Level 1:colcon.colcon_core.package_identification:_identify(ws/src/trp1_description) by extensions ['colcon_meta']
[0.221s] Level 1:colcon.colcon_core.package_identification:_identify(ws/src/trp1_description) by extension 'colcon_meta'
[0.221s] Level 1:colcon.colcon_core.package_identification:_identify(ws/src/trp1_description) by extensions ['ros']
[0.221s] Level 1:colcon.colcon_core.package_identification:_identify(ws/src/trp1_description) by extension 'ros'
[0.222s] DEBUG:colcon.colcon_core.package_identification:Package 'ws/src/trp1_description' with type 'ros.ament_cmake' and name 'trp1_description'
[0.222s] Level 1:colcon.colcon_core.package_discovery:discover_packages(recursive) using defaults
[0.222s] Level 1:colcon.colcon_core.package_discovery:discover_packages(ignore) discover
[0.222s] Level 1:colcon.colcon_core.package_discovery:discover_packages(ignore) using defaults
[0.222s] Level 1:colcon.colcon_core.package_discovery:discover_packages(path) discover
[0.222s] Level 1:colcon.colcon_core.package_discovery:discover_packages(path) using defaults
[0.245s] Level 1:colcon.colcon_core.package_discovery:discover_packages(prefix_path) check parameters
[0.245s] Level 1:colcon.colcon_core.package_discovery:discover_packages(prefix_path) discover
[0.246s] WARNING:colcon.colcon_core.prefix_path.colcon:The path '/home/kaisar/warehouse_robot/install' in the environment variable COLCON_PREFIX_PATH doesn't exist
[0.246s] WARNING:colcon.colcon_ros.prefix_path.ament:The path '/home/kaisar/warehouse_robot/install/trp1_description' in the environment variable AMENT_PREFIX_PATH doesn't exist
[0.246s] WARNING:colcon.colcon_ros.prefix_path.ament:The path '/home/kaisar/warehouse_robot/install/stage_ros2' in the environment variable AMENT_PREFIX_PATH doesn't exist
[0.246s] WARNING:colcon.colcon_ros.prefix_path.ament:The path '/home/kaisar/warehouse_robot/install/robot_msgs' in the environment variable AMENT_PREFIX_PATH doesn't exist
[0.246s] WARNING:colcon.colcon_ros.prefix_path.ament:The path '/home/kaisar/warehouse_robot/install/nav2' in the environment variable AMENT_PREFIX_PATH doesn't exist
[0.247s] WARNING:colcon.colcon_ros.prefix_path.catkin:The path '/home/kaisar/warehouse_robot/install/trp1_description' in the environment variable CMAKE_PREFIX_PATH doesn't exist
[0.247s] WARNING:colcon.colcon_ros.prefix_path.catkin:The path '/home/kaisar/warehouse_robot/install/stage_ros2' in the environment variable CMAKE_PREFIX_PATH doesn't exist
[0.247s] WARNING:colcon.colcon_ros.prefix_path.catkin:The path '/home/kaisar/warehouse_robot/install/stage' in the environment variable CMAKE_PREFIX_PATH doesn't exist
[0.247s] WARNING:colcon.colcon_ros.prefix_path.catkin:The path '/home/kaisar/warehouse_robot/install/robot_msgs' in the environment variable CMAKE_PREFIX_PATH doesn't exist
[0.247s] WARNING:colcon.colcon_ros.prefix_path.catkin:The path '/home/kaisar/warehouse_robot/install/nav2' in the environment variable CMAKE_PREFIX_PATH doesn't exist
[0.248s] DEBUG:colcon.colcon_installed_package_information.package_discovery:Found 9 installed packages in /home/kaisar/warehouse_robot/robot/install
[0.251s] DEBUG:colcon.colcon_installed_package_information.package_discovery:Found 498 installed packages in /opt/ros/jazzy
[0.252s] Level 1:colcon.colcon_core.package_discovery:discover_packages(prefix_path) using defaults
[0.336s] Level 5:colcon.colcon_core.verb:set package 'nav2' build argument 'cmake_args' from command line to 'None'
[0.336s] Level 5:colcon.colcon_core.verb:set package 'nav2' build argument 'cmake_target' from command line to 'None'
[0.336s] Level 5:colcon.colcon_core.verb:set package 'nav2' build argument 'cmake_target_skip_unavailable' from command line to 'False'
[0.336s] Level 5:colcon.colcon_core.verb:set package 'nav2' build argument 'cmake_clean_cache' from command line to 'False'
[0.336s] Level 5:colcon.colcon_core.verb:set package 'nav2' build argument 'cmake_clean_first' from command line to 'False'
[0.336s] Level 5:colcon.colcon_core.verb:set package 'nav2' build argument 'cmake_force_configure' from command line to 'False'
[0.336s] Level 5:colcon.colcon_core.verb:set package 'nav2' build argument 'ament_cmake_args' from command line to 'None'
[0.336s] Level 5:colcon.colcon_core.verb:set package 'nav2' build argument 'catkin_cmake_args' from command line to 'None'
[0.336s] Level 5:colcon.colcon_core.verb:set package 'nav2' build argument 'catkin_skip_building_tests' from command line to 'False'
[0.336s] DEBUG:colcon.colcon_core.verb:Building package 'nav2' with the following arguments: {'ament_cmake_args': None, 'build_base': '/home/kaisar/warehouse_robot/robot/build/nav2', 'catkin_cmake_args': None, 'catkin_skip_building_tests': False, 'cmake_args': None, 'cmake_clean_cache': False, 'cmake_clean_first': False, 'cmake_force_configure': False, 'cmake_target': None, 'cmake_target_skip_unavailable': False, 'install_base': '/home/kaisar/warehouse_robot/robot/install/nav2', 'merge_install': False, 'path': '/home/kaisar/warehouse_robot/robot/ws/src/nav2', 'symlink_install': True, 'test_result_base': None}
[0.336s] Level 5:colcon.colcon_core.verb:set package 'robot_msgs' build argument 'cmake_args' from command line to 'None'
[0.336s] Level 5:colcon.colcon_core.verb:set package 'robot_msgs' build argument 'cmake_target' from command line to 'None'
[0.336s] Level 5:colcon.colcon_core.verb:set package 'robot_msgs' build argument 'cmake_target_skip_unavailable' from command line to 'False'
[0.336s] Level 5:colcon.colcon_core.verb:set package 'robot_msgs' build argument 'cmake_clean_cache' from command line to 'False'
[0.336s] Level 5:colcon.colcon_core.verb:set package 'robot_msgs' build argument 'cmake_clean_first' from command line to 'False'
[0.336s] Level 5:colcon.colcon_core.verb:set package 'robot_msgs' build argument 'cmake_force_configure' from command line to 'False'
[0.336s] Level 5:colcon.colcon_core.verb:set package 'robot_msgs' build argument 'ament_cmake_args' from command line to 'None'
[0.336s] Level 5:colcon.colcon_core.verb:set package 'robot_msgs' build argument 'catkin_cmake_args' from command line to 'None'
[0.336s] Level 5:colcon.colcon_core.verb:set package 'robot_msgs' build argument 'catkin_skip_building_tests' from command line to 'False'
[0.336s] DEBUG:colcon.colcon_core.verb:Building package 'robot_msgs' with the following arguments: {'ament_cmake_args': None, 'build_base': '/home/kaisar/warehouse_robot/robot/build/robot_msgs', 'catkin_cmake_args': None, 'catkin_skip_building_tests': False, 'cmake_args': None, 'cmake_clean_cache': False, 'cmake_clean_first': False, 'cmake_force_configure': False, 'cmake_target': None, 'cmake_target_skip_unavailable': False, 'install_base': '/home/kaisar/warehouse_robot/robot/install/robot_msgs', 'merge_install': False, 'path': '/home/kaisar/warehouse_robot/robot/ws/src/robot_msgs', 'symlink_install': True, 'test_result_base': None}
[0.337s] Level 5:colcon.colcon_core.verb:set package 'stage' build argument 'cmake_args' from command line to 'None'
[0.337s] Level 5:colcon.colcon_core.verb:set package 'stage' build argument 'cmake_target' from command line to 'None'
[0.337s] Level 5:colcon.colcon_core.verb:set package 'stage' build argument 'cmake_target_skip_unavailable' from command line to 'False'
[0.337s] Level 5:colcon.colcon_core.verb:set package 'stage' build argument 'cmake_clean_cache' from command line to 'False'
[0.337s] Level 5:colcon.colcon_core.verb:set package 'stage' build argument 'cmake_clean_first' from command line to 'False'
[0.337s] Level 5:colcon.colcon_core.verb:set package 'stage' build argument 'cmake_force_configure' from command line to 'False'
[0.337s] Level 5:colcon.colcon_core.verb:set package 'stage' build argument 'ament_cmake_args' from command line to 'None'
[0.337s] Level 5:colcon.colcon_core.verb:set package 'stage' build argument 'catkin_cmake_args' from command line to 'None'
[0.337s] Level 5:colcon.colcon_core.verb:set package 'stage' build argument 'catkin_skip_building_tests' from command line to 'False'
[0.337s] DEBUG:colcon.colcon_core.verb:Building package 'stage' with the following arguments: {'ament_cmake_args': None, 'build_base': '/home/kaisar/warehouse_robot/robot/build/stage', 'catkin_cmake_args': None, 'catkin_skip_building_tests': False, 'cmake_args': None, 'cmake_clean_cache': False, 'cmake_clean_first': False, 'cmake_force_configure': False, 'cmake_target': None, 'cmake_target_skip_unavailable': False, 'install_base': '/home/kaisar/warehouse_robot/robot/install/stage', 'merge_install': False, 'path': '/home/kaisar/warehouse_robot/robot/ws/src/Stage', 'symlink_install': True, 'test_result_base': None}
[0.337s] Level 5:colcon.colcon_core.verb:set package 'trp1_description' build argument 'cmake_args' from command line to 'None'
[0.337s] Level 5:colcon.colcon_core.verb:set package 'trp1_description' build argument 'cmake_target' from command line to 'None'
[0.337s] Level 5:colcon.colcon_core.verb:set package 'trp1_description' build argument 'cmake_target_skip_unavailable' from command line to 'False'
[0.337s] Level 5:colcon.colcon_core.verb:set package 'trp1_description' build argument 'cmake_clean_cache' from command line to 'False'
[0.337s] Level 5:colcon.colcon_core.verb:set package 'trp1_description' build argument 'cmake_clean_first' from command line to 'False'
[0.337s] Level 5:colcon.colcon_core.verb:set package 'trp1_description' build argument 'cmake_force_configure' from command line to 'False'
[0.337s] Level 5:colcon.colcon_core.verb:set package 'trp1_description' build argument 'ament_cmake_args' from command line to 'None'
[0.337s] Level 5:colcon.colcon_core.verb:set package 'trp1_description' build argument 'catkin_cmake_args' from command line to 'None'
[0.337s] Level 5:colcon.colcon_core.verb:set package 'trp1_description' build argument 'catkin_skip_building_tests' from command line to 'False'
[0.337s] DEBUG:colcon.colcon_core.verb:Building package 'trp1_description' with the following arguments: {'ament_cmake_args': None, 'build_base': '/home/kaisar/warehouse_robot/robot/build/trp1_description', 'catkin_cmake_args': None, 'catkin_skip_building_tests': False, 'cmake_args': None, 'cmake_clean_cache': False, 'cmake_clean_first': False, 'cmake_force_configure': False, 'cmake_target': None, 'cmake_target_skip_unavailable': False, 'install_base': '/home/kaisar/warehouse_robot/robot/install/trp1_description', 'merge_install': False, 'path': '/home/kaisar/warehouse_robot/robot/ws/src/trp1_description', 'symlink_install': True, 'test_result_base': None}
[0.338s] Level 5:colcon.colcon_core.verb:set package 'robot_planner' build argument 'cmake_args' from command line to 'None'
[0.338s] Level 5:colcon.colcon_core.verb:set package 'robot_planner' build argument 'cmake_target' from command line to 'None'
[0.338s] Level 5:colcon.colcon_core.verb:set package 'robot_planner' build argument 'cmake_target_skip_unavailable' from command line to 'False'
[0.338s] Level 5:colcon.colcon_core.verb:set package 'robot_planner' build argument 'cmake_clean_cache' from command line to 'False'
[0.338s] Level 5:colcon.colcon_core.verb:set package 'robot_planner' build argument 'cmake_clean_first' from command line to 'False'
[0.338s] Level 5:colcon.colcon_core.verb:set package 'robot_planner' build argument 'cmake_force_configure' from command line to 'False'
[0.338s] Level 5:colcon.colcon_core.verb:set package 'robot_planner' build argument 'ament_cmake_args' from command line to 'None'
[0.338s] Level 5:colcon.colcon_core.verb:set package 'robot_planner' build argument 'catkin_cmake_args' from command line to 'None'
[0.338s] Level 5:colcon.colcon_core.verb:set package 'robot_planner' build argument 'catkin_skip_building_tests' from command line to 'False'
[0.338s] DEBUG:colcon.colcon_core.verb:Building package 'robot_planner' with the following arguments: {'ament_cmake_args': None, 'build_base': '/home/kaisar/warehouse_robot/robot/build/robot_planner', 'catkin_cmake_args': None, 'catkin_skip_building_tests': False, 'cmake_args': None, 'cmake_clean_cache': False, 'cmake_clean_first': False, 'cmake_force_configure': False, 'cmake_target': None, 'cmake_target_skip_unavailable': False, 'install_base': '/home/kaisar/warehouse_robot/robot/install/robot_planner', 'merge_install': False, 'path': '/home/kaisar/warehouse_robot/robot/ws/src/robot_planner', 'symlink_install': True, 'test_result_base': None}
[0.338s] Level 5:colcon.colcon_core.verb:set package 'stage_ros2' build argument 'cmake_args' from command line to 'None'
[0.338s] Level 5:colcon.colcon_core.verb:set package 'stage_ros2' build argument 'cmake_target' from command line to 'None'
[0.338s] Level 5:colcon.colcon_core.verb:set package 'stage_ros2' build argument 'cmake_target_skip_unavailable' from command line to 'False'
[0.338s] Level 5:colcon.colcon_core.verb:set package 'stage_ros2' build argument 'cmake_clean_cache' from command line to 'False'
[0.338s] Level 5:colcon.colcon_core.verb:set package 'stage_ros2' build argument 'cmake_clean_first' from command line to 'False'
[0.338s] Level 5:colcon.colcon_core.verb:set package 'stage_ros2' build argument 'cmake_force_configure' from command line to 'False'
[0.338s] Level 5:colcon.colcon_core.verb:set package 'stage_ros2' build argument 'ament_cmake_args' from command line to 'None'
[0.339s] Level 5:colcon.colcon_core.verb:set package 'stage_ros2' build argument 'catkin_cmake_args' from command line to 'None'
[0.339s] Level 5:colcon.colcon_core.verb:set package 'stage_ros2' build argument 'catkin_skip_building_tests' from command line to 'False'
[0.339s] DEBUG:colcon.colcon_core.verb:Building package 'stage_ros2' with the following arguments: {'ament_cmake_args': None, 'build_base': '/home/kaisar/warehouse_robot/robot/build/stage_ros2', 'catkin_cmake_args': None, 'catkin_skip_building_tests': False, 'cmake_args': None, 'cmake_clean_cache': False, 'cmake_clean_first': False, 'cmake_force_configure': False, 'cmake_target': None, 'cmake_target_skip_unavailable': False, 'install_base': '/home/kaisar/warehouse_robot/robot/install/stage_ros2', 'merge_install': False, 'path': '/home/kaisar/warehouse_robot/robot/ws/src/stage_ros2', 'symlink_install': True, 'test_result_base': None}
[0.339s] Level 5:colcon.colcon_core.verb:set package 'robot_status' build argument 'cmake_args' from command line to 'None'
[0.339s] Level 5:colcon.colcon_core.verb:set package 'robot_status' build argument 'cmake_target' from command line to 'None'
[0.339s] Level 5:colcon.colcon_core.verb:set package 'robot_status' build argument 'cmake_target_skip_unavailable' from command line to 'False'
[0.339s] Level 5:colcon.colcon_core.verb:set package 'robot_status' build argument 'cmake_clean_cache' from command line to 'False'
[0.339s] Level 5:colcon.colcon_core.verb:set package 'robot_status' build argument 'cmake_clean_first' from command line to 'False'
[0.339s] Level 5:colcon.colcon_core.verb:set package 'robot_status' build argument 'cmake_force_configure' from command line to 'False'
[0.339s] Level 5:colcon.colcon_core.verb:set package 'robot_status' build argument 'ament_cmake_args' from command line to 'None'
[0.339s] Level 5:colcon.colcon_core.verb:set package 'robot_status' build argument 'catkin_cmake_args' from command line to 'None'
[0.339s] Level 5:colcon.colcon_core.verb:set package 'robot_status' build argument 'catkin_skip_building_tests' from command line to 'False'
[0.339s] DEBUG:colcon.colcon_core.verb:Building package 'robot_status' with the following arguments: {'ament_cmake_args': None, 'build_base': '/home/kaisar/warehouse_robot/robot/build/robot_status', 'catkin_cmake_args': None, 'catkin_skip_building_tests': False, 'cmake_args': None, 'cmake_clean_cache': False, 'cmake_clean_first': False, 'cmake_force_configure': False, 'cmake_target': None, 'cmake_target_skip_unavailable': False, 'install_base': '/home/kaisar/warehouse_robot/robot/install/robot_status', 'merge_install': False, 'path': '/home/kaisar/warehouse_robot/robot/ws/src/robot_status', 'symlink_install': True, 'test_result_base': None}
[0.339s] Level 5:colcon.colcon_core.verb:set package 'ros2_http_client' build argument 'cmake_args' from command line to 'None'
[0.339s] Level 5:colcon.colcon_core.verb:set package 'ros2_http_client' build argument 'cmake_target' from command line to 'None'
[0.339s] Level 5:colcon.colcon_core.verb:set package 'ros2_http_client' build argument 'cmake_target_skip_unavailable' from command line to 'False'
[0.339s] Level 5:colcon.colcon_core.verb:set package 'ros2_http_client' build argument 'cmake_clean_cache' from command line to 'False'
[0.339s] Level 5:colcon.colcon_core.verb:set package 'ros2_http_client' build argument 'cmake_clean_first' from command line to 'False'
[0.339s] Level 5:colcon.colcon_core.verb:set package 'ros2_http_client' build argument 'cmake_force_configure' from command line to 'False'
[0.339s] Level 5:colcon.colcon_core.verb:set package 'ros2_http_client' build argument 'ament_cmake_args' from command line to 'None'
[0.339s] Level 5:colcon.colcon_core.verb:set package 'ros2_http_client' build argument 'catkin_cmake_args' from command line to 'None'
[0.339s] Level 5:colcon.colcon_core.verb:set package 'ros2_http_client' build argument 'catkin_skip_building_tests' from command line to 'False'
[0.339s] DEBUG:colcon.colcon_core.verb:Building package 'ros2_http_client' with the following arguments: {'ament_cmake_args': None, 'build_base': '/home/kaisar/warehouse_robot/robot/build/ros2_http_client', 'catkin_cmake_args': None, 'catkin_skip_building_tests': False, 'cmake_args': None, 'cmake_clean_cache': False, 'cmake_clean_first': False, 'cmake_force_configure': False, 'cmake_target': None, 'cmake_target_skip_unavailable': False, 'install_base': '/home/kaisar/warehouse_robot/robot/install/ros2_http_client', 'merge_install': False, 'path': '/home/kaisar/warehouse_robot/robot/ws/src/ros2_http_client', 'symlink_install': True, 'test_result_base': None}
[0.340s] Level 5:colcon.colcon_core.verb:set package 'robot_launch' build argument 'cmake_args' from command line to 'None'
[0.340s] Level 5:colcon.colcon_core.verb:set package 'robot_launch' build argument 'cmake_target' from command line to 'None'
[0.340s] Level 5:colcon.colcon_core.verb:set package 'robot_launch' build argument 'cmake_target_skip_unavailable' from command line to 'False'
[0.340s] Level 5:colcon.colcon_core.verb:set package 'robot_launch' build argument 'cmake_clean_cache' from command line to 'False'
[0.340s] Level 5:colcon.colcon_core.verb:set package 'robot_launch' build argument 'cmake_clean_first' from command line to 'False'
[0.340s] Level 5:colcon.colcon_core.verb:set package 'robot_launch' build argument 'cmake_force_configure' from command line to 'False'
[0.340s] Level 5:colcon.colcon_core.verb:set package 'robot_launch' build argument 'ament_cmake_args' from command line to 'None'
[0.340s] Level 5:colcon.colcon_core.verb:set package 'robot_launch' build argument 'catkin_cmake_args' from command line to 'None'
[0.340s] Level 5:colcon.colcon_core.verb:set package 'robot_launch' build argument 'catkin_skip_building_tests' from command line to 'False'
[0.340s] DEBUG:colcon.colcon_core.verb:Building package 'robot_launch' with the following arguments: {'ament_cmake_args': None, 'build_base': '/home/kaisar/warehouse_robot/robot/build/robot_launch', 'catkin_cmake_args': None, 'catkin_skip_building_tests': False, 'cmake_args': None, 'cmake_clean_cache': False, 'cmake_clean_first': False, 'cmake_force_configure': False, 'cmake_target': None, 'cmake_target_skip_unavailable': False, 'install_base': '/home/kaisar/warehouse_robot/robot/install/robot_launch', 'merge_install': False, 'path': '/home/kaisar/warehouse_robot/robot/ws/src/launch', 'symlink_install': True, 'test_result_base': None}
[0.340s] INFO:colcon.colcon_core.executor:Executing jobs using 'parallel' executor
[0.341s] DEBUG:colcon.colcon_parallel_executor.executor.parallel:run_until_complete
[0.341s] INFO:colcon.colcon_ros.task.ament_cmake.build:Building ROS package in '/home/kaisar/warehouse_robot/robot/ws/src/robot_msgs' with build type 'ament_cmake'
[0.342s] INFO:colcon.colcon_cmake.task.cmake.build:Building CMake package in '/home/kaisar/warehouse_robot/robot/ws/src/robot_msgs'
[0.344s] INFO:colcon.colcon_core.plugin_system:Skipping extension 'colcon_core.shell.bat': Not used on non-Windows systems
[0.344s] INFO:colcon.colcon_core.shell:Skip shell extension 'powershell' for command environment: Not usable outside of PowerShell
[0.344s] DEBUG:colcon.colcon_core.shell:Skip shell extension 'dsv' for command environment
[0.351s] INFO:colcon.colcon_ros.task.catkin.build:Building ROS package in '/home/kaisar/warehouse_robot/robot/ws/src/Stage' with build type 'catkin'
[0.351s] INFO:colcon.colcon_cmake.task.cmake.build:Building CMake package in '/home/kaisar/warehouse_robot/robot/ws/src/Stage'
[0.351s] INFO:colcon.colcon_core.shell:Skip shell extension 'powershell' for command environment: Not usable outside of PowerShell
[0.351s] DEBUG:colcon.colcon_core.shell:Skip shell extension 'dsv' for command environment
[0.356s] INFO:colcon.colcon_ros.task.ament_cmake.build:Building ROS package in '/home/kaisar/warehouse_robot/robot/ws/src/nav2' with build type 'ament_cmake'
[0.356s] INFO:colcon.colcon_cmake.task.cmake.build:Building CMake package in '/home/kaisar/warehouse_robot/robot/ws/src/nav2'
[0.357s] INFO:colcon.colcon_core.shell:Skip shell extension 'powershell' for command environment: Not usable outside of PowerShell
[0.357s] DEBUG:colcon.colcon_core.shell:Skip shell extension 'dsv' for command environment
[0.363s] INFO:colcon.colcon_ros.task.ament_cmake.build:Building ROS package in '/home/kaisar/warehouse_robot/robot/ws/src/trp1_description' with build type 'ament_cmake'
[0.363s] INFO:colcon.colcon_cmake.task.cmake.build:Building CMake package in '/home/kaisar/warehouse_robot/robot/ws/src/trp1_description'
[0.363s] INFO:colcon.colcon_core.shell:Skip shell extension 'powershell' for command environment: Not usable outside of PowerShell
[0.363s] DEBUG:colcon.colcon_core.shell:Skip shell extension 'dsv' for command environment
[0.375s] DEBUG:colcon.colcon_core.event_handler.log_command:Invoking command in '/home/kaisar/warehouse_robot/robot/build/robot_msgs': CMAKE_PREFIX_PATH=/home/kaisar/warehouse_robot/robot/install/robot_launch:/home/kaisar/warehouse_robot/install/trp1_description:/home/kaisar/warehouse_robot/install/stage_ros2:/home/kaisar/warehouse_robot/install/stage:/home/kaisar/warehouse_robot/install/robot_msgs:/home/kaisar/warehouse_robot/install/nav2:/home/kaisar/warehouse_robot/robot/install/trp1_description:/home/kaisar/warehouse_robot/robot/install/stage_ros2:/home/kaisar/warehouse_robot/robot/install/ros2_http_client:/home/kaisar/warehouse_robot/robot/install/robot_status:/home/kaisar/warehouse_robot/robot/install/robot_planner:/opt/ros/jazzy:/home/kaisar/warehouse_robot/robot/install/stage:/home/kaisar/warehouse_robot/robot/install/robot_msgs:/home/kaisar/warehouse_robot/robot/install/nav2:/opt/ros/jazzy/opt/gz_sim_vendor:/opt/ros/jazzy/opt/gz_sensors_vendor:/opt/ros/jazzy/opt/gz_physics_vendor:/opt/ros/jazzy/opt/sdformat_vendor:/opt/ros/jazzy/opt/gz_gui_vendor:/opt/ros/jazzy/opt/gz_transport_vendor:/opt/ros/jazzy/opt/gz_rendering_vendor:/opt/ros/jazzy/opt/gz_plugin_vendor:/opt/ros/jazzy/opt/gz_fuel_tools_vendor:/opt/ros/jazzy/opt/gz_msgs_vendor:/opt/ros/jazzy/opt/gz_common_vendor:/opt/ros/jazzy/opt/gz_math_vendor:/opt/ros/jazzy/opt/gz_utils_vendor:/opt/ros/jazzy/opt/gz_tools_vendor:/opt/ros/jazzy/opt/gz_ogre_next_vendor:/opt/ros/jazzy/opt/gz_dartsim_vendor:/opt/ros/jazzy/opt/gz_cmake_vendor DEBUGINFOD_URLS=https://debuginfod.ubuntu.com /usr/bin/cmake --build /home/kaisar/warehouse_robot/robot/build/robot_msgs -- -j12 -l12
[0.378s] DEBUG:colcon.colcon_core.event_handler.log_command:Invoking command in '/home/kaisar/warehouse_robot/robot/build/stage': DEBUGINFOD_URLS=https://debuginfod.ubuntu.com /usr/bin/cmake --build /home/kaisar/warehouse_robot/robot/build/stage -- -j12 -l12
[0.382s] DEBUG:colcon.colcon_core.event_handler.log_command:Invoking command in '/home/kaisar/warehouse_robot/robot/build/nav2': CMAKE_PREFIX_PATH=/home/kaisar/warehouse_robot/robot/install/robot_launch:/home/kaisar/warehouse_robot/install/trp1_description:/home/kaisar/warehouse_robot/install/stage_ros2:/home/kaisar/warehouse_robot/install/stage:/home/kaisar/warehouse_robot/install/robot_msgs:/home/kaisar/warehouse_robot/install/nav2:/home/kaisar/warehouse_robot/robot/install/trp1_description:/home/kaisar/warehouse_robot/robot/install/stage_ros2:/home/kaisar/warehouse_robot/robot/install/ros2_http_client:/home/kaisar/warehouse_robot/robot/install/robot_status:/home/kaisar/warehouse_robot/robot/install/robot_planner:/opt/ros/jazzy:/home/kaisar/warehouse_robot/robot/install/stage:/home/kaisar/warehouse_robot/robot/install/robot_msgs:/home/kaisar/warehouse_robot/robot/install/nav2:/opt/ros/jazzy/opt/gz_sim_vendor:/opt/ros/jazzy/opt/gz_sensors_vendor:/opt/ros/jazzy/opt/gz_physics_vendor:/opt/ros/jazzy/opt/sdformat_vendor:/opt/ros/jazzy/opt/gz_gui_vendor:/opt/ros/jazzy/opt/gz_transport_vendor:/opt/ros/jazzy/opt/gz_rendering_vendor:/opt/ros/jazzy/opt/gz_plugin_vendor:/opt/ros/jazzy/opt/gz_fuel_tools_vendor:/opt/ros/jazzy/opt/gz_msgs_vendor:/opt/ros/jazzy/opt/gz_common_vendor:/opt/ros/jazzy/opt/gz_math_vendor:/opt/ros/jazzy/opt/gz_utils_vendor:/opt/ros/jazzy/opt/gz_tools_vendor:/opt/ros/jazzy/opt/gz_ogre_next_vendor:/opt/ros/jazzy/opt/gz_dartsim_vendor:/opt/ros/jazzy/opt/gz_cmake_vendor DEBUGINFOD_URLS=https://debuginfod.ubuntu.com /usr/bin/cmake --build /home/kaisar/warehouse_robot/robot/build/nav2 -- -j12 -l12
[0.388s] DEBUG:colcon.colcon_core.event_handler.log_command:Invoking command in '/home/kaisar/warehouse_robot/robot/build/trp1_description': CMAKE_PREFIX_PATH=/home/kaisar/warehouse_robot/robot/install/robot_launch:/home/kaisar/warehouse_robot/install/trp1_description:/home/kaisar/warehouse_robot/install/stage_ros2:/home/kaisar/warehouse_robot/install/stage:/home/kaisar/warehouse_robot/install/robot_msgs:/home/kaisar/warehouse_robot/install/nav2:/home/kaisar/warehouse_robot/robot/install/trp1_description:/home/kaisar/warehouse_robot/robot/install/stage_ros2:/home/kaisar/warehouse_robot/robot/install/ros2_http_client:/home/kaisar/warehouse_robot/robot/install/robot_status:/home/kaisar/warehouse_robot/robot/install/robot_planner:/opt/ros/jazzy:/home/kaisar/warehouse_robot/robot/install/stage:/home/kaisar/warehouse_robot/robot/install/robot_msgs:/home/kaisar/warehouse_robot/robot/install/nav2:/opt/ros/jazzy/opt/gz_sim_vendor:/opt/ros/jazzy/opt/gz_sensors_vendor:/opt/ros/jazzy/opt/gz_physics_vendor:/opt/ros/jazzy/opt/sdformat_vendor:/opt/ros/jazzy/opt/gz_gui_vendor:/opt/ros/jazzy/opt/gz_transport_vendor:/opt/ros/jazzy/opt/gz_rendering_vendor:/opt/ros/jazzy/opt/gz_plugin_vendor:/opt/ros/jazzy/opt/gz_fuel_tools_vendor:/opt/ros/jazzy/opt/gz_msgs_vendor:/opt/ros/jazzy/opt/gz_common_vendor:/opt/ros/jazzy/opt/gz_math_vendor:/opt/ros/jazzy/opt/gz_utils_vendor:/opt/ros/jazzy/opt/gz_tools_vendor:/opt/ros/jazzy/opt/gz_ogre_next_vendor:/opt/ros/jazzy/opt/gz_dartsim_vendor:/opt/ros/jazzy/opt/gz_cmake_vendor DEBUGINFOD_URLS=https://debuginfod.ubuntu.com /usr/bin/cmake --build /home/kaisar/warehouse_robot/robot/build/trp1_description -- -j12 -l12
[0.444s] DEBUG:colcon.colcon_core.event_handler.log_command:Invoked command in '/home/kaisar/warehouse_robot/robot/build/nav2' returned '0': CMAKE_PREFIX_PATH=/home/kaisar/warehouse_robot/robot/install/robot_launch:/home/kaisar/warehouse_robot/install/trp1_description:/home/kaisar/warehouse_robot/install/stage_ros2:/home/kaisar/warehouse_robot/install/stage:/home/kaisar/warehouse_robot/install/robot_msgs:/home/kaisar/warehouse_robot/install/nav2:/home/kaisar/warehouse_robot/robot/install/trp1_description:/home/kaisar/warehouse_robot/robot/install/stage_ros2:/home/kaisar/warehouse_robot/robot/install/ros2_http_client:/home/kaisar/warehouse_robot/robot/install/robot_status:/home/kaisar/warehouse_robot/robot/install/robot_planner:/opt/ros/jazzy:/home/kaisar/warehouse_robot/robot/install/stage:/home/kaisar/warehouse_robot/robot/install/robot_msgs:/home/kaisar/warehouse_robot/robot/install/nav2:/opt/ros/jazzy/opt/gz_sim_vendor:/opt/ros/jazzy/opt/gz_sensors_vendor:/opt/ros/jazzy/opt/gz_physics_vendor:/opt/ros/jazzy/opt/sdformat_vendor:/opt/ros/jazzy/opt/gz_gui_vendor:/opt/ros/jazzy/opt/gz_transport_vendor:/opt/ros/jazzy/opt/gz_rendering_vendor:/opt/ros/jazzy/opt/gz_plugin_vendor:/opt/ros/jazzy/opt/gz_fuel_tools_vendor:/opt/ros/jazzy/opt/gz_msgs_vendor:/opt/ros/jazzy/opt/gz_common_vendor:/opt/ros/jazzy/opt/gz_math_vendor:/opt/ros/jazzy/opt/gz_utils_vendor:/opt/ros/jazzy/opt/gz_tools_vendor:/opt/ros/jazzy/opt/gz_ogre_next_vendor:/opt/ros/jazzy/opt/gz_dartsim_vendor:/opt/ros/jazzy/opt/gz_cmake_vendor DEBUGINFOD_URLS=https://debuginfod.ubuntu.com /usr/bin/cmake --build /home/kaisar/warehouse_robot/robot/build/nav2 -- -j12 -l12
[0.463s] DEBUG:colcon.colcon_core.event_handler.log_command:Invoking command in '/home/kaisar/warehouse_robot/robot/build/nav2': CMAKE_PREFIX_PATH=/home/kaisar/warehouse_robot/robot/install/robot_launch:/home/kaisar/warehouse_robot/install/trp1_description:/home/kaisar/warehouse_robot/install/stage_ros2:/home/kaisar/warehouse_robot/install/stage:/home/kaisar/warehouse_robot/install/robot_msgs:/home/kaisar/warehouse_robot/install/nav2:/home/kaisar/warehouse_robot/robot/install/trp1_description:/home/kaisar/warehouse_robot/robot/install/stage_ros2:/home/kaisar/warehouse_robot/robot/install/ros2_http_client:/home/kaisar/warehouse_robot/robot/install/robot_status:/home/kaisar/warehouse_robot/robot/install/robot_planner:/opt/ros/jazzy:/home/kaisar/warehouse_robot/robot/install/stage:/home/kaisar/warehouse_robot/robot/install/robot_msgs:/home/kaisar/warehouse_robot/robot/install/nav2:/opt/ros/jazzy/opt/gz_sim_vendor:/opt/ros/jazzy/opt/gz_sensors_vendor:/opt/ros/jazzy/opt/gz_physics_vendor:/opt/ros/jazzy/opt/sdformat_vendor:/opt/ros/jazzy/opt/gz_gui_vendor:/opt/ros/jazzy/opt/gz_transport_vendor:/opt/ros/jazzy/opt/gz_rendering_vendor:/opt/ros/jazzy/opt/gz_plugin_vendor:/opt/ros/jazzy/opt/gz_fuel_tools_vendor:/opt/ros/jazzy/opt/gz_msgs_vendor:/opt/ros/jazzy/opt/gz_common_vendor:/opt/ros/jazzy/opt/gz_math_vendor:/opt/ros/jazzy/opt/gz_utils_vendor:/opt/ros/jazzy/opt/gz_tools_vendor:/opt/ros/jazzy/opt/gz_ogre_next_vendor:/opt/ros/jazzy/opt/gz_dartsim_vendor:/opt/ros/jazzy/opt/gz_cmake_vendor DEBUGINFOD_URLS=https://debuginfod.ubuntu.com /usr/bin/cmake --install /home/kaisar/warehouse_robot/robot/build/nav2
[0.464s] DEBUG:colcon.colcon_core.event_handler.log_command:Invoked command in '/home/kaisar/warehouse_robot/robot/build/trp1_description' returned '0': CMAKE_PREFIX_PATH=/home/kaisar/warehouse_robot/robot/install/robot_launch:/home/kaisar/warehouse_robot/install/trp1_description:/home/kaisar/warehouse_robot/install/stage_ros2:/home/kaisar/warehouse_robot/install/stage:/home/kaisar/warehouse_robot/install/robot_msgs:/home/kaisar/warehouse_robot/install/nav2:/home/kaisar/warehouse_robot/robot/install/trp1_description:/home/kaisar/warehouse_robot/robot/install/stage_ros2:/home/kaisar/warehouse_robot/robot/install/ros2_http_client:/home/kaisar/warehouse_robot/robot/install/robot_status:/home/kaisar/warehouse_robot/robot/install/robot_planner:/opt/ros/jazzy:/home/kaisar/warehouse_robot/robot/install/stage:/home/kaisar/warehouse_robot/robot/install/robot_msgs:/home/kaisar/warehouse_robot/robot/install/nav2:/opt/ros/jazzy/opt/gz_sim_vendor:/opt/ros/jazzy/opt/gz_sensors_vendor:/opt/ros/jazzy/opt/gz_physics_vendor:/opt/ros/jazzy/opt/sdformat_vendor:/opt/ros/jazzy/opt/gz_gui_vendor:/opt/ros/jazzy/opt/gz_transport_vendor:/opt/ros/jazzy/opt/gz_rendering_vendor:/opt/ros/jazzy/opt/gz_plugin_vendor:/opt/ros/jazzy/opt/gz_fuel_tools_vendor:/opt/ros/jazzy/opt/gz_msgs_vendor:/opt/ros/jazzy/opt/gz_common_vendor:/opt/ros/jazzy/opt/gz_math_vendor:/opt/ros/jazzy/opt/gz_utils_vendor:/opt/ros/jazzy/opt/gz_tools_vendor:/opt/ros/jazzy/opt/gz_ogre_next_vendor:/opt/ros/jazzy/opt/gz_dartsim_vendor:/opt/ros/jazzy/opt/gz_cmake_vendor DEBUGINFOD_URLS=https://debuginfod.ubuntu.com /usr/bin/cmake --build /home/kaisar/warehouse_robot/robot/build/trp1_description -- -j12 -l12
[0.466s] DEBUG:colcon.colcon_core.event_handler.log_command:Invoking command in '/home/kaisar/warehouse_robot/robot/build/trp1_description': CMAKE_PREFIX_PATH=/home/kaisar/warehouse_robot/robot/install/robot_launch:/home/kaisar/warehouse_robot/install/trp1_description:/home/kaisar/warehouse_robot/install/stage_ros2:/home/kaisar/warehouse_robot/install/stage:/home/kaisar/warehouse_robot/install/robot_msgs:/home/kaisar/warehouse_robot/install/nav2:/home/kaisar/warehouse_robot/robot/install/trp1_description:/home/kaisar/warehouse_robot/robot/install/stage_ros2:/home/kaisar/warehouse_robot/robot/install/ros2_http_client:/home/kaisar/warehouse_robot/robot/install/robot_status:/home/kaisar/warehouse_robot/robot/install/robot_planner:/opt/ros/jazzy:/home/kaisar/warehouse_robot/robot/install/stage:/home/kaisar/warehouse_robot/robot/install/robot_msgs:/home/kaisar/warehouse_robot/robot/install/nav2:/opt/ros/jazzy/opt/gz_sim_vendor:/opt/ros/jazzy/opt/gz_sensors_vendor:/opt/ros/jazzy/opt/gz_physics_vendor:/opt/ros/jazzy/opt/sdformat_vendor:/opt/ros/jazzy/opt/gz_gui_vendor:/opt/ros/jazzy/opt/gz_transport_vendor:/opt/ros/jazzy/opt/gz_rendering_vendor:/opt/ros/jazzy/opt/gz_plugin_vendor:/opt/ros/jazzy/opt/gz_fuel_tools_vendor:/opt/ros/jazzy/opt/gz_msgs_vendor:/opt/ros/jazzy/opt/gz_common_vendor:/opt/ros/jazzy/opt/gz_math_vendor:/opt/ros/jazzy/opt/gz_utils_vendor:/opt/ros/jazzy/opt/gz_tools_vendor:/opt/ros/jazzy/opt/gz_ogre_next_vendor:/opt/ros/jazzy/opt/gz_dartsim_vendor:/opt/ros/jazzy/opt/gz_cmake_vendor DEBUGINFOD_URLS=https://debuginfod.ubuntu.com /usr/bin/cmake --install /home/kaisar/warehouse_robot/robot/build/trp1_description
[0.529s] Level 1:colcon.colcon_core.environment:create_environment_scripts_only(trp1_description)
[0.530s] DEBUG:colcon.colcon_core.event_handler.log_command:Invoked command in '/home/kaisar/warehouse_robot/robot/build/trp1_description' returned '0': CMAKE_PREFIX_PATH=/home/kaisar/warehouse_robot/robot/install/robot_launch:/home/kaisar/warehouse_robot/install/trp1_description:/home/kaisar/warehouse_robot/install/stage_ros2:/home/kaisar/warehouse_robot/install/stage:/home/kaisar/warehouse_robot/install/robot_msgs:/home/kaisar/warehouse_robot/install/nav2:/home/kaisar/warehouse_robot/robot/install/trp1_description:/home/kaisar/warehouse_robot/robot/install/stage_ros2:/home/kaisar/warehouse_robot/robot/install/ros2_http_client:/home/kaisar/warehouse_robot/robot/install/robot_status:/home/kaisar/warehouse_robot/robot/install/robot_planner:/opt/ros/jazzy:/home/kaisar/warehouse_robot/robot/install/stage:/home/kaisar/warehouse_robot/robot/install/robot_msgs:/home/kaisar/warehouse_robot/robot/install/nav2:/opt/ros/jazzy/opt/gz_sim_vendor:/opt/ros/jazzy/opt/gz_sensors_vendor:/opt/ros/jazzy/opt/gz_physics_vendor:/opt/ros/jazzy/opt/sdformat_vendor:/opt/ros/jazzy/opt/gz_gui_vendor:/opt/ros/jazzy/opt/gz_transport_vendor:/opt/ros/jazzy/opt/gz_rendering_vendor:/opt/ros/jazzy/opt/gz_plugin_vendor:/opt/ros/jazzy/opt/gz_fuel_tools_vendor:/opt/ros/jazzy/opt/gz_msgs_vendor:/opt/ros/jazzy/opt/gz_common_vendor:/opt/ros/jazzy/opt/gz_math_vendor:/opt/ros/jazzy/opt/gz_utils_vendor:/opt/ros/jazzy/opt/gz_tools_vendor:/opt/ros/jazzy/opt/gz_ogre_next_vendor:/opt/ros/jazzy/opt/gz_dartsim_vendor:/opt/ros/jazzy/opt/gz_cmake_vendor DEBUGINFOD_URLS=https://debuginfod.ubuntu.com /usr/bin/cmake --install /home/kaisar/warehouse_robot/robot/build/trp1_description
[0.534s] Level 1:colcon.colcon_core.environment:checking '/home/kaisar/warehouse_robot/robot/install/trp1_description' for CMake module files
[0.535s] Level 1:colcon.colcon_core.environment:checking '/home/kaisar/warehouse_robot/robot/install/trp1_description' for CMake config files
[0.536s] Level 1:colcon.colcon_core.shell:create_environment_hook('trp1_description', 'cmake_prefix_path')
[0.536s] INFO:colcon.colcon_core.shell:Creating environment hook '/home/kaisar/warehouse_robot/robot/install/trp1_description/share/trp1_description/hook/cmake_prefix_path.ps1'
[0.537s] INFO:colcon.colcon_core.shell:Creating environment descriptor '/home/kaisar/warehouse_robot/robot/install/trp1_description/share/trp1_description/hook/cmake_prefix_path.dsv'
[0.544s] INFO:colcon.colcon_core.shell:Creating environment hook '/home/kaisar/warehouse_robot/robot/install/trp1_description/share/trp1_description/hook/cmake_prefix_path.sh'
[0.555s] Level 1:colcon.colcon_core.environment:checking '/home/kaisar/warehouse_robot/robot/install/trp1_description/bin'
[0.555s] Level 1:colcon.colcon_core.environment:checking '/home/kaisar/warehouse_robot/robot/install/trp1_description/lib/pkgconfig/trp1_description.pc'
[0.556s] Level 1:colcon.colcon_core.environment:checking '/home/kaisar/warehouse_robot/robot/install/trp1_description/lib/python3.12/site-packages'
[0.556s] Level 1:colcon.colcon_core.environment:checking '/home/kaisar/warehouse_robot/robot/install/trp1_description/bin'
[0.557s] INFO:colcon.colcon_core.shell:Creating package script '/home/kaisar/warehouse_robot/robot/install/trp1_description/share/trp1_description/package.ps1'
[0.560s] INFO:colcon.colcon_core.shell:Creating package descriptor '/home/kaisar/warehouse_robot/robot/install/trp1_description/share/trp1_description/package.dsv'
[0.561s] INFO:colcon.colcon_core.shell:Creating package script '/home/kaisar/warehouse_robot/robot/install/trp1_description/share/trp1_description/package.sh'
[0.563s] INFO:colcon.colcon_core.shell:Creating package script '/home/kaisar/warehouse_robot/robot/install/trp1_description/share/trp1_description/package.bash'
[0.565s] INFO:colcon.colcon_core.shell:Creating package script '/home/kaisar/warehouse_robot/robot/install/trp1_description/share/trp1_description/package.zsh'
[0.566s] Level 1:colcon.colcon_core.environment:create_file_with_runtime_dependencies(/home/kaisar/warehouse_robot/robot/install/trp1_description/share/colcon-core/packages/trp1_description)
[0.568s] Level 1:colcon.colcon_core.environment:create_environment_scripts_only(trp1_description)
[0.568s] Level 1:colcon.colcon_core.environment:checking '/home/kaisar/warehouse_robot/robot/install/trp1_description' for CMake module files
[0.569s] Level 1:colcon.colcon_core.environment:checking '/home/kaisar/warehouse_robot/robot/install/trp1_description' for CMake config files
[0.570s] Level 1:colcon.colcon_core.shell:create_environment_hook('trp1_description', 'cmake_prefix_path')
[0.570s] INFO:colcon.colcon_core.shell:Creating environment hook '/home/kaisar/warehouse_robot/robot/install/trp1_description/share/trp1_description/hook/cmake_prefix_path.ps1'
[0.571s] INFO:colcon.colcon_core.shell:Creating environment descriptor '/home/kaisar/warehouse_robot/robot/install/trp1_description/share/trp1_description/hook/cmake_prefix_path.dsv'
[0.572s] INFO:colcon.colcon_core.shell:Creating environment hook '/home/kaisar/warehouse_robot/robot/install/trp1_description/share/trp1_description/hook/cmake_prefix_path.sh'
[0.573s] Level 1:colcon.colcon_core.environment:checking '/home/kaisar/warehouse_robot/robot/install/trp1_description/bin'
[0.573s] Level 1:colcon.colcon_core.environment:checking '/home/kaisar/warehouse_robot/robot/install/trp1_description/lib/pkgconfig/trp1_description.pc'
[0.573s] Level 1:colcon.colcon_core.environment:checking '/home/kaisar/warehouse_robot/robot/install/trp1_description/lib/python3.12/site-packages'
[0.574s] Level 1:colcon.colcon_core.environment:checking '/home/kaisar/warehouse_robot/robot/install/trp1_description/bin'
[0.575s] INFO:colcon.colcon_core.shell:Creating package script '/home/kaisar/warehouse_robot/robot/install/trp1_description/share/trp1_description/package.ps1'
[0.577s] INFO:colcon.colcon_core.shell:Creating package descriptor '/home/kaisar/warehouse_robot/robot/install/trp1_description/share/trp1_description/package.dsv'
[0.579s] INFO:colcon.colcon_core.shell:Creating package script '/home/kaisar/warehouse_robot/robot/install/trp1_description/share/trp1_description/package.sh'
[0.581s] INFO:colcon.colcon_core.shell:Creating package script '/home/kaisar/warehouse_robot/robot/install/trp1_description/share/trp1_description/package.bash'
[0.582s] INFO:colcon.colcon_core.shell:Creating package script '/home/kaisar/warehouse_robot/robot/install/trp1_description/share/trp1_description/package.zsh'
[0.583s] Level 1:colcon.colcon_core.environment:create_file_with_runtime_dependencies(/home/kaisar/warehouse_robot/robot/install/trp1_description/share/colcon-core/packages/trp1_description)
[0.601s] DEBUG:colcon.colcon_core.event_handler.log_command:Invoked command in '/home/kaisar/warehouse_robot/robot/build/stage' returned '0': DEBUGINFOD_URLS=https://debuginfod.ubuntu.com /usr/bin/cmake --build /home/kaisar/warehouse_robot/robot/build/stage -- -j12 -l12
[0.604s] DEBUG:colcon.colcon_core.event_handler.log_command:Invoking command in '/home/kaisar/warehouse_robot/robot/build/stage': DEBUGINFOD_URLS=https://debuginfod.ubuntu.com /usr/bin/cmake --install /home/kaisar/warehouse_robot/robot/build/stage
[0.635s] Level 1:colcon.colcon_core.shell:create_environment_hook('stage', 'ros_package_path')
[0.635s] INFO:colcon.colcon_core.shell:Creating environment hook '/home/kaisar/warehouse_robot/robot/install/stage/share/stage/hook/ros_package_path.ps1'
[0.636s] INFO:colcon.colcon_core.shell:Creating environment descriptor '/home/kaisar/warehouse_robot/robot/install/stage/share/stage/hook/ros_package_path.dsv'
[0.637s] INFO:colcon.colcon_core.shell:Creating environment hook '/home/kaisar/warehouse_robot/robot/install/stage/share/stage/hook/ros_package_path.sh'
[0.640s] Level 1:colcon.colcon_core.shell:create_environment_hook('stage', 'pkg_config_path')
[0.640s] INFO:colcon.colcon_core.shell:Creating environment hook '/home/kaisar/warehouse_robot/robot/install/stage/share/stage/hook/pkg_config_path.ps1'
[0.641s] INFO:colcon.colcon_core.shell:Creating environment descriptor '/home/kaisar/warehouse_robot/robot/install/stage/share/stage/hook/pkg_config_path.dsv'
[0.643s] INFO:colcon.colcon_core.shell:Creating environment hook '/home/kaisar/warehouse_robot/robot/install/stage/share/stage/hook/pkg_config_path.sh'
[0.647s] Level 1:colcon.colcon_core.shell:create_environment_hook('stage', 'pkg_config_path_multiarch')
[0.648s] INFO:colcon.colcon_core.shell:Creating environment hook '/home/kaisar/warehouse_robot/robot/install/stage/share/stage/hook/pkg_config_path_multiarch.ps1'
[0.649s] INFO:colcon.colcon_core.shell:Creating environment descriptor '/home/kaisar/warehouse_robot/robot/install/stage/share/stage/hook/pkg_config_path_multiarch.dsv'
[0.651s] INFO:colcon.colcon_core.shell:Creating environment hook '/home/kaisar/warehouse_robot/robot/install/stage/share/stage/hook/pkg_config_path_multiarch.sh'
[0.654s] Level 1:colcon.colcon_core.environment:create_environment_scripts_only(stage)
[0.654s] Level 1:colcon.colcon_core.environment:checking '/home/kaisar/warehouse_robot/robot/install/stage' for CMake module files
[0.656s] Level 1:colcon.colcon_core.environment:checking '/home/kaisar/warehouse_robot/robot/install/stage' for CMake config files
[0.657s] Level 1:colcon.colcon_core.shell:create_environment_hook('stage', 'cmake_prefix_path')
[0.657s] INFO:colcon.colcon_core.shell:Creating environment hook '/home/kaisar/warehouse_robot/robot/install/stage/share/stage/hook/cmake_prefix_path.ps1'
[0.658s] INFO:colcon.colcon_core.shell:Creating environment descriptor '/home/kaisar/warehouse_robot/robot/install/stage/share/stage/hook/cmake_prefix_path.dsv'
[0.660s] INFO:colcon.colcon_core.shell:Creating environment hook '/home/kaisar/warehouse_robot/robot/install/stage/share/stage/hook/cmake_prefix_path.sh'
[0.663s] Level 1:colcon.colcon_core.environment:checking '/home/kaisar/warehouse_robot/robot/install/stage/lib'
[0.663s] Level 1:colcon.colcon_core.shell:create_environment_hook('stage', 'ld_library_path_lib')
[0.664s] INFO:colcon.colcon_core.shell:Creating environment hook '/home/kaisar/warehouse_robot/robot/install/stage/share/stage/hook/ld_library_path_lib.ps1'
[0.666s] INFO:colcon.colcon_core.shell:Creating environment descriptor '/home/kaisar/warehouse_robot/robot/install/stage/share/stage/hook/ld_library_path_lib.dsv'
[0.667s] INFO:colcon.colcon_core.shell:Creating environment hook '/home/kaisar/warehouse_robot/robot/install/stage/share/stage/hook/ld_library_path_lib.sh'
[0.668s] DEBUG:colcon.colcon_core.event_handler.log_command:Invoked command in '/home/kaisar/warehouse_robot/robot/build/stage' returned '0': DEBUGINFOD_URLS=https://debuginfod.ubuntu.com /usr/bin/cmake --install /home/kaisar/warehouse_robot/robot/build/stage
[0.669s] Level 1:colcon.colcon_core.environment:checking '/home/kaisar/warehouse_robot/robot/install/stage/bin'
[0.670s] Level 1:colcon.colcon_core.shell:create_environment_hook('stage', 'path')
[0.670s] INFO:colcon.colcon_core.shell:Creating environment hook '/home/kaisar/warehouse_robot/robot/install/stage/share/stage/hook/path.ps1'
[0.672s] INFO:colcon.colcon_core.shell:Creating environment descriptor '/home/kaisar/warehouse_robot/robot/install/stage/share/stage/hook/path.dsv'
[0.673s] INFO:colcon.colcon_core.shell:Creating environment hook '/home/kaisar/warehouse_robot/robot/install/stage/share/stage/hook/path.sh'
[0.675s] Level 1:colcon.colcon_core.environment:checking '/home/kaisar/warehouse_robot/robot/install/stage/lib/pkgconfig/stage.pc'
[0.676s] Level 1:colcon.colcon_core.shell:create_environment_hook('stage', 'pkg_config')
[0.676s] INFO:colcon.colcon_core.shell:Creating environment hook '/home/kaisar/warehouse_robot/robot/install/stage/share/stage/hook/pkg_config.ps1'
[0.677s] INFO:colcon.colcon_core.shell:Creating environment descriptor '/home/kaisar/warehouse_robot/robot/install/stage/share/stage/hook/pkg_config.dsv'
[0.679s] INFO:colcon.colcon_core.shell:Creating environment hook '/home/kaisar/warehouse_robot/robot/install/stage/share/stage/hook/pkg_config.sh'
[0.680s] Level 1:colcon.colcon_core.environment:checking '/home/kaisar/warehouse_robot/robot/install/stage/lib/python3.12/site-packages'
[0.681s] Level 1:colcon.colcon_core.environment:checking '/home/kaisar/warehouse_robot/robot/install/stage/bin'
[0.681s] Level 1:colcon.colcon_core.shell:create_environment_hook('stage', 'pythonscriptspath')
[0.681s] INFO:colcon.colcon_core.shell:Creating environment hook '/home/kaisar/warehouse_robot/robot/install/stage/share/stage/hook/pythonscriptspath.ps1'
[0.682s] INFO:colcon.colcon_core.shell:Creating environment descriptor '/home/kaisar/warehouse_robot/robot/install/stage/share/stage/hook/pythonscriptspath.dsv'
[0.683s] INFO:colcon.colcon_core.shell:Creating environment hook '/home/kaisar/warehouse_robot/robot/install/stage/share/stage/hook/pythonscriptspath.sh'
[0.684s] INFO:colcon.colcon_core.shell:Creating package script '/home/kaisar/warehouse_robot/robot/install/stage/share/stage/package.ps1'
[0.685s] INFO:colcon.colcon_core.shell:Creating package descriptor '/home/kaisar/warehouse_robot/robot/install/stage/share/stage/package.dsv'
[0.686s] INFO:colcon.colcon_core.shell:Creating package script '/home/kaisar/warehouse_robot/robot/install/stage/share/stage/package.sh'
[0.687s] INFO:colcon.colcon_core.shell:Creating package script '/home/kaisar/warehouse_robot/robot/install/stage/share/stage/package.bash'
[0.687s] INFO:colcon.colcon_core.shell:Creating package script '/home/kaisar/warehouse_robot/robot/install/stage/share/stage/package.zsh'
[0.688s] Level 1:colcon.colcon_core.environment:create_file_with_runtime_dependencies(/home/kaisar/warehouse_robot/robot/install/stage/share/colcon-core/packages/stage)
[0.689s] INFO:colcon.colcon_ros.task.ament_cmake.build:Building ROS package in '/home/kaisar/warehouse_robot/robot/ws/src/stage_ros2' with build type 'ament_cmake'
[0.689s] INFO:colcon.colcon_cmake.task.cmake.build:Building CMake package in '/home/kaisar/warehouse_robot/robot/ws/src/stage_ros2'
[0.689s] INFO:colcon.colcon_core.shell:Skip shell extension 'powershell' for command environment: Not usable outside of PowerShell
[0.689s] DEBUG:colcon.colcon_core.shell:Skip shell extension 'dsv' for command environment
[0.706s] Level 1:colcon.colcon_core.environment:create_environment_scripts_only(nav2)
[0.706s] Level 1:colcon.colcon_core.environment:checking '/home/kaisar/warehouse_robot/robot/install/nav2' for CMake module files
[0.707s] Level 1:colcon.colcon_core.environment:checking '/home/kaisar/warehouse_robot/robot/install/nav2' for CMake config files
[0.723s] DEBUG:colcon.colcon_core.event_handler.log_command:Invoked command in '/home/kaisar/warehouse_robot/robot/build/nav2' returned '0': CMAKE_PREFIX_PATH=/home/kaisar/warehouse_robot/robot/install/robot_launch:/home/kaisar/warehouse_robot/install/trp1_description:/home/kaisar/warehouse_robot/install/stage_ros2:/home/kaisar/warehouse_robot/install/stage:/home/kaisar/warehouse_robot/install/robot_msgs:/home/kaisar/warehouse_robot/install/nav2:/home/kaisar/warehouse_robot/robot/install/trp1_description:/home/kaisar/warehouse_robot/robot/install/stage_ros2:/home/kaisar/warehouse_robot/robot/install/ros2_http_client:/home/kaisar/warehouse_robot/robot/install/robot_status:/home/kaisar/warehouse_robot/robot/install/robot_planner:/opt/ros/jazzy:/home/kaisar/warehouse_robot/robot/install/stage:/home/kaisar/warehouse_robot/robot/install/robot_msgs:/home/kaisar/warehouse_robot/robot/install/nav2:/opt/ros/jazzy/opt/gz_sim_vendor:/opt/ros/jazzy/opt/gz_sensors_vendor:/opt/ros/jazzy/opt/gz_physics_vendor:/opt/ros/jazzy/opt/sdformat_vendor:/opt/ros/jazzy/opt/gz_gui_vendor:/opt/ros/jazzy/opt/gz_transport_vendor:/opt/ros/jazzy/opt/gz_rendering_vendor:/opt/ros/jazzy/opt/gz_plugin_vendor:/opt/ros/jazzy/opt/gz_fuel_tools_vendor:/opt/ros/jazzy/opt/gz_msgs_vendor:/opt/ros/jazzy/opt/gz_common_vendor:/opt/ros/jazzy/opt/gz_math_vendor:/opt/ros/jazzy/opt/gz_utils_vendor:/opt/ros/jazzy/opt/gz_tools_vendor:/opt/ros/jazzy/opt/gz_ogre_next_vendor:/opt/ros/jazzy/opt/gz_dartsim_vendor:/opt/ros/jazzy/opt/gz_cmake_vendor DEBUGINFOD_URLS=https://debuginfod.ubuntu.com /usr/bin/cmake --install /home/kaisar/warehouse_robot/robot/build/nav2
[0.731s] Level 1:colcon.colcon_core.shell:create_environment_hook('nav2', 'cmake_prefix_path')
[0.733s] INFO:colcon.colcon_core.shell:Creating environment hook '/home/kaisar/warehouse_robot/robot/install/nav2/share/nav2/hook/cmake_prefix_path.ps1'
[0.734s] INFO:colcon.colcon_core.shell:Creating environment descriptor '/home/kaisar/warehouse_robot/robot/install/nav2/share/nav2/hook/cmake_prefix_path.dsv'
[0.734s] INFO:colcon.colcon_core.shell:Creating environment hook '/home/kaisar/warehouse_robot/robot/install/nav2/share/nav2/hook/cmake_prefix_path.sh'
[0.736s] Level 1:colcon.colcon_core.environment:checking '/home/kaisar/warehouse_robot/robot/install/nav2/bin'
[0.736s] Level 1:colcon.colcon_core.environment:checking '/home/kaisar/warehouse_robot/robot/install/nav2/lib/pkgconfig/nav2.pc'
[0.736s] Level 1:colcon.colcon_core.environment:checking '/home/kaisar/warehouse_robot/robot/install/nav2/lib/python3.12/site-packages'
[0.737s] Level 1:colcon.colcon_core.environment:checking '/home/kaisar/warehouse_robot/robot/install/nav2/bin'
[0.738s] INFO:colcon.colcon_core.shell:Creating package script '/home/kaisar/warehouse_robot/robot/install/nav2/share/nav2/package.ps1'
[0.739s] INFO:colcon.colcon_core.shell:Creating package descriptor '/home/kaisar/warehouse_robot/robot/install/nav2/share/nav2/package.dsv'
[0.740s] INFO:colcon.colcon_core.shell:Creating package script '/home/kaisar/warehouse_robot/robot/install/nav2/share/nav2/package.sh'
[0.740s] INFO:colcon.colcon_core.shell:Creating package script '/home/kaisar/warehouse_robot/robot/install/nav2/share/nav2/package.bash'
[0.741s] INFO:colcon.colcon_core.shell:Creating package script '/home/kaisar/warehouse_robot/robot/install/nav2/share/nav2/package.zsh'
[0.742s] Level 1:colcon.colcon_core.environment:create_file_with_runtime_dependencies(/home/kaisar/warehouse_robot/robot/install/nav2/share/colcon-core/packages/nav2)
[0.742s] Level 1:colcon.colcon_core.environment:create_environment_scripts_only(nav2)
[0.743s] Level 1:colcon.colcon_core.environment:checking '/home/kaisar/warehouse_robot/robot/install/nav2' for CMake module files
[0.743s] Level 1:colcon.colcon_core.environment:checking '/home/kaisar/warehouse_robot/robot/install/nav2' for CMake config files
[0.759s] Level 1:colcon.colcon_core.shell:create_environment_hook('nav2', 'cmake_prefix_path')
[0.759s] INFO:colcon.colcon_core.shell:Creating environment hook '/home/kaisar/warehouse_robot/robot/install/nav2/share/nav2/hook/cmake_prefix_path.ps1'
[0.759s] INFO:colcon.colcon_core.shell:Creating environment descriptor '/home/kaisar/warehouse_robot/robot/install/nav2/share/nav2/hook/cmake_prefix_path.dsv'
[0.760s] INFO:colcon.colcon_core.shell:Creating environment hook '/home/kaisar/warehouse_robot/robot/install/nav2/share/nav2/hook/cmake_prefix_path.sh'
[0.760s] Level 1:colcon.colcon_core.environment:checking '/home/kaisar/warehouse_robot/robot/install/nav2/bin'
[0.760s] Level 1:colcon.colcon_core.environment:checking '/home/kaisar/warehouse_robot/robot/install/nav2/lib/pkgconfig/nav2.pc'
[0.761s] Level 1:colcon.colcon_core.environment:checking '/home/kaisar/warehouse_robot/robot/install/nav2/lib/python3.12/site-packages'
[0.761s] Level 1:colcon.colcon_core.environment:checking '/home/kaisar/warehouse_robot/robot/install/nav2/bin'
[0.761s] INFO:colcon.colcon_core.shell:Creating package script '/home/kaisar/warehouse_robot/robot/install/nav2/share/nav2/package.ps1'
[0.762s] INFO:colcon.colcon_core.shell:Creating package descriptor '/home/kaisar/warehouse_robot/robot/install/nav2/share/nav2/package.dsv'
[0.763s] INFO:colcon.colcon_core.shell:Creating package script '/home/kaisar/warehouse_robot/robot/install/nav2/share/nav2/package.sh'
[0.763s] INFO:colcon.colcon_core.shell:Creating package script '/home/kaisar/warehouse_robot/robot/install/nav2/share/nav2/package.bash'
[0.763s] INFO:colcon.colcon_core.shell:Creating package script '/home/kaisar/warehouse_robot/robot/install/nav2/share/nav2/package.zsh'
[0.764s] Level 1:colcon.colcon_core.environment:create_file_with_runtime_dependencies(/home/kaisar/warehouse_robot/robot/install/nav2/share/colcon-core/packages/nav2)
[0.769s] DEBUG:colcon.colcon_core.event_handler.log_command:Invoking command in '/home/kaisar/warehouse_robot/robot/build/stage_ros2': CMAKE_PREFIX_PATH=/home/kaisar/warehouse_robot/robot/install/ros2_http_client:/home/kaisar/warehouse_robot/robot/install/robot_status:/home/kaisar/warehouse_robot/robot/install/robot_planner:/opt/ros/jazzy:/home/kaisar/warehouse_robot/robot/install/stage:/home/kaisar/warehouse_robot/robot/install/robot_launch:/home/kaisar/warehouse_robot/install/trp1_description:/home/kaisar/warehouse_robot/install/stage_ros2:/home/kaisar/warehouse_robot/install/stage:/home/kaisar/warehouse_robot/install/robot_msgs:/home/kaisar/warehouse_robot/install/nav2:/home/kaisar/warehouse_robot/robot/install/trp1_description:/home/kaisar/warehouse_robot/robot/install/stage_ros2:/home/kaisar/warehouse_robot/robot/install/robot_msgs:/home/kaisar/warehouse_robot/robot/install/nav2:/opt/ros/jazzy/opt/gz_sim_vendor:/opt/ros/jazzy/opt/gz_sensors_vendor:/opt/ros/jazzy/opt/gz_physics_vendor:/opt/ros/jazzy/opt/sdformat_vendor:/opt/ros/jazzy/opt/gz_gui_vendor:/opt/ros/jazzy/opt/gz_transport_vendor:/opt/ros/jazzy/opt/gz_rendering_vendor:/opt/ros/jazzy/opt/gz_plugin_vendor:/opt/ros/jazzy/opt/gz_fuel_tools_vendor:/opt/ros/jazzy/opt/gz_msgs_vendor:/opt/ros/jazzy/opt/gz_common_vendor:/opt/ros/jazzy/opt/gz_math_vendor:/opt/ros/jazzy/opt/gz_utils_vendor:/opt/ros/jazzy/opt/gz_tools_vendor:/opt/ros/jazzy/opt/gz_ogre_next_vendor:/opt/ros/jazzy/opt/gz_dartsim_vendor:/opt/ros/jazzy/opt/gz_cmake_vendor DEBUGINFOD_URLS=https://debuginfod.ubuntu.com LD_LIBRARY_PATH=/home/kaisar/warehouse_robot/robot/install/stage/lib:/home/kaisar/warehouse_robot/install/stage_ros2/lib:/home/kaisar/warehouse_robot/install/stage/lib:/home/kaisar/warehouse_robot/install/robot_msgs/lib:/home/kaisar/warehouse_robot/robot/install/stage_ros2/lib:/home/kaisar/warehouse_robot/robot/install/robot_msgs/lib:/opt/ros/jazzy/opt/gz_sim_vendor/lib:/opt/ros/jazzy/opt/gz_sensors_vendor/lib:/opt/ros/jazzy/opt/gz_physics_vendor/lib:/opt/ros/jazzy/opt/sdformat_vendor/lib:/opt/ros/jazzy/opt/rviz_ogre_vendor/lib:/opt/ros/jazzy/lib/x86_64-linux-gnu:/opt/ros/jazzy/opt/gz_gui_vendor/lib:/opt/ros/jazzy/opt/gz_transport_vendor/lib:/opt/ros/jazzy/opt/gz_rendering_vendor/lib:/opt/ros/jazzy/opt/gz_plugin_vendor/lib:/opt/ros/jazzy/opt/gz_fuel_tools_vendor/lib:/opt/ros/jazzy/opt/gz_msgs_vendor/lib:/opt/ros/jazzy/opt/gz_common_vendor/lib:/opt/ros/jazzy/opt/gz_math_vendor/lib:/opt/ros/jazzy/opt/gz_utils_vendor/lib:/opt/ros/jazzy/opt/gz_tools_vendor/lib:/opt/ros/jazzy/opt/gz_ogre_next_vendor/lib:/opt/ros/jazzy/opt/gz_dartsim_vendor/lib:/opt/ros/jazzy/opt/gz_cmake_vendor/lib:/opt/ros/jazzy/lib PATH=/home/kaisar/warehouse_robot/robot/install/stage/bin:/home/kaisar/warehouse_robot/install/stage/bin:/opt/ros/jazzy/opt/gz_msgs_vendor/bin:/opt/ros/jazzy/opt/gz_tools_vendor/bin:/opt/ros/jazzy/opt/gz_ogre_next_vendor/bin:/opt/ros/jazzy/bin:/usr/local/sbin:/usr/local/bin:/usr/sbin:/usr/bin:/sbin:/bin:/usr/games:/usr/local/games:/snap/bin:/snap/bin PKG_CONFIG_PATH=/home/kaisar/warehouse_robot/robot/install/stage/lib/x86_64-linux-gnu/pkgconfig:/home/kaisar/warehouse_robot/robot/install/stage/lib/pkgconfig:/home/kaisar/warehouse_robot/install/stage/lib/x86_64-linux-gnu/pkgconfig:/home/kaisar/warehouse_robot/install/stage/lib/pkgconfig ROS_PACKAGE_PATH=/home/kaisar/warehouse_robot/robot/install/stage/share:/home/kaisar/warehouse_robot/install/stage/share /usr/bin/cmake --build /home/kaisar/warehouse_robot/robot/build/stage_ros2 -- -j12 -l12
[0.950s] DEBUG:colcon.colcon_core.event_handler.log_command:Invoked command in '/home/kaisar/warehouse_robot/robot/build/stage_ros2' returned '0': CMAKE_PREFIX_PATH=/home/kaisar/warehouse_robot/robot/install/ros2_http_client:/home/kaisar/warehouse_robot/robot/install/robot_status:/home/kaisar/warehouse_robot/robot/install/robot_planner:/opt/ros/jazzy:/home/kaisar/warehouse_robot/robot/install/stage:/home/kaisar/warehouse_robot/robot/install/robot_launch:/home/kaisar/warehouse_robot/install/trp1_description:/home/kaisar/warehouse_robot/install/stage_ros2:/home/kaisar/warehouse_robot/install/stage:/home/kaisar/warehouse_robot/install/robot_msgs:/home/kaisar/warehouse_robot/install/nav2:/home/kaisar/warehouse_robot/robot/install/trp1_description:/home/kaisar/warehouse_robot/robot/install/stage_ros2:/home/kaisar/warehouse_robot/robot/install/robot_msgs:/home/kaisar/warehouse_robot/robot/install/nav2:/opt/ros/jazzy/opt/gz_sim_vendor:/opt/ros/jazzy/opt/gz_sensors_vendor:/opt/ros/jazzy/opt/gz_physics_vendor:/opt/ros/jazzy/opt/sdformat_vendor:/opt/ros/jazzy/opt/gz_gui_vendor:/opt/ros/jazzy/opt/gz_transport_vendor:/opt/ros/jazzy/opt/gz_rendering_vendor:/opt/ros/jazzy/opt/gz_plugin_vendor:/opt/ros/jazzy/opt/gz_fuel_tools_vendor:/opt/ros/jazzy/opt/gz_msgs_vendor:/opt/ros/jazzy/opt/gz_common_vendor:/opt/ros/jazzy/opt/gz_math_vendor:/opt/ros/jazzy/opt/gz_utils_vendor:/opt/ros/jazzy/opt/gz_tools_vendor:/opt/ros/jazzy/opt/gz_ogre_next_vendor:/opt/ros/jazzy/opt/gz_dartsim_vendor:/opt/ros/jazzy/opt/gz_cmake_vendor DEBUGINFOD_URLS=https://debuginfod.ubuntu.com LD_LIBRARY_PATH=/home/kaisar/warehouse_robot/robot/install/stage/lib:/home/kaisar/warehouse_robot/install/stage_ros2/lib:/home/kaisar/warehouse_robot/install/stage/lib:/home/kaisar/warehouse_robot/install/robot_msgs/lib:/home/kaisar/warehouse_robot/robot/install/stage_ros2/lib:/home/kaisar/warehouse_robot/robot/install/robot_msgs/lib:/opt/ros/jazzy/opt/gz_sim_vendor/lib:/opt/ros/jazzy/opt/gz_sensors_vendor/lib:/opt/ros/jazzy/opt/gz_physics_vendor/lib:/opt/ros/jazzy/opt/sdformat_vendor/lib:/opt/ros/jazzy/opt/rviz_ogre_vendor/lib:/opt/ros/jazzy/lib/x86_64-linux-gnu:/opt/ros/jazzy/opt/gz_gui_vendor/lib:/opt/ros/jazzy/opt/gz_transport_vendor/lib:/opt/ros/jazzy/opt/gz_rendering_vendor/lib:/opt/ros/jazzy/opt/gz_plugin_vendor/lib:/opt/ros/jazzy/opt/gz_fuel_tools_vendor/lib:/opt/ros/jazzy/opt/gz_msgs_vendor/lib:/opt/ros/jazzy/opt/gz_common_vendor/lib:/opt/ros/jazzy/opt/gz_math_vendor/lib:/opt/ros/jazzy/opt/gz_utils_vendor/lib:/opt/ros/jazzy/opt/gz_tools_vendor/lib:/opt/ros/jazzy/opt/gz_ogre_next_vendor/lib:/opt/ros/jazzy/opt/gz_dartsim_vendor/lib:/opt/ros/jazzy/opt/gz_cmake_vendor/lib:/opt/ros/jazzy/lib PATH=/home/kaisar/warehouse_robot/robot/install/stage/bin:/home/kaisar/warehouse_robot/install/stage/bin:/opt/ros/jazzy/opt/gz_msgs_vendor/bin:/opt/ros/jazzy/opt/gz_tools_vendor/bin:/opt/ros/jazzy/opt/gz_ogre_next_vendor/bin:/opt/ros/jazzy/bin:/usr/local/sbin:/usr/local/bin:/usr/sbin:/usr/bin:/sbin:/bin:/usr/games:/usr/local/games:/snap/bin:/snap/bin PKG_CONFIG_PATH=/home/kaisar/warehouse_robot/robot/install/stage/lib/x86_64-linux-gnu/pkgconfig:/home/kaisar/warehouse_robot/robot/install/stage/lib/pkgconfig:/home/kaisar/warehouse_robot/install/stage/lib/x86_64-linux-gnu/pkgconfig:/home/kaisar/warehouse_robot/install/stage/lib/pkgconfig ROS_PACKAGE_PATH=/home/kaisar/warehouse_robot/robot/install/stage/share:/home/kaisar/warehouse_robot/install/stage/share /usr/bin/cmake --build /home/kaisar/warehouse_robot/robot/build/stage_ros2 -- -j12 -l12
[0.951s] DEBUG:colcon.colcon_core.event_handler.log_command:Invoking command in '/home/kaisar/warehouse_robot/robot/build/stage_ros2': CMAKE_PREFIX_PATH=/home/kaisar/warehouse_robot/robot/install/ros2_http_client:/home/kaisar/warehouse_robot/robot/install/robot_status:/home/kaisar/warehouse_robot/robot/install/robot_planner:/opt/ros/jazzy:/home/kaisar/warehouse_robot/robot/install/stage:/home/kaisar/warehouse_robot/robot/install/robot_launch:/home/kaisar/warehouse_robot/install/trp1_description:/home/kaisar/warehouse_robot/install/stage_ros2:/home/kaisar/warehouse_robot/install/stage:/home/kaisar/warehouse_robot/install/robot_msgs:/home/kaisar/warehouse_robot/install/nav2:/home/kaisar/warehouse_robot/robot/install/trp1_description:/home/kaisar/warehouse_robot/robot/install/stage_ros2:/home/kaisar/warehouse_robot/robot/install/robot_msgs:/home/kaisar/warehouse_robot/robot/install/nav2:/opt/ros/jazzy/opt/gz_sim_vendor:/opt/ros/jazzy/opt/gz_sensors_vendor:/opt/ros/jazzy/opt/gz_physics_vendor:/opt/ros/jazzy/opt/sdformat_vendor:/opt/ros/jazzy/opt/gz_gui_vendor:/opt/ros/jazzy/opt/gz_transport_vendor:/opt/ros/jazzy/opt/gz_rendering_vendor:/opt/ros/jazzy/opt/gz_plugin_vendor:/opt/ros/jazzy/opt/gz_fuel_tools_vendor:/opt/ros/jazzy/opt/gz_msgs_vendor:/opt/ros/jazzy/opt/gz_common_vendor:/opt/ros/jazzy/opt/gz_math_vendor:/opt/ros/jazzy/opt/gz_utils_vendor:/opt/ros/jazzy/opt/gz_tools_vendor:/opt/ros/jazzy/opt/gz_ogre_next_vendor:/opt/ros/jazzy/opt/gz_dartsim_vendor:/opt/ros/jazzy/opt/gz_cmake_vendor DEBUGINFOD_URLS=https://debuginfod.ubuntu.com LD_LIBRARY_PATH=/home/kaisar/warehouse_robot/robot/install/stage/lib:/home/kaisar/warehouse_robot/install/stage_ros2/lib:/home/kaisar/warehouse_robot/install/stage/lib:/home/kaisar/warehouse_robot/install/robot_msgs/lib:/home/kaisar/warehouse_robot/robot/install/stage_ros2/lib:/home/kaisar/warehouse_robot/robot/install/robot_msgs/lib:/opt/ros/jazzy/opt/gz_sim_vendor/lib:/opt/ros/jazzy/opt/gz_sensors_vendor/lib:/opt/ros/jazzy/opt/gz_physics_vendor/lib:/opt/ros/jazzy/opt/sdformat_vendor/lib:/opt/ros/jazzy/opt/rviz_ogre_vendor/lib:/opt/ros/jazzy/lib/x86_64-linux-gnu:/opt/ros/jazzy/opt/gz_gui_vendor/lib:/opt/ros/jazzy/opt/gz_transport_vendor/lib:/opt/ros/jazzy/opt/gz_rendering_vendor/lib:/opt/ros/jazzy/opt/gz_plugin_vendor/lib:/opt/ros/jazzy/opt/gz_fuel_tools_vendor/lib:/opt/ros/jazzy/opt/gz_msgs_vendor/lib:/opt/ros/jazzy/opt/gz_common_vendor/lib:/opt/ros/jazzy/opt/gz_math_vendor/lib:/opt/ros/jazzy/opt/gz_utils_vendor/lib:/opt/ros/jazzy/opt/gz_tools_vendor/lib:/opt/ros/jazzy/opt/gz_ogre_next_vendor/lib:/opt/ros/jazzy/opt/gz_dartsim_vendor/lib:/opt/ros/jazzy/opt/gz_cmake_vendor/lib:/opt/ros/jazzy/lib PATH=/home/kaisar/warehouse_robot/robot/install/stage/bin:/home/kaisar/warehouse_robot/install/stage/bin:/opt/ros/jazzy/opt/gz_msgs_vendor/bin:/opt/ros/jazzy/opt/gz_tools_vendor/bin:/opt/ros/jazzy/opt/gz_ogre_next_vendor/bin:/opt/ros/jazzy/bin:/usr/local/sbin:/usr/local/bin:/usr/sbin:/usr/bin:/sbin:/bin:/usr/games:/usr/local/games:/snap/bin:/snap/bin PKG_CONFIG_PATH=/home/kaisar/warehouse_robot/robot/install/stage/lib/x86_64-linux-gnu/pkgconfig:/home/kaisar/warehouse_robot/robot/install/stage/lib/pkgconfig:/home/kaisar/warehouse_robot/install/stage/lib/x86_64-linux-gnu/pkgconfig:/home/kaisar/warehouse_robot/install/stage/lib/pkgconfig ROS_PACKAGE_PATH=/home/kaisar/warehouse_robot/robot/install/stage/share:/home/kaisar/warehouse_robot/install/stage/share /usr/bin/cmake --install /home/kaisar/warehouse_robot/robot/build/stage_ros2
[1.008s] Level 1:colcon.colcon_core.environment:create_environment_scripts_only(stage_ros2)
[1.008s] Level 1:colcon.colcon_core.environment:checking '/home/kaisar/warehouse_robot/robot/install/stage_ros2' for CMake module files
[1.009s] DEBUG:colcon.colcon_core.event_handler.log_command:Invoked command in '/home/kaisar/warehouse_robot/robot/build/stage_ros2' returned '0': CMAKE_PREFIX_PATH=/home/kaisar/warehouse_robot/robot/install/ros2_http_client:/home/kaisar/warehouse_robot/robot/install/robot_status:/home/kaisar/warehouse_robot/robot/install/robot_planner:/opt/ros/jazzy:/home/kaisar/warehouse_robot/robot/install/stage:/home/kaisar/warehouse_robot/robot/install/robot_launch:/home/kaisar/warehouse_robot/install/trp1_description:/home/kaisar/warehouse_robot/install/stage_ros2:/home/kaisar/warehouse_robot/install/stage:/home/kaisar/warehouse_robot/install/robot_msgs:/home/kaisar/warehouse_robot/install/nav2:/home/kaisar/warehouse_robot/robot/install/trp1_description:/home/kaisar/warehouse_robot/robot/install/stage_ros2:/home/kaisar/warehouse_robot/robot/install/robot_msgs:/home/kaisar/warehouse_robot/robot/install/nav2:/opt/ros/jazzy/opt/gz_sim_vendor:/opt/ros/jazzy/opt/gz_sensors_vendor:/opt/ros/jazzy/opt/gz_physics_vendor:/opt/ros/jazzy/opt/sdformat_vendor:/opt/ros/jazzy/opt/gz_gui_vendor:/opt/ros/jazzy/opt/gz_transport_vendor:/opt/ros/jazzy/opt/gz_rendering_vendor:/opt/ros/jazzy/opt/gz_plugin_vendor:/opt/ros/jazzy/opt/gz_fuel_tools_vendor:/opt/ros/jazzy/opt/gz_msgs_vendor:/opt/ros/jazzy/opt/gz_common_vendor:/opt/ros/jazzy/opt/gz_math_vendor:/opt/ros/jazzy/opt/gz_utils_vendor:/opt/ros/jazzy/opt/gz_tools_vendor:/opt/ros/jazzy/opt/gz_ogre_next_vendor:/opt/ros/jazzy/opt/gz_dartsim_vendor:/opt/ros/jazzy/opt/gz_cmake_vendor DEBUGINFOD_URLS=https://debuginfod.ubuntu.com LD_LIBRARY_PATH=/home/kaisar/warehouse_robot/robot/install/stage/lib:/home/kaisar/warehouse_robot/install/stage_ros2/lib:/home/kaisar/warehouse_robot/install/stage/lib:/home/kaisar/warehouse_robot/install/robot_msgs/lib:/home/kaisar/warehouse_robot/robot/install/stage_ros2/lib:/home/kaisar/warehouse_robot/robot/install/robot_msgs/lib:/opt/ros/jazzy/opt/gz_sim_vendor/lib:/opt/ros/jazzy/opt/gz_sensors_vendor/lib:/opt/ros/jazzy/opt/gz_physics_vendor/lib:/opt/ros/jazzy/opt/sdformat_vendor/lib:/opt/ros/jazzy/opt/rviz_ogre_vendor/lib:/opt/ros/jazzy/lib/x86_64-linux-gnu:/opt/ros/jazzy/opt/gz_gui_vendor/lib:/opt/ros/jazzy/opt/gz_transport_vendor/lib:/opt/ros/jazzy/opt/gz_rendering_vendor/lib:/opt/ros/jazzy/opt/gz_plugin_vendor/lib:/opt/ros/jazzy/opt/gz_fuel_tools_vendor/lib:/opt/ros/jazzy/opt/gz_msgs_vendor/lib:/opt/ros/jazzy/opt/gz_common_vendor/lib:/opt/ros/jazzy/opt/gz_math_vendor/lib:/opt/ros/jazzy/opt/gz_utils_vendor/lib:/opt/ros/jazzy/opt/gz_tools_vendor/lib:/opt/ros/jazzy/opt/gz_ogre_next_vendor/lib:/opt/ros/jazzy/opt/gz_dartsim_vendor/lib:/opt/ros/jazzy/opt/gz_cmake_vendor/lib:/opt/ros/jazzy/lib PATH=/home/kaisar/warehouse_robot/robot/install/stage/bin:/home/kaisar/warehouse_robot/install/stage/bin:/opt/ros/jazzy/opt/gz_msgs_vendor/bin:/opt/ros/jazzy/opt/gz_tools_vendor/bin:/opt/ros/jazzy/opt/gz_ogre_next_vendor/bin:/opt/ros/jazzy/bin:/usr/local/sbin:/usr/local/bin:/usr/sbin:/usr/bin:/sbin:/bin:/usr/games:/usr/local/games:/snap/bin:/snap/bin PKG_CONFIG_PATH=/home/kaisar/warehouse_robot/robot/install/stage/lib/x86_64-linux-gnu/pkgconfig:/home/kaisar/warehouse_robot/robot/install/stage/lib/pkgconfig:/home/kaisar/warehouse_robot/install/stage/lib/x86_64-linux-gnu/pkgconfig:/home/kaisar/warehouse_robot/install/stage/lib/pkgconfig ROS_PACKAGE_PATH=/home/kaisar/warehouse_robot/robot/install/stage/share:/home/kaisar/warehouse_robot/install/stage/share /usr/bin/cmake --install /home/kaisar/warehouse_robot/robot/build/stage_ros2
[1.009s] Level 1:colcon.colcon_core.environment:checking '/home/kaisar/warehouse_robot/robot/install/stage_ros2' for CMake config files
[1.010s] Level 1:colcon.colcon_core.shell:create_environment_hook('stage_ros2', 'cmake_prefix_path')
[1.010s] INFO:colcon.colcon_core.shell:Creating environment hook '/home/kaisar/warehouse_robot/robot/install/stage_ros2/share/stage_ros2/hook/cmake_prefix_path.ps1'
[1.011s] INFO:colcon.colcon_core.shell:Creating environment descriptor '/home/kaisar/warehouse_robot/robot/install/stage_ros2/share/stage_ros2/hook/cmake_prefix_path.dsv'
[1.011s] INFO:colcon.colcon_core.shell:Creating environment hook '/home/kaisar/warehouse_robot/robot/install/stage_ros2/share/stage_ros2/hook/cmake_prefix_path.sh'
[1.011s] Level 1:colcon.colcon_core.environment:checking '/home/kaisar/warehouse_robot/robot/install/stage_ros2/lib'
[1.012s] Level 1:colcon.colcon_core.shell:create_environment_hook('stage_ros2', 'ld_library_path_lib')
[1.012s] INFO:colcon.colcon_core.shell:Creating environment hook '/home/kaisar/warehouse_robot/robot/install/stage_ros2/share/stage_ros2/hook/ld_library_path_lib.ps1'
[1.012s] INFO:colcon.colcon_core.shell:Creating environment descriptor '/home/kaisar/warehouse_robot/robot/install/stage_ros2/share/stage_ros2/hook/ld_library_path_lib.dsv'
[1.012s] INFO:colcon.colcon_core.shell:Creating environment hook '/home/kaisar/warehouse_robot/robot/install/stage_ros2/share/stage_ros2/hook/ld_library_path_lib.sh'
[1.013s] Level 1:colcon.colcon_core.environment:checking '/home/kaisar/warehouse_robot/robot/install/stage_ros2/bin'
[1.013s] Level 1:colcon.colcon_core.environment:checking '/home/kaisar/warehouse_robot/robot/install/stage_ros2/lib/pkgconfig/stage_ros2.pc'
[1.013s] Level 1:colcon.colcon_core.environment:checking '/home/kaisar/warehouse_robot/robot/install/stage_ros2/lib/python3.12/site-packages'
[1.013s] Level 1:colcon.colcon_core.environment:checking '/home/kaisar/warehouse_robot/robot/install/stage_ros2/bin'
[1.014s] INFO:colcon.colcon_core.shell:Creating package script '/home/kaisar/warehouse_robot/robot/install/stage_ros2/share/stage_ros2/package.ps1'
[1.014s] INFO:colcon.colcon_core.shell:Creating package descriptor '/home/kaisar/warehouse_robot/robot/install/stage_ros2/share/stage_ros2/package.dsv'
[1.015s] INFO:colcon.colcon_core.shell:Creating package script '/home/kaisar/warehouse_robot/robot/install/stage_ros2/share/stage_ros2/package.sh'
[1.015s] INFO:colcon.colcon_core.shell:Creating package script '/home/kaisar/warehouse_robot/robot/install/stage_ros2/share/stage_ros2/package.bash'
[1.015s] INFO:colcon.colcon_core.shell:Creating package script '/home/kaisar/warehouse_robot/robot/install/stage_ros2/share/stage_ros2/package.zsh'
[1.016s] Level 1:colcon.colcon_core.environment:create_file_with_runtime_dependencies(/home/kaisar/warehouse_robot/robot/install/stage_ros2/share/colcon-core/packages/stage_ros2)
[1.016s] Level 1:colcon.colcon_core.environment:create_environment_scripts_only(stage_ros2)
[1.016s] Level 1:colcon.colcon_core.environment:checking '/home/kaisar/warehouse_robot/robot/install/stage_ros2' for CMake module files
[1.017s] Level 1:colcon.colcon_core.environment:checking '/home/kaisar/warehouse_robot/robot/install/stage_ros2' for CMake config files
[1.018s] Level 1:colcon.colcon_core.shell:create_environment_hook('stage_ros2', 'cmake_prefix_path')
[1.018s] INFO:colcon.colcon_core.shell:Creating environment hook '/home/kaisar/warehouse_robot/robot/install/stage_ros2/share/stage_ros2/hook/cmake_prefix_path.ps1'
[1.019s] INFO:colcon.colcon_core.shell:Creating environment descriptor '/home/kaisar/warehouse_robot/robot/install/stage_ros2/share/stage_ros2/hook/cmake_prefix_path.dsv'
[1.019s] INFO:colcon.colcon_core.shell:Creating environment hook '/home/kaisar/warehouse_robot/robot/install/stage_ros2/share/stage_ros2/hook/cmake_prefix_path.sh'
[1.020s] Level 1:colcon.colcon_core.environment:checking '/home/kaisar/warehouse_robot/robot/install/stage_ros2/lib'
[1.020s] Level 1:colcon.colcon_core.shell:create_environment_hook('stage_ros2', 'ld_library_path_lib')
[1.020s] INFO:colcon.colcon_core.shell:Creating environment hook '/home/kaisar/warehouse_robot/robot/install/stage_ros2/share/stage_ros2/hook/ld_library_path_lib.ps1'
[1.021s] INFO:colcon.colcon_core.shell:Creating environment descriptor '/home/kaisar/warehouse_robot/robot/install/stage_ros2/share/stage_ros2/hook/ld_library_path_lib.dsv'
[1.021s] INFO:colcon.colcon_core.shell:Creating environment hook '/home/kaisar/warehouse_robot/robot/install/stage_ros2/share/stage_ros2/hook/ld_library_path_lib.sh'
[1.022s] Level 1:colcon.colcon_core.environment:checking '/home/kaisar/warehouse_robot/robot/install/stage_ros2/bin'
[1.022s] Level 1:colcon.colcon_core.environment:checking '/home/kaisar/warehouse_robot/robot/install/stage_ros2/lib/pkgconfig/stage_ros2.pc'
[1.022s] Level 1:colcon.colcon_core.environment:checking '/home/kaisar/warehouse_robot/robot/install/stage_ros2/lib/python3.12/site-packages'
[1.022s] Level 1:colcon.colcon_core.environment:checking '/home/kaisar/warehouse_robot/robot/install/stage_ros2/bin'
[1.022s] INFO:colcon.colcon_core.shell:Creating package script '/home/kaisar/warehouse_robot/robot/install/stage_ros2/share/stage_ros2/package.ps1'
[1.023s] INFO:colcon.colcon_core.shell:Creating package descriptor '/home/kaisar/warehouse_robot/robot/install/stage_ros2/share/stage_ros2/package.dsv'
[1.023s] INFO:colcon.colcon_core.shell:Creating package script '/home/kaisar/warehouse_robot/robot/install/stage_ros2/share/stage_ros2/package.sh'
[1.024s] INFO:colcon.colcon_core.shell:Creating package script '/home/kaisar/warehouse_robot/robot/install/stage_ros2/share/stage_ros2/package.bash'
[1.024s] INFO:colcon.colcon_core.shell:Creating package script '/home/kaisar/warehouse_robot/robot/install/stage_ros2/share/stage_ros2/package.zsh'
[1.024s] Level 1:colcon.colcon_core.environment:create_file_with_runtime_dependencies(/home/kaisar/warehouse_robot/robot/install/stage_ros2/share/colcon-core/packages/stage_ros2)
[1.102s] DEBUG:colcon.colcon_core.event_handler.log_command:Invoked command in '/home/kaisar/warehouse_robot/robot/build/robot_msgs' returned '0': CMAKE_PREFIX_PATH=/home/kaisar/warehouse_robot/robot/install/robot_launch:/home/kaisar/warehouse_robot/install/trp1_description:/home/kaisar/warehouse_robot/install/stage_ros2:/home/kaisar/warehouse_robot/install/stage:/home/kaisar/warehouse_robot/install/robot_msgs:/home/kaisar/warehouse_robot/install/nav2:/home/kaisar/warehouse_robot/robot/install/trp1_description:/home/kaisar/warehouse_robot/robot/install/stage_ros2:/home/kaisar/warehouse_robot/robot/install/ros2_http_client:/home/kaisar/warehouse_robot/robot/install/robot_status:/home/kaisar/warehouse_robot/robot/install/robot_planner:/opt/ros/jazzy:/home/kaisar/warehouse_robot/robot/install/stage:/home/kaisar/warehouse_robot/robot/install/robot_msgs:/home/kaisar/warehouse_robot/robot/install/nav2:/opt/ros/jazzy/opt/gz_sim_vendor:/opt/ros/jazzy/opt/gz_sensors_vendor:/opt/ros/jazzy/opt/gz_physics_vendor:/opt/ros/jazzy/opt/sdformat_vendor:/opt/ros/jazzy/opt/gz_gui_vendor:/opt/ros/jazzy/opt/gz_transport_vendor:/opt/ros/jazzy/opt/gz_rendering_vendor:/opt/ros/jazzy/opt/gz_plugin_vendor:/opt/ros/jazzy/opt/gz_fuel_tools_vendor:/opt/ros/jazzy/opt/gz_msgs_vendor:/opt/ros/jazzy/opt/gz_common_vendor:/opt/ros/jazzy/opt/gz_math_vendor:/opt/ros/jazzy/opt/gz_utils_vendor:/opt/ros/jazzy/opt/gz_tools_vendor:/opt/ros/jazzy/opt/gz_ogre_next_vendor:/opt/ros/jazzy/opt/gz_dartsim_vendor:/opt/ros/jazzy/opt/gz_cmake_vendor DEBUGINFOD_URLS=https://debuginfod.ubuntu.com /usr/bin/cmake --build /home/kaisar/warehouse_robot/robot/build/robot_msgs -- -j12 -l12
[1.103s] DEBUG:colcon.colcon_core.event_handler.log_command:Invoking command in '/home/kaisar/warehouse_robot/robot/build/robot_msgs': CMAKE_PREFIX_PATH=/home/kaisar/warehouse_robot/robot/install/robot_launch:/home/kaisar/warehouse_robot/install/trp1_description:/home/kaisar/warehouse_robot/install/stage_ros2:/home/kaisar/warehouse_robot/install/stage:/home/kaisar/warehouse_robot/install/robot_msgs:/home/kaisar/warehouse_robot/install/nav2:/home/kaisar/warehouse_robot/robot/install/trp1_description:/home/kaisar/warehouse_robot/robot/install/stage_ros2:/home/kaisar/warehouse_robot/robot/install/ros2_http_client:/home/kaisar/warehouse_robot/robot/install/robot_status:/home/kaisar/warehouse_robot/robot/install/robot_planner:/opt/ros/jazzy:/home/kaisar/warehouse_robot/robot/install/stage:/home/kaisar/warehouse_robot/robot/install/robot_msgs:/home/kaisar/warehouse_robot/robot/install/nav2:/opt/ros/jazzy/opt/gz_sim_vendor:/opt/ros/jazzy/opt/gz_sensors_vendor:/opt/ros/jazzy/opt/gz_physics_vendor:/opt/ros/jazzy/opt/sdformat_vendor:/opt/ros/jazzy/opt/gz_gui_vendor:/opt/ros/jazzy/opt/gz_transport_vendor:/opt/ros/jazzy/opt/gz_rendering_vendor:/opt/ros/jazzy/opt/gz_plugin_vendor:/opt/ros/jazzy/opt/gz_fuel_tools_vendor:/opt/ros/jazzy/opt/gz_msgs_vendor:/opt/ros/jazzy/opt/gz_common_vendor:/opt/ros/jazzy/opt/gz_math_vendor:/opt/ros/jazzy/opt/gz_utils_vendor:/opt/ros/jazzy/opt/gz_tools_vendor:/opt/ros/jazzy/opt/gz_ogre_next_vendor:/opt/ros/jazzy/opt/gz_dartsim_vendor:/opt/ros/jazzy/opt/gz_cmake_vendor DEBUGINFOD_URLS=https://debuginfod.ubuntu.com /usr/bin/cmake --install /home/kaisar/warehouse_robot/robot/build/robot_msgs
[1.216s] Level 1:colcon.colcon_core.environment:create_environment_scripts_only(robot_msgs)
[1.216s] Level 1:colcon.colcon_core.environment:checking '/home/kaisar/warehouse_robot/robot/install/robot_msgs' for CMake module files
[1.217s] DEBUG:colcon.colcon_core.event_handler.log_command:Invoked command in '/home/kaisar/warehouse_robot/robot/build/robot_msgs' returned '0': CMAKE_PREFIX_PATH=/home/kaisar/warehouse_robot/robot/install/robot_launch:/home/kaisar/warehouse_robot/install/trp1_description:/home/kaisar/warehouse_robot/install/stage_ros2:/home/kaisar/warehouse_robot/install/stage:/home/kaisar/warehouse_robot/install/robot_msgs:/home/kaisar/warehouse_robot/install/nav2:/home/kaisar/warehouse_robot/robot/install/trp1_description:/home/kaisar/warehouse_robot/robot/install/stage_ros2:/home/kaisar/warehouse_robot/robot/install/ros2_http_client:/home/kaisar/warehouse_robot/robot/install/robot_status:/home/kaisar/warehouse_robot/robot/install/robot_planner:/opt/ros/jazzy:/home/kaisar/warehouse_robot/robot/install/stage:/home/kaisar/warehouse_robot/robot/install/robot_msgs:/home/kaisar/warehouse_robot/robot/install/nav2:/opt/ros/jazzy/opt/gz_sim_vendor:/opt/ros/jazzy/opt/gz_sensors_vendor:/opt/ros/jazzy/opt/gz_physics_vendor:/opt/ros/jazzy/opt/sdformat_vendor:/opt/ros/jazzy/opt/gz_gui_vendor:/opt/ros/jazzy/opt/gz_transport_vendor:/opt/ros/jazzy/opt/gz_rendering_vendor:/opt/ros/jazzy/opt/gz_plugin_vendor:/opt/ros/jazzy/opt/gz_fuel_tools_vendor:/opt/ros/jazzy/opt/gz_msgs_vendor:/opt/ros/jazzy/opt/gz_common_vendor:/opt/ros/jazzy/opt/gz_math_vendor:/opt/ros/jazzy/opt/gz_utils_vendor:/opt/ros/jazzy/opt/gz_tools_vendor:/opt/ros/jazzy/opt/gz_ogre_next_vendor:/opt/ros/jazzy/opt/gz_dartsim_vendor:/opt/ros/jazzy/opt/gz_cmake_vendor DEBUGINFOD_URLS=https://debuginfod.ubuntu.com /usr/bin/cmake --install /home/kaisar/warehouse_robot/robot/build/robot_msgs
[1.217s] Level 1:colcon.colcon_core.environment:checking '/home/kaisar/warehouse_robot/robot/install/robot_msgs' for CMake config files
[1.218s] Level 1:colcon.colcon_core.shell:create_environment_hook('robot_msgs', 'cmake_prefix_path')
[1.218s] INFO:colcon.colcon_core.shell:Creating environment hook '/home/kaisar/warehouse_robot/robot/install/robot_msgs/share/robot_msgs/hook/cmake_prefix_path.ps1'
[1.219s] INFO:colcon.colcon_core.shell:Creating environment descriptor '/home/kaisar/warehouse_robot/robot/install/robot_msgs/share/robot_msgs/hook/cmake_prefix_path.dsv'
[1.219s] INFO:colcon.colcon_core.shell:Creating environment hook '/home/kaisar/warehouse_robot/robot/install/robot_msgs/share/robot_msgs/hook/cmake_prefix_path.sh'
[1.219s] Level 1:colcon.colcon_core.environment:checking '/home/kaisar/warehouse_robot/robot/install/robot_msgs/lib'
[1.219s] Level 1:colcon.colcon_core.shell:create_environment_hook('robot_msgs', 'ld_library_path_lib')
[1.220s] INFO:colcon.colcon_core.shell:Creating environment hook '/home/kaisar/warehouse_robot/robot/install/robot_msgs/share/robot_msgs/hook/ld_library_path_lib.ps1'
[1.220s] INFO:colcon.colcon_core.shell:Creating environment descriptor '/home/kaisar/warehouse_robot/robot/install/robot_msgs/share/robot_msgs/hook/ld_library_path_lib.dsv'
[1.220s] INFO:colcon.colcon_core.shell:Creating environment hook '/home/kaisar/warehouse_robot/robot/install/robot_msgs/share/robot_msgs/hook/ld_library_path_lib.sh'
[1.220s] Level 1:colcon.colcon_core.environment:checking '/home/kaisar/warehouse_robot/robot/install/robot_msgs/bin'
[1.221s] Level 1:colcon.colcon_core.environment:checking '/home/kaisar/warehouse_robot/robot/install/robot_msgs/lib/pkgconfig/robot_msgs.pc'
[1.221s] Level 1:colcon.colcon_core.environment:checking '/home/kaisar/warehouse_robot/robot/install/robot_msgs/lib/python3.12/site-packages'
[1.221s] Level 1:colcon.colcon_core.shell:create_environment_hook('robot_msgs', 'pythonpath')
[1.221s] INFO:colcon.colcon_core.shell:Creating environment hook '/home/kaisar/warehouse_robot/robot/install/robot_msgs/share/robot_msgs/hook/pythonpath.ps1'
[1.221s] INFO:colcon.colcon_core.shell:Creating environment descriptor '/home/kaisar/warehouse_robot/robot/install/robot_msgs/share/robot_msgs/hook/pythonpath.dsv'
[1.222s] INFO:colcon.colcon_core.shell:Creating environment hook '/home/kaisar/warehouse_robot/robot/install/robot_msgs/share/robot_msgs/hook/pythonpath.sh'
[1.222s] Level 1:colcon.colcon_core.environment:checking '/home/kaisar/warehouse_robot/robot/install/robot_msgs/bin'
[1.222s] INFO:colcon.colcon_core.shell:Creating package script '/home/kaisar/warehouse_robot/robot/install/robot_msgs/share/robot_msgs/package.ps1'
[1.223s] INFO:colcon.colcon_core.shell:Creating package descriptor '/home/kaisar/warehouse_robot/robot/install/robot_msgs/share/robot_msgs/package.dsv'
[1.223s] INFO:colcon.colcon_core.shell:Creating package script '/home/kaisar/warehouse_robot/robot/install/robot_msgs/share/robot_msgs/package.sh'
[1.224s] INFO:colcon.colcon_core.shell:Creating package script '/home/kaisar/warehouse_robot/robot/install/robot_msgs/share/robot_msgs/package.bash'
[1.224s] INFO:colcon.colcon_core.shell:Creating package script '/home/kaisar/warehouse_robot/robot/install/robot_msgs/share/robot_msgs/package.zsh'
[1.224s] Level 1:colcon.colcon_core.environment:create_file_with_runtime_dependencies(/home/kaisar/warehouse_robot/robot/install/robot_msgs/share/colcon-core/packages/robot_msgs)
[1.225s] Level 1:colcon.colcon_core.environment:create_environment_scripts_only(robot_msgs)
[1.225s] Level 1:colcon.colcon_core.environment:checking '/home/kaisar/warehouse_robot/robot/install/robot_msgs' for CMake module files
[1.225s] Level 1:colcon.colcon_core.environment:checking '/home/kaisar/warehouse_robot/robot/install/robot_msgs' for CMake config files
[1.226s] Level 1:colcon.colcon_core.shell:create_environment_hook('robot_msgs', 'cmake_prefix_path')
[1.226s] INFO:colcon.colcon_core.shell:Creating environment hook '/home/kaisar/warehouse_robot/robot/install/robot_msgs/share/robot_msgs/hook/cmake_prefix_path.ps1'
[1.227s] INFO:colcon.colcon_core.shell:Creating environment descriptor '/home/kaisar/warehouse_robot/robot/install/robot_msgs/share/robot_msgs/hook/cmake_prefix_path.dsv'
[1.227s] INFO:colcon.colcon_core.shell:Creating environment hook '/home/kaisar/warehouse_robot/robot/install/robot_msgs/share/robot_msgs/hook/cmake_prefix_path.sh'
[1.227s] Level 1:colcon.colcon_core.environment:checking '/home/kaisar/warehouse_robot/robot/install/robot_msgs/lib'
[1.227s] Level 1:colcon.colcon_core.shell:create_environment_hook('robot_msgs', 'ld_library_path_lib')
[1.228s] INFO:colcon.colcon_core.shell:Creating environment hook '/home/kaisar/warehouse_robot/robot/install/robot_msgs/share/robot_msgs/hook/ld_library_path_lib.ps1'
[1.228s] INFO:colcon.colcon_core.shell:Creating environment descriptor '/home/kaisar/warehouse_robot/robot/install/robot_msgs/share/robot_msgs/hook/ld_library_path_lib.dsv'
[1.228s] INFO:colcon.colcon_core.shell:Creating environment hook '/home/kaisar/warehouse_robot/robot/install/robot_msgs/share/robot_msgs/hook/ld_library_path_lib.sh'
[1.229s] Level 1:colcon.colcon_core.environment:checking '/home/kaisar/warehouse_robot/robot/install/robot_msgs/bin'
[1.229s] Level 1:colcon.colcon_core.environment:checking '/home/kaisar/warehouse_robot/robot/install/robot_msgs/lib/pkgconfig/robot_msgs.pc'
[1.229s] Level 1:colcon.colcon_core.environment:checking '/home/kaisar/warehouse_robot/robot/install/robot_msgs/lib/python3.12/site-packages'
[1.229s] Level 1:colcon.colcon_core.shell:create_environment_hook('robot_msgs', 'pythonpath')
[1.229s] INFO:colcon.colcon_core.shell:Creating environment hook '/home/kaisar/warehouse_robot/robot/install/robot_msgs/share/robot_msgs/hook/pythonpath.ps1'
[1.230s] INFO:colcon.colcon_core.shell:Creating environment descriptor '/home/kaisar/warehouse_robot/robot/install/robot_msgs/share/robot_msgs/hook/pythonpath.dsv'
[1.230s] INFO:colcon.colcon_core.shell:Creating environment hook '/home/kaisar/warehouse_robot/robot/install/robot_msgs/share/robot_msgs/hook/pythonpath.sh'
[1.231s] Level 1:colcon.colcon_core.environment:checking '/home/kaisar/warehouse_robot/robot/install/robot_msgs/bin'
[1.231s] INFO:colcon.colcon_core.shell:Creating package script '/home/kaisar/warehouse_robot/robot/install/robot_msgs/share/robot_msgs/package.ps1'
[1.233s] INFO:colcon.colcon_core.shell:Creating package descriptor '/home/kaisar/warehouse_robot/robot/install/robot_msgs/share/robot_msgs/package.dsv'
[1.233s] INFO:colcon.colcon_core.shell:Creating package script '/home/kaisar/warehouse_robot/robot/install/robot_msgs/share/robot_msgs/package.sh'
[1.234s] INFO:colcon.colcon_core.shell:Creating package script '/home/kaisar/warehouse_robot/robot/install/robot_msgs/share/robot_msgs/package.bash'
[1.234s] INFO:colcon.colcon_core.shell:Creating package script '/home/kaisar/warehouse_robot/robot/install/robot_msgs/share/robot_msgs/package.zsh'
[1.234s] Level 1:colcon.colcon_core.environment:create_file_with_runtime_dependencies(/home/kaisar/warehouse_robot/robot/install/robot_msgs/share/colcon-core/packages/robot_msgs)
[1.234s] INFO:colcon.colcon_ros.task.ament_python.build:Building ROS package in '/home/kaisar/warehouse_robot/robot/ws/src/robot_planner' with build type 'ament_python'
[1.235s] Level 1:colcon.colcon_core.shell:create_environment_hook('robot_planner', 'ament_prefix_path')
[1.235s] INFO:colcon.colcon_core.shell:Creating environment hook '/home/kaisar/warehouse_robot/robot/install/robot_planner/share/robot_planner/hook/ament_prefix_path.ps1'
[1.236s] INFO:colcon.colcon_core.shell:Creating environment descriptor '/home/kaisar/warehouse_robot/robot/install/robot_planner/share/robot_planner/hook/ament_prefix_path.dsv'
[1.236s] INFO:colcon.colcon_core.shell:Creating environment hook '/home/kaisar/warehouse_robot/robot/install/robot_planner/share/robot_planner/hook/ament_prefix_path.sh'
[1.237s] INFO:colcon.colcon_core.shell:Skip shell extension 'powershell' for command environment: Not usable outside of PowerShell
[1.237s] DEBUG:colcon.colcon_core.shell:Skip shell extension 'dsv' for command environment
[1.537s] INFO:colcon.colcon_core.task.python.build:Building Python package in '/home/kaisar/warehouse_robot/robot/ws/src/robot_planner'
[1.537s] INFO:colcon.colcon_core.shell:Skip shell extension 'powershell' for command environment: Not usable outside of PowerShell
[1.537s] DEBUG:colcon.colcon_core.shell:Skip shell extension 'dsv' for command environment
[2.407s] DEBUG:colcon.colcon_core.task.python.build:While undoing a previous installation files outside the Python library path are being ignored: /home/kaisar/warehouse_robot/robot/install/robot_planner/share/ament_index/resource_index/packages/robot_planner
[2.407s] DEBUG:colcon.colcon_core.task.python.build:While undoing a previous installation files outside the Python library path are being ignored: /home/kaisar/warehouse_robot/robot/install/robot_planner/share/robot_planner/package.xml
[2.407s] DEBUG:colcon.colcon_core.task.python.build:While undoing a previous installation files outside the Python library path are being ignored: /home/kaisar/warehouse_robot/robot/install/robot_planner/lib/robot_planner/route_node
[2.409s] DEBUG:colcon.colcon_core.event_handler.log_command:Invoking command in '/home/kaisar/warehouse_robot/robot/build/robot_planner': CMAKE_PREFIX_PATH=/home/kaisar/warehouse_robot/robot/install/robot_msgs:/home/kaisar/warehouse_robot/robot/install/robot_launch:/home/kaisar/warehouse_robot/install/trp1_description:/home/kaisar/warehouse_robot/install/stage_ros2:/home/kaisar/warehouse_robot/install/stage:/home/kaisar/warehouse_robot/install/robot_msgs:/home/kaisar/warehouse_robot/install/nav2:/home/kaisar/warehouse_robot/robot/install/trp1_description:/home/kaisar/warehouse_robot/robot/install/stage_ros2:/home/kaisar/warehouse_robot/robot/install/stage:/home/kaisar/warehouse_robot/robot/install/nav2:/opt/ros/jazzy/opt/gz_sim_vendor:/opt/ros/jazzy/opt/gz_sensors_vendor:/opt/ros/jazzy/opt/gz_physics_vendor:/opt/ros/jazzy/opt/sdformat_vendor:/opt/ros/jazzy/opt/gz_gui_vendor:/opt/ros/jazzy/opt/gz_transport_vendor:/opt/ros/jazzy/opt/gz_rendering_vendor:/opt/ros/jazzy/opt/gz_plugin_vendor:/opt/ros/jazzy/opt/gz_fuel_tools_vendor:/opt/ros/jazzy/opt/gz_msgs_vendor:/opt/ros/jazzy/opt/gz_common_vendor:/opt/ros/jazzy/opt/gz_math_vendor:/opt/ros/jazzy/opt/gz_utils_vendor:/opt/ros/jazzy/opt/gz_tools_vendor:/opt/ros/jazzy/opt/gz_ogre_next_vendor:/opt/ros/jazzy/opt/gz_dartsim_vendor:/opt/ros/jazzy/opt/gz_cmake_vendor DEBUGINFOD_URLS=https://debuginfod.ubuntu.com LD_LIBRARY_PATH=/home/kaisar/warehouse_robot/robot/install/robot_msgs/lib:/home/kaisar/warehouse_robot/install/stage_ros2/lib:/home/kaisar/warehouse_robot/install/stage/lib:/home/kaisar/warehouse_robot/install/robot_msgs/lib:/home/kaisar/warehouse_robot/robot/install/stage_ros2/lib:/home/kaisar/warehouse_robot/robot/install/stage/lib:/opt/ros/jazzy/opt/gz_sim_vendor/lib:/opt/ros/jazzy/opt/gz_sensors_vendor/lib:/opt/ros/jazzy/opt/gz_physics_vendor/lib:/opt/ros/jazzy/opt/sdformat_vendor/lib:/opt/ros/jazzy/opt/rviz_ogre_vendor/lib:/opt/ros/jazzy/lib/x86_64-linux-gnu:/opt/ros/jazzy/opt/gz_gui_vendor/lib:/opt/ros/jazzy/opt/gz_transport_vendor/lib:/opt/ros/jazzy/opt/gz_rendering_vendor/lib:/opt/ros/jazzy/opt/gz_plugin_vendor/lib:/opt/ros/jazzy/opt/gz_fuel_tools_vendor/lib:/opt/ros/jazzy/opt/gz_msgs_vendor/lib:/opt/ros/jazzy/opt/gz_common_vendor/lib:/opt/ros/jazzy/opt/gz_math_vendor/lib:/opt/ros/jazzy/opt/gz_utils_vendor/lib:/opt/ros/jazzy/opt/gz_tools_vendor/lib:/opt/ros/jazzy/opt/gz_ogre_next_vendor/lib:/opt/ros/jazzy/opt/gz_dartsim_vendor/lib:/opt/ros/jazzy/opt/gz_cmake_vendor/lib:/opt/ros/jazzy/lib PYTHONPATH=/home/kaisar/warehouse_robot/robot/build/robot_planner/prefix_override:/usr/lib/python3/dist-packages/colcon_core/task/python/colcon_distutils_commands:/home/kaisar/warehouse_robot/robot/install/robot_planner/lib/python3.12/site-packages:/home/kaisar/warehouse_robot/robot/install/robot_msgs/lib/python3.12/site-packages:/home/kaisar/warehouse_robot/robot/build/ros2_http_client:/home/kaisar/warehouse_robot/robot/install/ros2_http_client/lib/python3.12/site-packages:/home/kaisar/warehouse_robot/robot/build/robot_status:/home/kaisar/warehouse_robot/robot/install/robot_status/lib/python3.12/site-packages:/home/kaisar/warehouse_robot/robot/build/robot_planner:/home/kaisar/warehouse_robot/robot/install/robot_planner/lib/python3.12/site-packages:/home/kaisar/warehouse_robot/install/robot_msgs/lib/python3.12/site-packages:/opt/ros/jazzy/lib/python/site-packages:/opt/ros/jazzy/lib/python3.12/site-packages /usr/bin/python3 -W ignore:setup.py install is deprecated -W ignore:easy_install command is deprecated setup.py develop --editable --build-directory /home/kaisar/warehouse_robot/robot/build/robot_planner/build --no-deps symlink_data --force
[3.470s] Level 1:colcon.colcon_core.shell:create_environment_hook('robot_planner', 'pythonpath_develop')
[3.471s] INFO:colcon.colcon_core.shell:Creating environment hook '/home/kaisar/warehouse_robot/robot/build/robot_planner/share/robot_planner/hook/pythonpath_develop.ps1'
[3.471s] INFO:colcon.colcon_core.shell:Creating environment descriptor '/home/kaisar/warehouse_robot/robot/build/robot_planner/share/robot_planner/hook/pythonpath_develop.dsv'
[3.472s] INFO:colcon.colcon_core.shell:Creating environment hook '/home/kaisar/warehouse_robot/robot/build/robot_planner/share/robot_planner/hook/pythonpath_develop.sh'
[3.472s] DEBUG:colcon.colcon_core.event_handler.log_command:Invoked command in '/home/kaisar/warehouse_robot/robot/build/robot_planner' returned '0': CMAKE_PREFIX_PATH=/home/kaisar/warehouse_robot/robot/install/robot_msgs:/home/kaisar/warehouse_robot/robot/install/robot_launch:/home/kaisar/warehouse_robot/install/trp1_description:/home/kaisar/warehouse_robot/install/stage_ros2:/home/kaisar/warehouse_robot/install/stage:/home/kaisar/warehouse_robot/install/robot_msgs:/home/kaisar/warehouse_robot/install/nav2:/home/kaisar/warehouse_robot/robot/install/trp1_description:/home/kaisar/warehouse_robot/robot/install/stage_ros2:/home/kaisar/warehouse_robot/robot/install/stage:/home/kaisar/warehouse_robot/robot/install/nav2:/opt/ros/jazzy/opt/gz_sim_vendor:/opt/ros/jazzy/opt/gz_sensors_vendor:/opt/ros/jazzy/opt/gz_physics_vendor:/opt/ros/jazzy/opt/sdformat_vendor:/opt/ros/jazzy/opt/gz_gui_vendor:/opt/ros/jazzy/opt/gz_transport_vendor:/opt/ros/jazzy/opt/gz_rendering_vendor:/opt/ros/jazzy/opt/gz_plugin_vendor:/opt/ros/jazzy/opt/gz_fuel_tools_vendor:/opt/ros/jazzy/opt/gz_msgs_vendor:/opt/ros/jazzy/opt/gz_common_vendor:/opt/ros/jazzy/opt/gz_math_vendor:/opt/ros/jazzy/opt/gz_utils_vendor:/opt/ros/jazzy/opt/gz_tools_vendor:/opt/ros/jazzy/opt/gz_ogre_next_vendor:/opt/ros/jazzy/opt/gz_dartsim_vendor:/opt/ros/jazzy/opt/gz_cmake_vendor DEBUGINFOD_URLS=https://debuginfod.ubuntu.com LD_LIBRARY_PATH=/home/kaisar/warehouse_robot/robot/install/robot_msgs/lib:/home/kaisar/warehouse_robot/install/stage_ros2/lib:/home/kaisar/warehouse_robot/install/stage/lib:/home/kaisar/warehouse_robot/install/robot_msgs/lib:/home/kaisar/warehouse_robot/robot/install/stage_ros2/lib:/home/kaisar/warehouse_robot/robot/install/stage/lib:/opt/ros/jazzy/opt/gz_sim_vendor/lib:/opt/ros/jazzy/opt/gz_sensors_vendor/lib:/opt/ros/jazzy/opt/gz_physics_vendor/lib:/opt/ros/jazzy/opt/sdformat_vendor/lib:/opt/ros/jazzy/opt/rviz_ogre_vendor/lib:/opt/ros/jazzy/lib/x86_64-linux-gnu:/opt/ros/jazzy/opt/gz_gui_vendor/lib:/opt/ros/jazzy/opt/gz_transport_vendor/lib:/opt/ros/jazzy/opt/gz_rendering_vendor/lib:/opt/ros/jazzy/opt/gz_plugin_vendor/lib:/opt/ros/jazzy/opt/gz_fuel_tools_vendor/lib:/opt/ros/jazzy/opt/gz_msgs_vendor/lib:/opt/ros/jazzy/opt/gz_common_vendor/lib:/opt/ros/jazzy/opt/gz_math_vendor/lib:/opt/ros/jazzy/opt/gz_utils_vendor/lib:/opt/ros/jazzy/opt/gz_tools_vendor/lib:/opt/ros/jazzy/opt/gz_ogre_next_vendor/lib:/opt/ros/jazzy/opt/gz_dartsim_vendor/lib:/opt/ros/jazzy/opt/gz_cmake_vendor/lib:/opt/ros/jazzy/lib PYTHONPATH=/home/kaisar/warehouse_robot/robot/build/robot_planner/prefix_override:/usr/lib/python3/dist-packages/colcon_core/task/python/colcon_distutils_commands:/home/kaisar/warehouse_robot/robot/install/robot_planner/lib/python3.12/site-packages:/home/kaisar/warehouse_robot/robot/install/robot_msgs/lib/python3.12/site-packages:/home/kaisar/warehouse_robot/robot/build/ros2_http_client:/home/kaisar/warehouse_robot/robot/install/ros2_http_client/lib/python3.12/site-packages:/home/kaisar/warehouse_robot/robot/build/robot_status:/home/kaisar/warehouse_robot/robot/install/robot_status/lib/python3.12/site-packages:/home/kaisar/warehouse_robot/robot/build/robot_planner:/home/kaisar/warehouse_robot/robot/install/robot_planner/lib/python3.12/site-packages:/home/kaisar/warehouse_robot/install/robot_msgs/lib/python3.12/site-packages:/opt/ros/jazzy/lib/python/site-packages:/opt/ros/jazzy/lib/python3.12/site-packages /usr/bin/python3 -W ignore:setup.py install is deprecated -W ignore:easy_install command is deprecated setup.py develop --editable --build-directory /home/kaisar/warehouse_robot/robot/build/robot_planner/build --no-deps symlink_data --force
[3.473s] Level 1:colcon.colcon_core.environment:checking '/home/kaisar/warehouse_robot/robot/install/robot_planner' for CMake module files
[3.473s] Level 1:colcon.colcon_core.environment:checking '/home/kaisar/warehouse_robot/robot/install/robot_planner' for CMake config files
[3.474s] Level 1:colcon.colcon_core.environment:checking '/home/kaisar/warehouse_robot/robot/install/robot_planner/lib'
[3.474s] Level 1:colcon.colcon_core.environment:checking '/home/kaisar/warehouse_robot/robot/install/robot_planner/bin'
[3.474s] Level 1:colcon.colcon_core.environment:checking '/home/kaisar/warehouse_robot/robot/install/robot_planner/lib/pkgconfig/robot_planner.pc'
[3.474s] Level 1:colcon.colcon_core.environment:checking '/home/kaisar/warehouse_robot/robot/install/robot_planner/lib/python3.12/site-packages'
[3.475s] Level 1:colcon.colcon_core.shell:create_environment_hook('robot_planner', 'pythonpath')
[3.475s] INFO:colcon.colcon_core.shell:Creating environment hook '/home/kaisar/warehouse_robot/robot/install/robot_planner/share/robot_planner/hook/pythonpath.ps1'
[3.476s] INFO:colcon.colcon_core.shell:Creating environment descriptor '/home/kaisar/warehouse_robot/robot/install/robot_planner/share/robot_planner/hook/pythonpath.dsv'
[3.477s] INFO:colcon.colcon_core.shell:Creating environment hook '/home/kaisar/warehouse_robot/robot/install/robot_planner/share/robot_planner/hook/pythonpath.sh'
[3.478s] Level 1:colcon.colcon_core.environment:checking '/home/kaisar/warehouse_robot/robot/install/robot_planner/bin'
[3.478s] Level 1:colcon.colcon_core.environment:create_environment_scripts_only(robot_planner)
[3.478s] INFO:colcon.colcon_core.shell:Creating package script '/home/kaisar/warehouse_robot/robot/install/robot_planner/share/robot_planner/package.ps1'
[3.480s] INFO:colcon.colcon_core.shell:Creating package descriptor '/home/kaisar/warehouse_robot/robot/install/robot_planner/share/robot_planner/package.dsv'
[3.482s] INFO:colcon.colcon_core.shell:Creating package script '/home/kaisar/warehouse_robot/robot/install/robot_planner/share/robot_planner/package.sh'
[3.483s] INFO:colcon.colcon_core.shell:Creating package script '/home/kaisar/warehouse_robot/robot/install/robot_planner/share/robot_planner/package.bash'
[3.484s] INFO:colcon.colcon_core.shell:Creating package script '/home/kaisar/warehouse_robot/robot/install/robot_planner/share/robot_planner/package.zsh'
[3.485s] Level 1:colcon.colcon_core.environment:create_file_with_runtime_dependencies(/home/kaisar/warehouse_robot/robot/install/robot_planner/share/colcon-core/packages/robot_planner)
[3.486s] INFO:colcon.colcon_ros.task.ament_python.build:Building ROS package in '/home/kaisar/warehouse_robot/robot/ws/src/robot_status' with build type 'ament_python'
[3.486s] Level 1:colcon.colcon_core.shell:create_environment_hook('robot_status', 'ament_prefix_path')
[3.486s] INFO:colcon.colcon_core.shell:Creating environment hook '/home/kaisar/warehouse_robot/robot/install/robot_status/share/robot_status/hook/ament_prefix_path.ps1'
[3.488s] INFO:colcon.colcon_core.shell:Creating environment descriptor '/home/kaisar/warehouse_robot/robot/install/robot_status/share/robot_status/hook/ament_prefix_path.dsv'
[3.490s] INFO:colcon.colcon_core.shell:Creating environment hook '/home/kaisar/warehouse_robot/robot/install/robot_status/share/robot_status/hook/ament_prefix_path.sh'
[3.490s] INFO:colcon.colcon_core.shell:Skip shell extension 'powershell' for command environment: Not usable outside of PowerShell
[3.490s] DEBUG:colcon.colcon_core.shell:Skip shell extension 'dsv' for command environment
[3.497s] INFO:colcon.colcon_ros.task.ament_python.build:Building ROS package in '/home/kaisar/warehouse_robot/robot/ws/src/ros2_http_client' with build type 'ament_python'
[3.497s] Level 1:colcon.colcon_core.shell:create_environment_hook('ros2_http_client', 'ament_prefix_path')
[3.497s] INFO:colcon.colcon_core.shell:Creating environment hook '/home/kaisar/warehouse_robot/robot/install/ros2_http_client/share/ros2_http_client/hook/ament_prefix_path.ps1'
[3.498s] INFO:colcon.colcon_core.shell:Creating environment descriptor '/home/kaisar/warehouse_robot/robot/install/ros2_http_client/share/ros2_http_client/hook/ament_prefix_path.dsv'
[3.499s] INFO:colcon.colcon_core.shell:Creating environment hook '/home/kaisar/warehouse_robot/robot/install/ros2_http_client/share/ros2_http_client/hook/ament_prefix_path.sh'
[3.500s] INFO:colcon.colcon_core.shell:Skip shell extension 'powershell' for command environment: Not usable outside of PowerShell
[3.500s] DEBUG:colcon.colcon_core.shell:Skip shell extension 'dsv' for command environment
[3.854s] INFO:colcon.colcon_core.task.python.build:Building Python package in '/home/kaisar/warehouse_robot/robot/ws/src/robot_status'
[3.855s] INFO:colcon.colcon_core.shell:Skip shell extension 'powershell' for command environment: Not usable outside of PowerShell
[3.855s] DEBUG:colcon.colcon_core.shell:Skip shell extension 'dsv' for command environment
[4.181s] INFO:colcon.colcon_core.task.python.build:Building Python package in '/home/kaisar/warehouse_robot/robot/ws/src/ros2_http_client'
[4.181s] INFO:colcon.colcon_core.shell:Skip shell extension 'powershell' for command environment: Not usable outside of PowerShell
[4.181s] DEBUG:colcon.colcon_core.shell:Skip shell extension 'dsv' for command environment
[5.060s] DEBUG:colcon.colcon_core.task.python.build:While undoing a previous installation files outside the Python library path are being ignored: /home/kaisar/warehouse_robot/robot/install/ros2_http_client/share/ament_index/resource_index/packages/ros2_http_client
[5.060s] DEBUG:colcon.colcon_core.task.python.build:While undoing a previous installation files outside the Python library path are being ignored: /home/kaisar/warehouse_robot/robot/install/ros2_http_client/share/ros2_http_client/package.xml
[5.062s] DEBUG:colcon.colcon_core.event_handler.log_command:Invoking command in '/home/kaisar/warehouse_robot/robot/build/ros2_http_client': AMENT_PREFIX_PATH=/home/kaisar/warehouse_robot/robot/install/robot_planner:/home/kaisar/warehouse_robot/robot/install/ros2_http_client:/home/kaisar/warehouse_robot/robot/install/robot_launch:/home/kaisar/warehouse_robot/robot/install/robot_status:/home/kaisar/warehouse_robot/install/trp1_description:/home/kaisar/warehouse_robot/install/stage_ros2:/home/kaisar/warehouse_robot/install/robot_msgs:/home/kaisar/warehouse_robot/install/nav2:/home/kaisar/warehouse_robot/robot/install/trp1_description:/home/kaisar/warehouse_robot/robot/install/stage_ros2:/home/kaisar/warehouse_robot/robot/install/robot_msgs:/home/kaisar/warehouse_robot/robot/install/nav2:/opt/ros/jazzy CMAKE_PREFIX_PATH=/home/kaisar/warehouse_robot/robot/install/robot_msgs:/home/kaisar/warehouse_robot/robot/install/robot_launch:/home/kaisar/warehouse_robot/install/trp1_description:/home/kaisar/warehouse_robot/install/stage_ros2:/home/kaisar/warehouse_robot/install/stage:/home/kaisar/warehouse_robot/install/robot_msgs:/home/kaisar/warehouse_robot/install/nav2:/home/kaisar/warehouse_robot/robot/install/trp1_description:/home/kaisar/warehouse_robot/robot/install/stage_ros2:/home/kaisar/warehouse_robot/robot/install/stage:/home/kaisar/warehouse_robot/robot/install/nav2:/opt/ros/jazzy/opt/gz_sim_vendor:/opt/ros/jazzy/opt/gz_sensors_vendor:/opt/ros/jazzy/opt/gz_physics_vendor:/opt/ros/jazzy/opt/sdformat_vendor:/opt/ros/jazzy/opt/gz_gui_vendor:/opt/ros/jazzy/opt/gz_transport_vendor:/opt/ros/jazzy/opt/gz_rendering_vendor:/opt/ros/jazzy/opt/gz_plugin_vendor:/opt/ros/jazzy/opt/gz_fuel_tools_vendor:/opt/ros/jazzy/opt/gz_msgs_vendor:/opt/ros/jazzy/opt/gz_common_vendor:/opt/ros/jazzy/opt/gz_math_vendor:/opt/ros/jazzy/opt/gz_utils_vendor:/opt/ros/jazzy/opt/gz_tools_vendor:/opt/ros/jazzy/opt/gz_ogre_next_vendor:/opt/ros/jazzy/opt/gz_dartsim_vendor:/opt/ros/jazzy/opt/gz_cmake_vendor DEBUGINFOD_URLS=https://debuginfod.ubuntu.com LD_LIBRARY_PATH=/home/kaisar/warehouse_robot/robot/install/robot_msgs/lib:/home/kaisar/warehouse_robot/install/stage_ros2/lib:/home/kaisar/warehouse_robot/install/stage/lib:/home/kaisar/warehouse_robot/install/robot_msgs/lib:/home/kaisar/warehouse_robot/robot/install/stage_ros2/lib:/home/kaisar/warehouse_robot/robot/install/stage/lib:/opt/ros/jazzy/opt/gz_sim_vendor/lib:/opt/ros/jazzy/opt/gz_sensors_vendor/lib:/opt/ros/jazzy/opt/gz_physics_vendor/lib:/opt/ros/jazzy/opt/sdformat_vendor/lib:/opt/ros/jazzy/opt/rviz_ogre_vendor/lib:/opt/ros/jazzy/lib/x86_64-linux-gnu:/opt/ros/jazzy/opt/gz_gui_vendor/lib:/opt/ros/jazzy/opt/gz_transport_vendor/lib:/opt/ros/jazzy/opt/gz_rendering_vendor/lib:/opt/ros/jazzy/opt/gz_plugin_vendor/lib:/opt/ros/jazzy/opt/gz_fuel_tools_vendor/lib:/opt/ros/jazzy/opt/gz_msgs_vendor/lib:/opt/ros/jazzy/opt/gz_common_vendor/lib:/opt/ros/jazzy/opt/gz_math_vendor/lib:/opt/ros/jazzy/opt/gz_utils_vendor/lib:/opt/ros/jazzy/opt/gz_tools_vendor/lib:/opt/ros/jazzy/opt/gz_ogre_next_vendor/lib:/opt/ros/jazzy/opt/gz_dartsim_vendor/lib:/opt/ros/jazzy/opt/gz_cmake_vendor/lib:/opt/ros/jazzy/lib PYTHONPATH=/home/kaisar/warehouse_robot/robot/build/ros2_http_client/prefix_override:/usr/lib/python3/dist-packages/colcon_core/task/python/colcon_distutils_commands:/home/kaisar/warehouse_robot/robot/install/ros2_http_client/lib/python3.12/site-packages:/home/kaisar/warehouse_robot/robot/build/robot_planner:/home/kaisar/warehouse_robot/robot/install/robot_planner/lib/python3.12/site-packages:/home/kaisar/warehouse_robot/robot/install/robot_msgs/lib/python3.12/site-packages:/home/kaisar/warehouse_robot/robot/build/ros2_http_client:/home/kaisar/warehouse_robot/robot/install/ros2_http_client/lib/python3.12/site-packages:/home/kaisar/warehouse_robot/robot/build/robot_status:/home/kaisar/warehouse_robot/robot/install/robot_status/lib/python3.12/site-packages:/home/kaisar/warehouse_robot/install/robot_msgs/lib/python3.12/site-packages:/opt/ros/jazzy/lib/python/site-packages:/opt/ros/jazzy/lib/python3.12/site-packages /usr/bin/python3 -W ignore:setup.py install is deprecated -W ignore:easy_install command is deprecated setup.py develop --editable --build-directory /home/kaisar/warehouse_robot/robot/build/ros2_http_client/build --no-deps symlink_data --force
[5.064s] DEBUG:colcon.colcon_core.task.python.build:While undoing a previous installation files outside the Python library path are being ignored: /home/kaisar/warehouse_robot/robot/install/robot_status/share/ament_index/resource_index/packages/robot_status
[5.064s] DEBUG:colcon.colcon_core.task.python.build:While undoing a previous installation files outside the Python library path are being ignored: /home/kaisar/warehouse_robot/robot/install/robot_status/share/robot_status/package.xml
[5.064s] DEBUG:colcon.colcon_core.task.python.build:While undoing a previous installation files outside the Python library path are being ignored: /home/kaisar/warehouse_robot/robot/install/robot_status/lib/robot_status/status_node
[5.067s] DEBUG:colcon.colcon_core.event_handler.log_command:Invoking command in '/home/kaisar/warehouse_robot/robot/build/robot_status': AMENT_PREFIX_PATH=/home/kaisar/warehouse_robot/robot/install/robot_planner:/home/kaisar/warehouse_robot/robot/install/ros2_http_client:/home/kaisar/warehouse_robot/robot/install/robot_launch:/home/kaisar/warehouse_robot/robot/install/robot_status:/home/kaisar/warehouse_robot/install/trp1_description:/home/kaisar/warehouse_robot/install/stage_ros2:/home/kaisar/warehouse_robot/install/robot_msgs:/home/kaisar/warehouse_robot/install/nav2:/home/kaisar/warehouse_robot/robot/install/trp1_description:/home/kaisar/warehouse_robot/robot/install/stage_ros2:/home/kaisar/warehouse_robot/robot/install/robot_msgs:/home/kaisar/warehouse_robot/robot/install/nav2:/opt/ros/jazzy CMAKE_PREFIX_PATH=/home/kaisar/warehouse_robot/robot/install/robot_msgs:/home/kaisar/warehouse_robot/robot/install/robot_launch:/home/kaisar/warehouse_robot/install/trp1_description:/home/kaisar/warehouse_robot/install/stage_ros2:/home/kaisar/warehouse_robot/install/stage:/home/kaisar/warehouse_robot/install/robot_msgs:/home/kaisar/warehouse_robot/install/nav2:/home/kaisar/warehouse_robot/robot/install/trp1_description:/home/kaisar/warehouse_robot/robot/install/stage_ros2:/home/kaisar/warehouse_robot/robot/install/stage:/home/kaisar/warehouse_robot/robot/install/nav2:/opt/ros/jazzy/opt/gz_sim_vendor:/opt/ros/jazzy/opt/gz_sensors_vendor:/opt/ros/jazzy/opt/gz_physics_vendor:/opt/ros/jazzy/opt/sdformat_vendor:/opt/ros/jazzy/opt/gz_gui_vendor:/opt/ros/jazzy/opt/gz_transport_vendor:/opt/ros/jazzy/opt/gz_rendering_vendor:/opt/ros/jazzy/opt/gz_plugin_vendor:/opt/ros/jazzy/opt/gz_fuel_tools_vendor:/opt/ros/jazzy/opt/gz_msgs_vendor:/opt/ros/jazzy/opt/gz_common_vendor:/opt/ros/jazzy/opt/gz_math_vendor:/opt/ros/jazzy/opt/gz_utils_vendor:/opt/ros/jazzy/opt/gz_tools_vendor:/opt/ros/jazzy/opt/gz_ogre_next_vendor:/opt/ros/jazzy/opt/gz_dartsim_vendor:/opt/ros/jazzy/opt/gz_cmake_vendor DEBUGINFOD_URLS=https://debuginfod.ubuntu.com LD_LIBRARY_PATH=/home/kaisar/warehouse_robot/robot/install/robot_msgs/lib:/home/kaisar/warehouse_robot/install/stage_ros2/lib:/home/kaisar/warehouse_robot/install/stage/lib:/home/kaisar/warehouse_robot/install/robot_msgs/lib:/home/kaisar/warehouse_robot/robot/install/stage_ros2/lib:/home/kaisar/warehouse_robot/robot/install/stage/lib:/opt/ros/jazzy/opt/gz_sim_vendor/lib:/opt/ros/jazzy/opt/gz_sensors_vendor/lib:/opt/ros/jazzy/opt/gz_physics_vendor/lib:/opt/ros/jazzy/opt/sdformat_vendor/lib:/opt/ros/jazzy/opt/rviz_ogre_vendor/lib:/opt/ros/jazzy/lib/x86_64-linux-gnu:/opt/ros/jazzy/opt/gz_gui_vendor/lib:/opt/ros/jazzy/opt/gz_transport_vendor/lib:/opt/ros/jazzy/opt/gz_rendering_vendor/lib:/opt/ros/jazzy/opt/gz_plugin_vendor/lib:/opt/ros/jazzy/opt/gz_fuel_tools_vendor/lib:/opt/ros/jazzy/opt/gz_msgs_vendor/lib:/opt/ros/jazzy/opt/gz_common_vendor/lib:/opt/ros/jazzy/opt/gz_math_vendor/lib:/opt/ros/jazzy/opt/gz_utils_vendor/lib:/opt/ros/jazzy/opt/gz_tools_vendor/lib:/opt/ros/jazzy/opt/gz_ogre_next_vendor/lib:/opt/ros/jazzy/opt/gz_dartsim_vendor/lib:/opt/ros/jazzy/opt/gz_cmake_vendor/lib:/opt/ros/jazzy/lib PYTHONPATH=/home/kaisar/warehouse_robot/robot/build/robot_status/prefix_override:/usr/lib/python3/dist-packages/colcon_core/task/python/colcon_distutils_commands:/home/kaisar/warehouse_robot/robot/install/robot_status/lib/python3.12/site-packages:/home/kaisar/warehouse_robot/robot/build/robot_planner:/home/kaisar/warehouse_robot/robot/install/robot_planner/lib/python3.12/site-packages:/home/kaisar/warehouse_robot/robot/install/robot_msgs/lib/python3.12/site-packages:/home/kaisar/warehouse_robot/robot/build/ros2_http_client:/home/kaisar/warehouse_robot/robot/install/ros2_http_client/lib/python3.12/site-packages:/home/kaisar/warehouse_robot/robot/build/robot_status:/home/kaisar/warehouse_robot/robot/install/robot_status/lib/python3.12/site-packages:/home/kaisar/warehouse_robot/install/robot_msgs/lib/python3.12/site-packages:/opt/ros/jazzy/lib/python/site-packages:/opt/ros/jazzy/lib/python3.12/site-packages /usr/bin/python3 -W ignore:setup.py install is deprecated -W ignore:easy_install command is deprecated setup.py develop --editable --build-directory /home/kaisar/warehouse_robot/robot/build/robot_status/build --no-deps symlink_data --force
[6.071s] Level 1:colcon.colcon_core.shell:create_environment_hook('ros2_http_client', 'pythonpath_develop')
[6.072s] INFO:colcon.colcon_core.shell:Creating environment hook '/home/kaisar/warehouse_robot/robot/build/ros2_http_client/share/ros2_http_client/hook/pythonpath_develop.ps1'
[6.072s] DEBUG:colcon.colcon_core.event_handler.log_command:Invoked command in '/home/kaisar/warehouse_robot/robot/build/ros2_http_client' returned '0': AMENT_PREFIX_PATH=/home/kaisar/warehouse_robot/robot/install/robot_planner:/home/kaisar/warehouse_robot/robot/install/ros2_http_client:/home/kaisar/warehouse_robot/robot/install/robot_launch:/home/kaisar/warehouse_robot/robot/install/robot_status:/home/kaisar/warehouse_robot/install/trp1_description:/home/kaisar/warehouse_robot/install/stage_ros2:/home/kaisar/warehouse_robot/install/robot_msgs:/home/kaisar/warehouse_robot/install/nav2:/home/kaisar/warehouse_robot/robot/install/trp1_description:/home/kaisar/warehouse_robot/robot/install/stage_ros2:/home/kaisar/warehouse_robot/robot/install/robot_msgs:/home/kaisar/warehouse_robot/robot/install/nav2:/opt/ros/jazzy CMAKE_PREFIX_PATH=/home/kaisar/warehouse_robot/robot/install/robot_msgs:/home/kaisar/warehouse_robot/robot/install/robot_launch:/home/kaisar/warehouse_robot/install/trp1_description:/home/kaisar/warehouse_robot/install/stage_ros2:/home/kaisar/warehouse_robot/install/stage:/home/kaisar/warehouse_robot/install/robot_msgs:/home/kaisar/warehouse_robot/install/nav2:/home/kaisar/warehouse_robot/robot/install/trp1_description:/home/kaisar/warehouse_robot/robot/install/stage_ros2:/home/kaisar/warehouse_robot/robot/install/stage:/home/kaisar/warehouse_robot/robot/install/nav2:/opt/ros/jazzy/opt/gz_sim_vendor:/opt/ros/jazzy/opt/gz_sensors_vendor:/opt/ros/jazzy/opt/gz_physics_vendor:/opt/ros/jazzy/opt/sdformat_vendor:/opt/ros/jazzy/opt/gz_gui_vendor:/opt/ros/jazzy/opt/gz_transport_vendor:/opt/ros/jazzy/opt/gz_rendering_vendor:/opt/ros/jazzy/opt/gz_plugin_vendor:/opt/ros/jazzy/opt/gz_fuel_tools_vendor:/opt/ros/jazzy/opt/gz_msgs_vendor:/opt/ros/jazzy/opt/gz_common_vendor:/opt/ros/jazzy/opt/gz_math_vendor:/opt/ros/jazzy/opt/gz_utils_vendor:/opt/ros/jazzy/opt/gz_tools_vendor:/opt/ros/jazzy/opt/gz_ogre_next_vendor:/opt/ros/jazzy/opt/gz_dartsim_vendor:/opt/ros/jazzy/opt/gz_cmake_vendor DEBUGINFOD_URLS=https://debuginfod.ubuntu.com LD_LIBRARY_PATH=/home/kaisar/warehouse_robot/robot/install/robot_msgs/lib:/home/kaisar/warehouse_robot/install/stage_ros2/lib:/home/kaisar/warehouse_robot/install/stage/lib:/home/kaisar/warehouse_robot/install/robot_msgs/lib:/home/kaisar/warehouse_robot/robot/install/stage_ros2/lib:/home/kaisar/warehouse_robot/robot/install/stage/lib:/opt/ros/jazzy/opt/gz_sim_vendor/lib:/opt/ros/jazzy/opt/gz_sensors_vendor/lib:/opt/ros/jazzy/opt/gz_physics_vendor/lib:/opt/ros/jazzy/opt/sdformat_vendor/lib:/opt/ros/jazzy/opt/rviz_ogre_vendor/lib:/opt/ros/jazzy/lib/x86_64-linux-gnu:/opt/ros/jazzy/opt/gz_gui_vendor/lib:/opt/ros/jazzy/opt/gz_transport_vendor/lib:/opt/ros/jazzy/opt/gz_rendering_vendor/lib:/opt/ros/jazzy/opt/gz_plugin_vendor/lib:/opt/ros/jazzy/opt/gz_fuel_tools_vendor/lib:/opt/ros/jazzy/opt/gz_msgs_vendor/lib:/opt/ros/jazzy/opt/gz_common_vendor/lib:/opt/ros/jazzy/opt/gz_math_vendor/lib:/opt/ros/jazzy/opt/gz_utils_vendor/lib:/opt/ros/jazzy/opt/gz_tools_vendor/lib:/opt/ros/jazzy/opt/gz_ogre_next_vendor/lib:/opt/ros/jazzy/opt/gz_dartsim_vendor/lib:/opt/ros/jazzy/opt/gz_cmake_vendor/lib:/opt/ros/jazzy/lib PYTHONPATH=/home/kaisar/warehouse_robot/robot/build/ros2_http_client/prefix_override:/usr/lib/python3/dist-packages/colcon_core/task/python/colcon_distutils_commands:/home/kaisar/warehouse_robot/robot/install/ros2_http_client/lib/python3.12/site-packages:/home/kaisar/warehouse_robot/robot/build/robot_planner:/home/kaisar/warehouse_robot/robot/install/robot_planner/lib/python3.12/site-packages:/home/kaisar/warehouse_robot/robot/install/robot_msgs/lib/python3.12/site-packages:/home/kaisar/warehouse_robot/robot/build/ros2_http_client:/home/kaisar/warehouse_robot/robot/install/ros2_http_client/lib/python3.12/site-packages:/home/kaisar/warehouse_robot/robot/build/robot_status:/home/kaisar/warehouse_robot/robot/install/robot_status/lib/python3.12/site-packages:/home/kaisar/warehouse_robot/install/robot_msgs/lib/python3.12/site-packages:/opt/ros/jazzy/lib/python/site-packages:/opt/ros/jazzy/lib/python3.12/site-packages /usr/bin/python3 -W ignore:setup.py install is deprecated -W ignore:easy_install command is deprecated setup.py develop --editable --build-directory /home/kaisar/warehouse_robot/robot/build/ros2_http_client/build --no-deps symlink_data --force
[6.073s] INFO:colcon.colcon_core.shell:Creating environment descriptor '/home/kaisar/warehouse_robot/robot/build/ros2_http_client/share/ros2_http_client/hook/pythonpath_develop.dsv'
[6.073s] INFO:colcon.colcon_core.shell:Creating environment hook '/home/kaisar/warehouse_robot/robot/build/ros2_http_client/share/ros2_http_client/hook/pythonpath_develop.sh'
[6.074s] Level 1:colcon.colcon_core.environment:checking '/home/kaisar/warehouse_robot/robot/install/ros2_http_client' for CMake module files
[6.074s] Level 1:colcon.colcon_core.environment:checking '/home/kaisar/warehouse_robot/robot/install/ros2_http_client' for CMake config files
[6.075s] Level 1:colcon.colcon_core.environment:checking '/home/kaisar/warehouse_robot/robot/install/ros2_http_client/lib'
[6.075s] Level 1:colcon.colcon_core.environment:checking '/home/kaisar/warehouse_robot/robot/install/ros2_http_client/bin'
[6.075s] Level 1:colcon.colcon_core.environment:checking '/home/kaisar/warehouse_robot/robot/install/ros2_http_client/lib/pkgconfig/ros2_http_client.pc'
[6.075s] Level 1:colcon.colcon_core.environment:checking '/home/kaisar/warehouse_robot/robot/install/ros2_http_client/lib/python3.12/site-packages'
[6.075s] Level 1:colcon.colcon_core.shell:create_environment_hook('ros2_http_client', 'pythonpath')
[6.075s] INFO:colcon.colcon_core.shell:Creating environment hook '/home/kaisar/warehouse_robot/robot/install/ros2_http_client/share/ros2_http_client/hook/pythonpath.ps1'
[6.076s] INFO:colcon.colcon_core.shell:Creating environment descriptor '/home/kaisar/warehouse_robot/robot/install/ros2_http_client/share/ros2_http_client/hook/pythonpath.dsv'
[6.076s] INFO:colcon.colcon_core.shell:Creating environment hook '/home/kaisar/warehouse_robot/robot/install/ros2_http_client/share/ros2_http_client/hook/pythonpath.sh'
[6.077s] Level 1:colcon.colcon_core.environment:checking '/home/kaisar/warehouse_robot/robot/install/ros2_http_client/bin'
[6.077s] Level 1:colcon.colcon_core.environment:create_environment_scripts_only(ros2_http_client)
[6.078s] INFO:colcon.colcon_core.shell:Creating package script '/home/kaisar/warehouse_robot/robot/install/ros2_http_client/share/ros2_http_client/package.ps1'
[6.079s] INFO:colcon.colcon_core.shell:Creating package descriptor '/home/kaisar/warehouse_robot/robot/install/ros2_http_client/share/ros2_http_client/package.dsv'
[6.080s] INFO:colcon.colcon_core.shell:Creating package script '/home/kaisar/warehouse_robot/robot/install/ros2_http_client/share/ros2_http_client/package.sh'
[6.081s] INFO:colcon.colcon_core.shell:Creating package script '/home/kaisar/warehouse_robot/robot/install/ros2_http_client/share/ros2_http_client/package.bash'
[6.082s] INFO:colcon.colcon_core.shell:Creating package script '/home/kaisar/warehouse_robot/robot/install/ros2_http_client/share/ros2_http_client/package.zsh'
[6.083s] Level 1:colcon.colcon_core.environment:create_file_with_runtime_dependencies(/home/kaisar/warehouse_robot/robot/install/ros2_http_client/share/colcon-core/packages/ros2_http_client)
[6.087s] Level 1:colcon.colcon_core.shell:create_environment_hook('robot_status', 'pythonpath_develop')
[6.087s] INFO:colcon.colcon_core.shell:Creating environment hook '/home/kaisar/warehouse_robot/robot/build/robot_status/share/robot_status/hook/pythonpath_develop.ps1'
[6.088s] DEBUG:colcon.colcon_core.event_handler.log_command:Invoked command in '/home/kaisar/warehouse_robot/robot/build/robot_status' returned '0': AMENT_PREFIX_PATH=/home/kaisar/warehouse_robot/robot/install/robot_planner:/home/kaisar/warehouse_robot/robot/install/ros2_http_client:/home/kaisar/warehouse_robot/robot/install/robot_launch:/home/kaisar/warehouse_robot/robot/install/robot_status:/home/kaisar/warehouse_robot/install/trp1_description:/home/kaisar/warehouse_robot/install/stage_ros2:/home/kaisar/warehouse_robot/install/robot_msgs:/home/kaisar/warehouse_robot/install/nav2:/home/kaisar/warehouse_robot/robot/install/trp1_description:/home/kaisar/warehouse_robot/robot/install/stage_ros2:/home/kaisar/warehouse_robot/robot/install/robot_msgs:/home/kaisar/warehouse_robot/robot/install/nav2:/opt/ros/jazzy CMAKE_PREFIX_PATH=/home/kaisar/warehouse_robot/robot/install/robot_msgs:/home/kaisar/warehouse_robot/robot/install/robot_launch:/home/kaisar/warehouse_robot/install/trp1_description:/home/kaisar/warehouse_robot/install/stage_ros2:/home/kaisar/warehouse_robot/install/stage:/home/kaisar/warehouse_robot/install/robot_msgs:/home/kaisar/warehouse_robot/install/nav2:/home/kaisar/warehouse_robot/robot/install/trp1_description:/home/kaisar/warehouse_robot/robot/install/stage_ros2:/home/kaisar/warehouse_robot/robot/install/stage:/home/kaisar/warehouse_robot/robot/install/nav2:/opt/ros/jazzy/opt/gz_sim_vendor:/opt/ros/jazzy/opt/gz_sensors_vendor:/opt/ros/jazzy/opt/gz_physics_vendor:/opt/ros/jazzy/opt/sdformat_vendor:/opt/ros/jazzy/opt/gz_gui_vendor:/opt/ros/jazzy/opt/gz_transport_vendor:/opt/ros/jazzy/opt/gz_rendering_vendor:/opt/ros/jazzy/opt/gz_plugin_vendor:/opt/ros/jazzy/opt/gz_fuel_tools_vendor:/opt/ros/jazzy/opt/gz_msgs_vendor:/opt/ros/jazzy/opt/gz_common_vendor:/opt/ros/jazzy/opt/gz_math_vendor:/opt/ros/jazzy/opt/gz_utils_vendor:/opt/ros/jazzy/opt/gz_tools_vendor:/opt/ros/jazzy/opt/gz_ogre_next_vendor:/opt/ros/jazzy/opt/gz_dartsim_vendor:/opt/ros/jazzy/opt/gz_cmake_vendor DEBUGINFOD_URLS=https://debuginfod.ubuntu.com LD_LIBRARY_PATH=/home/kaisar/warehouse_robot/robot/install/robot_msgs/lib:/home/kaisar/warehouse_robot/install/stage_ros2/lib:/home/kaisar/warehouse_robot/install/stage/lib:/home/kaisar/warehouse_robot/install/robot_msgs/lib:/home/kaisar/warehouse_robot/robot/install/stage_ros2/lib:/home/kaisar/warehouse_robot/robot/install/stage/lib:/opt/ros/jazzy/opt/gz_sim_vendor/lib:/opt/ros/jazzy/opt/gz_sensors_vendor/lib:/opt/ros/jazzy/opt/gz_physics_vendor/lib:/opt/ros/jazzy/opt/sdformat_vendor/lib:/opt/ros/jazzy/opt/rviz_ogre_vendor/lib:/opt/ros/jazzy/lib/x86_64-linux-gnu:/opt/ros/jazzy/opt/gz_gui_vendor/lib:/opt/ros/jazzy/opt/gz_transport_vendor/lib:/opt/ros/jazzy/opt/gz_rendering_vendor/lib:/opt/ros/jazzy/opt/gz_plugin_vendor/lib:/opt/ros/jazzy/opt/gz_fuel_tools_vendor/lib:/opt/ros/jazzy/opt/gz_msgs_vendor/lib:/opt/ros/jazzy/opt/gz_common_vendor/lib:/opt/ros/jazzy/opt/gz_math_vendor/lib:/opt/ros/jazzy/opt/gz_utils_vendor/lib:/opt/ros/jazzy/opt/gz_tools_vendor/lib:/opt/ros/jazzy/opt/gz_ogre_next_vendor/lib:/opt/ros/jazzy/opt/gz_dartsim_vendor/lib:/opt/ros/jazzy/opt/gz_cmake_vendor/lib:/opt/ros/jazzy/lib PYTHONPATH=/home/kaisar/warehouse_robot/robot/build/robot_status/prefix_override:/usr/lib/python3/dist-packages/colcon_core/task/python/colcon_distutils_commands:/home/kaisar/warehouse_robot/robot/install/robot_status/lib/python3.12/site-packages:/home/kaisar/warehouse_robot/robot/build/robot_planner:/home/kaisar/warehouse_robot/robot/install/robot_planner/lib/python3.12/site-packages:/home/kaisar/warehouse_robot/robot/install/robot_msgs/lib/python3.12/site-packages:/home/kaisar/warehouse_robot/robot/build/ros2_http_client:/home/kaisar/warehouse_robot/robot/install/ros2_http_client/lib/python3.12/site-packages:/home/kaisar/warehouse_robot/robot/build/robot_status:/home/kaisar/warehouse_robot/robot/install/robot_status/lib/python3.12/site-packages:/home/kaisar/warehouse_robot/install/robot_msgs/lib/python3.12/site-packages:/opt/ros/jazzy/lib/python/site-packages:/opt/ros/jazzy/lib/python3.12/site-packages /usr/bin/python3 -W ignore:setup.py install is deprecated -W ignore:easy_install command is deprecated setup.py develop --editable --build-directory /home/kaisar/warehouse_robot/robot/build/robot_status/build --no-deps symlink_data --force
[6.088s] INFO:colcon.colcon_core.shell:Creating environment descriptor '/home/kaisar/warehouse_robot/robot/build/robot_status/share/robot_status/hook/pythonpath_develop.dsv'
[6.089s] INFO:colcon.colcon_core.shell:Creating environment hook '/home/kaisar/warehouse_robot/robot/build/robot_status/share/robot_status/hook/pythonpath_develop.sh'
[6.089s] Level 1:colcon.colcon_core.environment:checking '/home/kaisar/warehouse_robot/robot/install/robot_status' for CMake module files
[6.090s] Level 1:colcon.colcon_core.environment:checking '/home/kaisar/warehouse_robot/robot/install/robot_status' for CMake config files
[6.090s] Level 1:colcon.colcon_core.environment:checking '/home/kaisar/warehouse_robot/robot/install/robot_status/lib'
[6.090s] Level 1:colcon.colcon_core.environment:checking '/home/kaisar/warehouse_robot/robot/install/robot_status/bin'
[6.090s] Level 1:colcon.colcon_core.environment:checking '/home/kaisar/warehouse_robot/robot/install/robot_status/lib/pkgconfig/robot_status.pc'
[6.091s] Level 1:colcon.colcon_core.environment:checking '/home/kaisar/warehouse_robot/robot/install/robot_status/lib/python3.12/site-packages'
[6.091s] Level 1:colcon.colcon_core.shell:create_environment_hook('robot_status', 'pythonpath')
[6.091s] INFO:colcon.colcon_core.shell:Creating environment hook '/home/kaisar/warehouse_robot/robot/install/robot_status/share/robot_status/hook/pythonpath.ps1'
[6.091s] INFO:colcon.colcon_core.shell:Creating environment descriptor '/home/kaisar/warehouse_robot/robot/install/robot_status/share/robot_status/hook/pythonpath.dsv'
[6.091s] INFO:colcon.colcon_core.shell:Creating environment hook '/home/kaisar/warehouse_robot/robot/install/robot_status/share/robot_status/hook/pythonpath.sh'
[6.092s] Level 1:colcon.colcon_core.environment:checking '/home/kaisar/warehouse_robot/robot/install/robot_status/bin'
[6.092s] Level 1:colcon.colcon_core.environment:create_environment_scripts_only(robot_status)
[6.092s] INFO:colcon.colcon_core.shell:Creating package script '/home/kaisar/warehouse_robot/robot/install/robot_status/share/robot_status/package.ps1'
[6.093s] INFO:colcon.colcon_core.shell:Creating package descriptor '/home/kaisar/warehouse_robot/robot/install/robot_status/share/robot_status/package.dsv'
[6.094s] INFO:colcon.colcon_core.shell:Creating package script '/home/kaisar/warehouse_robot/robot/install/robot_status/share/robot_status/package.sh'
[6.094s] INFO:colcon.colcon_core.shell:Creating package script '/home/kaisar/warehouse_robot/robot/install/robot_status/share/robot_status/package.bash'
[6.095s] INFO:colcon.colcon_core.shell:Creating package script '/home/kaisar/warehouse_robot/robot/install/robot_status/share/robot_status/package.zsh'
[6.095s] Level 1:colcon.colcon_core.environment:create_file_with_runtime_dependencies(/home/kaisar/warehouse_robot/robot/install/robot_status/share/colcon-core/packages/robot_status)
[6.096s] INFO:colcon.colcon_ros.task.ament_cmake.build:Building ROS package in '/home/kaisar/warehouse_robot/robot/ws/src/launch' with build type 'ament_cmake'
[6.096s] INFO:colcon.colcon_cmake.task.cmake.build:Building CMake package in '/home/kaisar/warehouse_robot/robot/ws/src/launch'
[6.096s] INFO:colcon.colcon_core.shell:Skip shell extension 'powershell' for command environment: Not usable outside of PowerShell
[6.096s] DEBUG:colcon.colcon_core.shell:Skip shell extension 'dsv' for command environment
[6.113s] DEBUG:colcon.colcon_core.event_handler.log_command:Invoking command in '/home/kaisar/warehouse_robot/robot/build/robot_launch': AMENT_PREFIX_PATH=/home/kaisar/warehouse_robot/robot/install/robot_status:/home/kaisar/warehouse_robot/robot/install/robot_planner:/home/kaisar/warehouse_robot/robot/install/ros2_http_client:/home/kaisar/warehouse_robot/robot/install/robot_launch:/home/kaisar/warehouse_robot/install/trp1_description:/home/kaisar/warehouse_robot/install/stage_ros2:/home/kaisar/warehouse_robot/install/robot_msgs:/home/kaisar/warehouse_robot/install/nav2:/home/kaisar/warehouse_robot/robot/install/trp1_description:/home/kaisar/warehouse_robot/robot/install/stage_ros2:/home/kaisar/warehouse_robot/robot/install/robot_msgs:/home/kaisar/warehouse_robot/robot/install/nav2:/opt/ros/jazzy CMAKE_PREFIX_PATH=/home/kaisar/warehouse_robot/robot/install/robot_msgs:/home/kaisar/warehouse_robot/robot/install/robot_launch:/home/kaisar/warehouse_robot/install/trp1_description:/home/kaisar/warehouse_robot/install/stage_ros2:/home/kaisar/warehouse_robot/install/stage:/home/kaisar/warehouse_robot/install/robot_msgs:/home/kaisar/warehouse_robot/install/nav2:/home/kaisar/warehouse_robot/robot/install/trp1_description:/home/kaisar/warehouse_robot/robot/install/stage_ros2:/home/kaisar/warehouse_robot/robot/install/ros2_http_client:/home/kaisar/warehouse_robot/robot/install/robot_status:/home/kaisar/warehouse_robot/robot/install/robot_planner:/opt/ros/jazzy:/home/kaisar/warehouse_robot/robot/install/stage:/home/kaisar/warehouse_robot/robot/install/nav2:/opt/ros/jazzy/opt/gz_sim_vendor:/opt/ros/jazzy/opt/gz_sensors_vendor:/opt/ros/jazzy/opt/gz_physics_vendor:/opt/ros/jazzy/opt/sdformat_vendor:/opt/ros/jazzy/opt/gz_gui_vendor:/opt/ros/jazzy/opt/gz_transport_vendor:/opt/ros/jazzy/opt/gz_rendering_vendor:/opt/ros/jazzy/opt/gz_plugin_vendor:/opt/ros/jazzy/opt/gz_fuel_tools_vendor:/opt/ros/jazzy/opt/gz_msgs_vendor:/opt/ros/jazzy/opt/gz_common_vendor:/opt/ros/jazzy/opt/gz_math_vendor:/opt/ros/jazzy/opt/gz_utils_vendor:/opt/ros/jazzy/opt/gz_tools_vendor:/opt/ros/jazzy/opt/gz_ogre_next_vendor:/opt/ros/jazzy/opt/gz_dartsim_vendor:/opt/ros/jazzy/opt/gz_cmake_vendor DEBUGINFOD_URLS=https://debuginfod.ubuntu.com LD_LIBRARY_PATH=/home/kaisar/warehouse_robot/robot/install/robot_msgs/lib:/home/kaisar/warehouse_robot/install/stage_ros2/lib:/home/kaisar/warehouse_robot/install/stage/lib:/home/kaisar/warehouse_robot/install/robot_msgs/lib:/home/kaisar/warehouse_robot/robot/install/stage_ros2/lib:/home/kaisar/warehouse_robot/robot/install/stage/lib:/opt/ros/jazzy/opt/gz_sim_vendor/lib:/opt/ros/jazzy/opt/gz_sensors_vendor/lib:/opt/ros/jazzy/opt/gz_physics_vendor/lib:/opt/ros/jazzy/opt/sdformat_vendor/lib:/opt/ros/jazzy/opt/rviz_ogre_vendor/lib:/opt/ros/jazzy/lib/x86_64-linux-gnu:/opt/ros/jazzy/opt/gz_gui_vendor/lib:/opt/ros/jazzy/opt/gz_transport_vendor/lib:/opt/ros/jazzy/opt/gz_rendering_vendor/lib:/opt/ros/jazzy/opt/gz_plugin_vendor/lib:/opt/ros/jazzy/opt/gz_fuel_tools_vendor/lib:/opt/ros/jazzy/opt/gz_msgs_vendor/lib:/opt/ros/jazzy/opt/gz_common_vendor/lib:/opt/ros/jazzy/opt/gz_math_vendor/lib:/opt/ros/jazzy/opt/gz_utils_vendor/lib:/opt/ros/jazzy/opt/gz_tools_vendor/lib:/opt/ros/jazzy/opt/gz_ogre_next_vendor/lib:/opt/ros/jazzy/opt/gz_dartsim_vendor/lib:/opt/ros/jazzy/opt/gz_cmake_vendor/lib:/opt/ros/jazzy/lib PYTHONPATH=/home/kaisar/warehouse_robot/robot/build/robot_status:/home/kaisar/warehouse_robot/robot/install/robot_status/lib/python3.12/site-packages:/home/kaisar/warehouse_robot/robot/build/robot_planner:/home/kaisar/warehouse_robot/robot/install/robot_planner/lib/python3.12/site-packages:/home/kaisar/warehouse_robot/robot/install/robot_msgs/lib/python3.12/site-packages:/home/kaisar/warehouse_robot/robot/build/ros2_http_client:/home/kaisar/warehouse_robot/robot/install/ros2_http_client/lib/python3.12/site-packages:/home/kaisar/warehouse_robot/install/robot_msgs/lib/python3.12/site-packages:/opt/ros/jazzy/lib/python/site-packages:/opt/ros/jazzy/lib/python3.12/site-packages /usr/bin/cmake /home/kaisar/warehouse_robot/robot/ws/src/launch -DAMENT_CMAKE_SYMLINK_INSTALL=1 -DCMAKE_INSTALL_PREFIX=/home/kaisar/warehouse_robot/robot/install/robot_launch
[6.613s] DEBUG:colcon.colcon_core.event_handler.log_command:Invoked command in '/home/kaisar/warehouse_robot/robot/build/robot_launch' returned '0': AMENT_PREFIX_PATH=/home/kaisar/warehouse_robot/robot/install/robot_status:/home/kaisar/warehouse_robot/robot/install/robot_planner:/home/kaisar/warehouse_robot/robot/install/ros2_http_client:/home/kaisar/warehouse_robot/robot/install/robot_launch:/home/kaisar/warehouse_robot/install/trp1_description:/home/kaisar/warehouse_robot/install/stage_ros2:/home/kaisar/warehouse_robot/install/robot_msgs:/home/kaisar/warehouse_robot/install/nav2:/home/kaisar/warehouse_robot/robot/install/trp1_description:/home/kaisar/warehouse_robot/robot/install/stage_ros2:/home/kaisar/warehouse_robot/robot/install/robot_msgs:/home/kaisar/warehouse_robot/robot/install/nav2:/opt/ros/jazzy CMAKE_PREFIX_PATH=/home/kaisar/warehouse_robot/robot/install/robot_msgs:/home/kaisar/warehouse_robot/robot/install/robot_launch:/home/kaisar/warehouse_robot/install/trp1_description:/home/kaisar/warehouse_robot/install/stage_ros2:/home/kaisar/warehouse_robot/install/stage:/home/kaisar/warehouse_robot/install/robot_msgs:/home/kaisar/warehouse_robot/install/nav2:/home/kaisar/warehouse_robot/robot/install/trp1_description:/home/kaisar/warehouse_robot/robot/install/stage_ros2:/home/kaisar/warehouse_robot/robot/install/ros2_http_client:/home/kaisar/warehouse_robot/robot/install/robot_status:/home/kaisar/warehouse_robot/robot/install/robot_planner:/opt/ros/jazzy:/home/kaisar/warehouse_robot/robot/install/stage:/home/kaisar/warehouse_robot/robot/install/nav2:/opt/ros/jazzy/opt/gz_sim_vendor:/opt/ros/jazzy/opt/gz_sensors_vendor:/opt/ros/jazzy/opt/gz_physics_vendor:/opt/ros/jazzy/opt/sdformat_vendor:/opt/ros/jazzy/opt/gz_gui_vendor:/opt/ros/jazzy/opt/gz_transport_vendor:/opt/ros/jazzy/opt/gz_rendering_vendor:/opt/ros/jazzy/opt/gz_plugin_vendor:/opt/ros/jazzy/opt/gz_fuel_tools_vendor:/opt/ros/jazzy/opt/gz_msgs_vendor:/opt/ros/jazzy/opt/gz_common_vendor:/opt/ros/jazzy/opt/gz_math_vendor:/opt/ros/jazzy/opt/gz_utils_vendor:/opt/ros/jazzy/opt/gz_tools_vendor:/opt/ros/jazzy/opt/gz_ogre_next_vendor:/opt/ros/jazzy/opt/gz_dartsim_vendor:/opt/ros/jazzy/opt/gz_cmake_vendor DEBUGINFOD_URLS=https://debuginfod.ubuntu.com LD_LIBRARY_PATH=/home/kaisar/warehouse_robot/robot/install/robot_msgs/lib:/home/kaisar/warehouse_robot/install/stage_ros2/lib:/home/kaisar/warehouse_robot/install/stage/lib:/home/kaisar/warehouse_robot/install/robot_msgs/lib:/home/kaisar/warehouse_robot/robot/install/stage_ros2/lib:/home/kaisar/warehouse_robot/robot/install/stage/lib:/opt/ros/jazzy/opt/gz_sim_vendor/lib:/opt/ros/jazzy/opt/gz_sensors_vendor/lib:/opt/ros/jazzy/opt/gz_physics_vendor/lib:/opt/ros/jazzy/opt/sdformat_vendor/lib:/opt/ros/jazzy/opt/rviz_ogre_vendor/lib:/opt/ros/jazzy/lib/x86_64-linux-gnu:/opt/ros/jazzy/opt/gz_gui_vendor/lib:/opt/ros/jazzy/opt/gz_transport_vendor/lib:/opt/ros/jazzy/opt/gz_rendering_vendor/lib:/opt/ros/jazzy/opt/gz_plugin_vendor/lib:/opt/ros/jazzy/opt/gz_fuel_tools_vendor/lib:/opt/ros/jazzy/opt/gz_msgs_vendor/lib:/opt/ros/jazzy/opt/gz_common_vendor/lib:/opt/ros/jazzy/opt/gz_math_vendor/lib:/opt/ros/jazzy/opt/gz_utils_vendor/lib:/opt/ros/jazzy/opt/gz_tools_vendor/lib:/opt/ros/jazzy/opt/gz_ogre_next_vendor/lib:/opt/ros/jazzy/opt/gz_dartsim_vendor/lib:/opt/ros/jazzy/opt/gz_cmake_vendor/lib:/opt/ros/jazzy/lib PYTHONPATH=/home/kaisar/warehouse_robot/robot/build/robot_status:/home/kaisar/warehouse_robot/robot/install/robot_status/lib/python3.12/site-packages:/home/kaisar/warehouse_robot/robot/build/robot_planner:/home/kaisar/warehouse_robot/robot/install/robot_planner/lib/python3.12/site-packages:/home/kaisar/warehouse_robot/robot/install/robot_msgs/lib/python3.12/site-packages:/home/kaisar/warehouse_robot/robot/build/ros2_http_client:/home/kaisar/warehouse_robot/robot/install/ros2_http_client/lib/python3.12/site-packages:/home/kaisar/warehouse_robot/install/robot_msgs/lib/python3.12/site-packages:/opt/ros/jazzy/lib/python/site-packages:/opt/ros/jazzy/lib/python3.12/site-packages /usr/bin/cmake /home/kaisar/warehouse_robot/robot/ws/src/launch -DAMENT_CMAKE_SYMLINK_INSTALL=1 -DCMAKE_INSTALL_PREFIX=/home/kaisar/warehouse_robot/robot/install/robot_launch
[6.614s] DEBUG:colcon.colcon_core.event_handler.log_command:Invoking command in '/home/kaisar/warehouse_robot/robot/build/robot_launch': AMENT_PREFIX_PATH=/home/kaisar/warehouse_robot/robot/install/robot_status:/home/kaisar/warehouse_robot/robot/install/robot_planner:/home/kaisar/warehouse_robot/robot/install/ros2_http_client:/home/kaisar/warehouse_robot/robot/install/robot_launch:/home/kaisar/warehouse_robot/install/trp1_description:/home/kaisar/warehouse_robot/install/stage_ros2:/home/kaisar/warehouse_robot/install/robot_msgs:/home/kaisar/warehouse_robot/install/nav2:/home/kaisar/warehouse_robot/robot/install/trp1_description:/home/kaisar/warehouse_robot/robot/install/stage_ros2:/home/kaisar/warehouse_robot/robot/install/robot_msgs:/home/kaisar/warehouse_robot/robot/install/nav2:/opt/ros/jazzy CMAKE_PREFIX_PATH=/home/kaisar/warehouse_robot/robot/install/robot_msgs:/home/kaisar/warehouse_robot/robot/install/robot_launch:/home/kaisar/warehouse_robot/install/trp1_description:/home/kaisar/warehouse_robot/install/stage_ros2:/home/kaisar/warehouse_robot/install/stage:/home/kaisar/warehouse_robot/install/robot_msgs:/home/kaisar/warehouse_robot/install/nav2:/home/kaisar/warehouse_robot/robot/install/trp1_description:/home/kaisar/warehouse_robot/robot/install/stage_ros2:/home/kaisar/warehouse_robot/robot/install/ros2_http_client:/home/kaisar/warehouse_robot/robot/install/robot_status:/home/kaisar/warehouse_robot/robot/install/robot_planner:/opt/ros/jazzy:/home/kaisar/warehouse_robot/robot/install/stage:/home/kaisar/warehouse_robot/robot/install/nav2:/opt/ros/jazzy/opt/gz_sim_vendor:/opt/ros/jazzy/opt/gz_sensors_vendor:/opt/ros/jazzy/opt/gz_physics_vendor:/opt/ros/jazzy/opt/sdformat_vendor:/opt/ros/jazzy/opt/gz_gui_vendor:/opt/ros/jazzy/opt/gz_transport_vendor:/opt/ros/jazzy/opt/gz_rendering_vendor:/opt/ros/jazzy/opt/gz_plugin_vendor:/opt/ros/jazzy/opt/gz_fuel_tools_vendor:/opt/ros/jazzy/opt/gz_msgs_vendor:/opt/ros/jazzy/opt/gz_common_vendor:/opt/ros/jazzy/opt/gz_math_vendor:/opt/ros/jazzy/opt/gz_utils_vendor:/opt/ros/jazzy/opt/gz_tools_vendor:/opt/ros/jazzy/opt/gz_ogre_next_vendor:/opt/ros/jazzy/opt/gz_dartsim_vendor:/opt/ros/jazzy/opt/gz_cmake_vendor DEBUGINFOD_URLS=https://debuginfod.ubuntu.com LD_LIBRARY_PATH=/home/kaisar/warehouse_robot/robot/install/robot_msgs/lib:/home/kaisar/warehouse_robot/install/stage_ros2/lib:/home/kaisar/warehouse_robot/install/stage/lib:/home/kaisar/warehouse_robot/install/robot_msgs/lib:/home/kaisar/warehouse_robot/robot/install/stage_ros2/lib:/home/kaisar/warehouse_robot/robot/install/stage/lib:/opt/ros/jazzy/opt/gz_sim_vendor/lib:/opt/ros/jazzy/opt/gz_sensors_vendor/lib:/opt/ros/jazzy/opt/gz_physics_vendor/lib:/opt/ros/jazzy/opt/sdformat_vendor/lib:/opt/ros/jazzy/opt/rviz_ogre_vendor/lib:/opt/ros/jazzy/lib/x86_64-linux-gnu:/opt/ros/jazzy/opt/gz_gui_vendor/lib:/opt/ros/jazzy/opt/gz_transport_vendor/lib:/opt/ros/jazzy/opt/gz_rendering_vendor/lib:/opt/ros/jazzy/opt/gz_plugin_vendor/lib:/opt/ros/jazzy/opt/gz_fuel_tools_vendor/lib:/opt/ros/jazzy/opt/gz_msgs_vendor/lib:/opt/ros/jazzy/opt/gz_common_vendor/lib:/opt/ros/jazzy/opt/gz_math_vendor/lib:/opt/ros/jazzy/opt/gz_utils_vendor/lib:/opt/ros/jazzy/opt/gz_tools_vendor/lib:/opt/ros/jazzy/opt/gz_ogre_next_vendor/lib:/opt/ros/jazzy/opt/gz_dartsim_vendor/lib:/opt/ros/jazzy/opt/gz_cmake_vendor/lib:/opt/ros/jazzy/lib PYTHONPATH=/home/kaisar/warehouse_robot/robot/build/robot_status:/home/kaisar/warehouse_robot/robot/install/robot_status/lib/python3.12/site-packages:/home/kaisar/warehouse_robot/robot/build/robot_planner:/home/kaisar/warehouse_robot/robot/install/robot_planner/lib/python3.12/site-packages:/home/kaisar/warehouse_robot/robot/install/robot_msgs/lib/python3.12/site-packages:/home/kaisar/warehouse_robot/robot/build/ros2_http_client:/home/kaisar/warehouse_robot/robot/install/ros2_http_client/lib/python3.12/site-packages:/home/kaisar/warehouse_robot/install/robot_msgs/lib/python3.12/site-packages:/opt/ros/jazzy/lib/python/site-packages:/opt/ros/jazzy/lib/python3.12/site-packages /usr/bin/cmake --build /home/kaisar/warehouse_robot/robot/build/robot_launch -- -j12 -l12
[6.679s] DEBUG:colcon.colcon_core.event_handler.log_command:Invoked command in '/home/kaisar/warehouse_robot/robot/build/robot_launch' returned '0': AMENT_PREFIX_PATH=/home/kaisar/warehouse_robot/robot/install/robot_status:/home/kaisar/warehouse_robot/robot/install/robot_planner:/home/kaisar/warehouse_robot/robot/install/ros2_http_client:/home/kaisar/warehouse_robot/robot/install/robot_launch:/home/kaisar/warehouse_robot/install/trp1_description:/home/kaisar/warehouse_robot/install/stage_ros2:/home/kaisar/warehouse_robot/install/robot_msgs:/home/kaisar/warehouse_robot/install/nav2:/home/kaisar/warehouse_robot/robot/install/trp1_description:/home/kaisar/warehouse_robot/robot/install/stage_ros2:/home/kaisar/warehouse_robot/robot/install/robot_msgs:/home/kaisar/warehouse_robot/robot/install/nav2:/opt/ros/jazzy CMAKE_PREFIX_PATH=/home/kaisar/warehouse_robot/robot/install/robot_msgs:/home/kaisar/warehouse_robot/robot/install/robot_launch:/home/kaisar/warehouse_robot/install/trp1_description:/home/kaisar/warehouse_robot/install/stage_ros2:/home/kaisar/warehouse_robot/install/stage:/home/kaisar/warehouse_robot/install/robot_msgs:/home/kaisar/warehouse_robot/install/nav2:/home/kaisar/warehouse_robot/robot/install/trp1_description:/home/kaisar/warehouse_robot/robot/install/stage_ros2:/home/kaisar/warehouse_robot/robot/install/ros2_http_client:/home/kaisar/warehouse_robot/robot/install/robot_status:/home/kaisar/warehouse_robot/robot/install/robot_planner:/opt/ros/jazzy:/home/kaisar/warehouse_robot/robot/install/stage:/home/kaisar/warehouse_robot/robot/install/nav2:/opt/ros/jazzy/opt/gz_sim_vendor:/opt/ros/jazzy/opt/gz_sensors_vendor:/opt/ros/jazzy/opt/gz_physics_vendor:/opt/ros/jazzy/opt/sdformat_vendor:/opt/ros/jazzy/opt/gz_gui_vendor:/opt/ros/jazzy/opt/gz_transport_vendor:/opt/ros/jazzy/opt/gz_rendering_vendor:/opt/ros/jazzy/opt/gz_plugin_vendor:/opt/ros/jazzy/opt/gz_fuel_tools_vendor:/opt/ros/jazzy/opt/gz_msgs_vendor:/opt/ros/jazzy/opt/gz_common_vendor:/opt/ros/jazzy/opt/gz_math_vendor:/opt/ros/jazzy/opt/gz_utils_vendor:/opt/ros/jazzy/opt/gz_tools_vendor:/opt/ros/jazzy/opt/gz_ogre_next_vendor:/opt/ros/jazzy/opt/gz_dartsim_vendor:/opt/ros/jazzy/opt/gz_cmake_vendor DEBUGINFOD_URLS=https://debuginfod.ubuntu.com LD_LIBRARY_PATH=/home/kaisar/warehouse_robot/robot/install/robot_msgs/lib:/home/kaisar/warehouse_robot/install/stage_ros2/lib:/home/kaisar/warehouse_robot/install/stage/lib:/home/kaisar/warehouse_robot/install/robot_msgs/lib:/home/kaisar/warehouse_robot/robot/install/stage_ros2/lib:/home/kaisar/warehouse_robot/robot/install/stage/lib:/opt/ros/jazzy/opt/gz_sim_vendor/lib:/opt/ros/jazzy/opt/gz_sensors_vendor/lib:/opt/ros/jazzy/opt/gz_physics_vendor/lib:/opt/ros/jazzy/opt/sdformat_vendor/lib:/opt/ros/jazzy/opt/rviz_ogre_vendor/lib:/opt/ros/jazzy/lib/x86_64-linux-gnu:/opt/ros/jazzy/opt/gz_gui_vendor/lib:/opt/ros/jazzy/opt/gz_transport_vendor/lib:/opt/ros/jazzy/opt/gz_rendering_vendor/lib:/opt/ros/jazzy/opt/gz_plugin_vendor/lib:/opt/ros/jazzy/opt/gz_fuel_tools_vendor/lib:/opt/ros/jazzy/opt/gz_msgs_vendor/lib:/opt/ros/jazzy/opt/gz_common_vendor/lib:/opt/ros/jazzy/opt/gz_math_vendor/lib:/opt/ros/jazzy/opt/gz_utils_vendor/lib:/opt/ros/jazzy/opt/gz_tools_vendor/lib:/opt/ros/jazzy/opt/gz_ogre_next_vendor/lib:/opt/ros/jazzy/opt/gz_dartsim_vendor/lib:/opt/ros/jazzy/opt/gz_cmake_vendor/lib:/opt/ros/jazzy/lib PYTHONPATH=/home/kaisar/warehouse_robot/robot/build/robot_status:/home/kaisar/warehouse_robot/robot/install/robot_status/lib/python3.12/site-packages:/home/kaisar/warehouse_robot/robot/build/robot_planner:/home/kaisar/warehouse_robot/robot/install/robot_planner/lib/python3.12/site-packages:/home/kaisar/warehouse_robot/robot/install/robot_msgs/lib/python3.12/site-packages:/home/kaisar/warehouse_robot/robot/build/ros2_http_client:/home/kaisar/warehouse_robot/robot/install/ros2_http_client/lib/python3.12/site-packages:/home/kaisar/warehouse_robot/install/robot_msgs/lib/python3.12/site-packages:/opt/ros/jazzy/lib/python/site-packages:/opt/ros/jazzy/lib/python3.12/site-packages /usr/bin/cmake --build /home/kaisar/warehouse_robot/robot/build/robot_launch -- -j12 -l12
[6.680s] DEBUG:colcon.colcon_core.event_handler.log_command:Invoking command in '/home/kaisar/warehouse_robot/robot/build/robot_launch': AMENT_PREFIX_PATH=/home/kaisar/warehouse_robot/robot/install/robot_status:/home/kaisar/warehouse_robot/robot/install/robot_planner:/home/kaisar/warehouse_robot/robot/install/ros2_http_client:/home/kaisar/warehouse_robot/robot/install/robot_launch:/home/kaisar/warehouse_robot/install/trp1_description:/home/kaisar/warehouse_robot/install/stage_ros2:/home/kaisar/warehouse_robot/install/robot_msgs:/home/kaisar/warehouse_robot/install/nav2:/home/kaisar/warehouse_robot/robot/install/trp1_description:/home/kaisar/warehouse_robot/robot/install/stage_ros2:/home/kaisar/warehouse_robot/robot/install/robot_msgs:/home/kaisar/warehouse_robot/robot/install/nav2:/opt/ros/jazzy CMAKE_PREFIX_PATH=/home/kaisar/warehouse_robot/robot/install/robot_msgs:/home/kaisar/warehouse_robot/robot/install/robot_launch:/home/kaisar/warehouse_robot/install/trp1_description:/home/kaisar/warehouse_robot/install/stage_ros2:/home/kaisar/warehouse_robot/install/stage:/home/kaisar/warehouse_robot/install/robot_msgs:/home/kaisar/warehouse_robot/install/nav2:/home/kaisar/warehouse_robot/robot/install/trp1_description:/home/kaisar/warehouse_robot/robot/install/stage_ros2:/home/kaisar/warehouse_robot/robot/install/ros2_http_client:/home/kaisar/warehouse_robot/robot/install/robot_status:/home/kaisar/warehouse_robot/robot/install/robot_planner:/opt/ros/jazzy:/home/kaisar/warehouse_robot/robot/install/stage:/home/kaisar/warehouse_robot/robot/install/nav2:/opt/ros/jazzy/opt/gz_sim_vendor:/opt/ros/jazzy/opt/gz_sensors_vendor:/opt/ros/jazzy/opt/gz_physics_vendor:/opt/ros/jazzy/opt/sdformat_vendor:/opt/ros/jazzy/opt/gz_gui_vendor:/opt/ros/jazzy/opt/gz_transport_vendor:/opt/ros/jazzy/opt/gz_rendering_vendor:/opt/ros/jazzy/opt/gz_plugin_vendor:/opt/ros/jazzy/opt/gz_fuel_tools_vendor:/opt/ros/jazzy/opt/gz_msgs_vendor:/opt/ros/jazzy/opt/gz_common_vendor:/opt/ros/jazzy/opt/gz_math_vendor:/opt/ros/jazzy/opt/gz_utils_vendor:/opt/ros/jazzy/opt/gz_tools_vendor:/opt/ros/jazzy/opt/gz_ogre_next_vendor:/opt/ros/jazzy/opt/gz_dartsim_vendor:/opt/ros/jazzy/opt/gz_cmake_vendor DEBUGINFOD_URLS=https://debuginfod.ubuntu.com LD_LIBRARY_PATH=/home/kaisar/warehouse_robot/robot/install/robot_msgs/lib:/home/kaisar/warehouse_robot/install/stage_ros2/lib:/home/kaisar/warehouse_robot/install/stage/lib:/home/kaisar/warehouse_robot/install/robot_msgs/lib:/home/kaisar/warehouse_robot/robot/install/stage_ros2/lib:/home/kaisar/warehouse_robot/robot/install/stage/lib:/opt/ros/jazzy/opt/gz_sim_vendor/lib:/opt/ros/jazzy/opt/gz_sensors_vendor/lib:/opt/ros/jazzy/opt/gz_physics_vendor/lib:/opt/ros/jazzy/opt/sdformat_vendor/lib:/opt/ros/jazzy/opt/rviz_ogre_vendor/lib:/opt/ros/jazzy/lib/x86_64-linux-gnu:/opt/ros/jazzy/opt/gz_gui_vendor/lib:/opt/ros/jazzy/opt/gz_transport_vendor/lib:/opt/ros/jazzy/opt/gz_rendering_vendor/lib:/opt/ros/jazzy/opt/gz_plugin_vendor/lib:/opt/ros/jazzy/opt/gz_fuel_tools_vendor/lib:/opt/ros/jazzy/opt/gz_msgs_vendor/lib:/opt/ros/jazzy/opt/gz_common_vendor/lib:/opt/ros/jazzy/opt/gz_math_vendor/lib:/opt/ros/jazzy/opt/gz_utils_vendor/lib:/opt/ros/jazzy/opt/gz_tools_vendor/lib:/opt/ros/jazzy/opt/gz_ogre_next_vendor/lib:/opt/ros/jazzy/opt/gz_dartsim_vendor/lib:/opt/ros/jazzy/opt/gz_cmake_vendor/lib:/opt/ros/jazzy/lib PYTHONPATH=/home/kaisar/warehouse_robot/robot/build/robot_status:/home/kaisar/warehouse_robot/robot/install/robot_status/lib/python3.12/site-packages:/home/kaisar/warehouse_robot/robot/build/robot_planner:/home/kaisar/warehouse_robot/robot/install/robot_planner/lib/python3.12/site-packages:/home/kaisar/warehouse_robot/robot/install/robot_msgs/lib/python3.12/site-packages:/home/kaisar/warehouse_robot/robot/build/ros2_http_client:/home/kaisar/warehouse_robot/robot/install/ros2_http_client/lib/python3.12/site-packages:/home/kaisar/warehouse_robot/install/robot_msgs/lib/python3.12/site-packages:/opt/ros/jazzy/lib/python/site-packages:/opt/ros/jazzy/lib/python3.12/site-packages /usr/bin/cmake --install /home/kaisar/warehouse_robot/robot/build/robot_launch
[6.717s] Level 1:colcon.colcon_core.environment:create_environment_scripts_only(robot_launch)
[6.717s] Level 1:colcon.colcon_core.environment:checking '/home/kaisar/warehouse_robot/robot/install/robot_launch' for CMake module files
[6.718s] DEBUG:colcon.colcon_core.event_handler.log_command:Invoked command in '/home/kaisar/warehouse_robot/robot/build/robot_launch' returned '0': AMENT_PREFIX_PATH=/home/kaisar/warehouse_robot/robot/install/robot_status:/home/kaisar/warehouse_robot/robot/install/robot_planner:/home/kaisar/warehouse_robot/robot/install/ros2_http_client:/home/kaisar/warehouse_robot/robot/install/robot_launch:/home/kaisar/warehouse_robot/install/trp1_description:/home/kaisar/warehouse_robot/install/stage_ros2:/home/kaisar/warehouse_robot/install/robot_msgs:/home/kaisar/warehouse_robot/install/nav2:/home/kaisar/warehouse_robot/robot/install/trp1_description:/home/kaisar/warehouse_robot/robot/install/stage_ros2:/home/kaisar/warehouse_robot/robot/install/robot_msgs:/home/kaisar/warehouse_robot/robot/install/nav2:/opt/ros/jazzy CMAKE_PREFIX_PATH=/home/kaisar/warehouse_robot/robot/install/robot_msgs:/home/kaisar/warehouse_robot/robot/install/robot_launch:/home/kaisar/warehouse_robot/install/trp1_description:/home/kaisar/warehouse_robot/install/stage_ros2:/home/kaisar/warehouse_robot/install/stage:/home/kaisar/warehouse_robot/install/robot_msgs:/home/kaisar/warehouse_robot/install/nav2:/home/kaisar/warehouse_robot/robot/install/trp1_description:/home/kaisar/warehouse_robot/robot/install/stage_ros2:/home/kaisar/warehouse_robot/robot/install/ros2_http_client:/home/kaisar/warehouse_robot/robot/install/robot_status:/home/kaisar/warehouse_robot/robot/install/robot_planner:/opt/ros/jazzy:/home/kaisar/warehouse_robot/robot/install/stage:/home/kaisar/warehouse_robot/robot/install/nav2:/opt/ros/jazzy/opt/gz_sim_vendor:/opt/ros/jazzy/opt/gz_sensors_vendor:/opt/ros/jazzy/opt/gz_physics_vendor:/opt/ros/jazzy/opt/sdformat_vendor:/opt/ros/jazzy/opt/gz_gui_vendor:/opt/ros/jazzy/opt/gz_transport_vendor:/opt/ros/jazzy/opt/gz_rendering_vendor:/opt/ros/jazzy/opt/gz_plugin_vendor:/opt/ros/jazzy/opt/gz_fuel_tools_vendor:/opt/ros/jazzy/opt/gz_msgs_vendor:/opt/ros/jazzy/opt/gz_common_vendor:/opt/ros/jazzy/opt/gz_math_vendor:/opt/ros/jazzy/opt/gz_utils_vendor:/opt/ros/jazzy/opt/gz_tools_vendor:/opt/ros/jazzy/opt/gz_ogre_next_vendor:/opt/ros/jazzy/opt/gz_dartsim_vendor:/opt/ros/jazzy/opt/gz_cmake_vendor DEBUGINFOD_URLS=https://debuginfod.ubuntu.com LD_LIBRARY_PATH=/home/kaisar/warehouse_robot/robot/install/robot_msgs/lib:/home/kaisar/warehouse_robot/install/stage_ros2/lib:/home/kaisar/warehouse_robot/install/stage/lib:/home/kaisar/warehouse_robot/install/robot_msgs/lib:/home/kaisar/warehouse_robot/robot/install/stage_ros2/lib:/home/kaisar/warehouse_robot/robot/install/stage/lib:/opt/ros/jazzy/opt/gz_sim_vendor/lib:/opt/ros/jazzy/opt/gz_sensors_vendor/lib:/opt/ros/jazzy/opt/gz_physics_vendor/lib:/opt/ros/jazzy/opt/sdformat_vendor/lib:/opt/ros/jazzy/opt/rviz_ogre_vendor/lib:/opt/ros/jazzy/lib/x86_64-linux-gnu:/opt/ros/jazzy/opt/gz_gui_vendor/lib:/opt/ros/jazzy/opt/gz_transport_vendor/lib:/opt/ros/jazzy/opt/gz_rendering_vendor/lib:/opt/ros/jazzy/opt/gz_plugin_vendor/lib:/opt/ros/jazzy/opt/gz_fuel_tools_vendor/lib:/opt/ros/jazzy/opt/gz_msgs_vendor/lib:/opt/ros/jazzy/opt/gz_common_vendor/lib:/opt/ros/jazzy/opt/gz_math_vendor/lib:/opt/ros/jazzy/opt/gz_utils_vendor/lib:/opt/ros/jazzy/opt/gz_tools_vendor/lib:/opt/ros/jazzy/opt/gz_ogre_next_vendor/lib:/opt/ros/jazzy/opt/gz_dartsim_vendor/lib:/opt/ros/jazzy/opt/gz_cmake_vendor/lib:/opt/ros/jazzy/lib PYTHONPATH=/home/kaisar/warehouse_robot/robot/build/robot_status:/home/kaisar/warehouse_robot/robot/install/robot_status/lib/python3.12/site-packages:/home/kaisar/warehouse_robot/robot/build/robot_planner:/home/kaisar/warehouse_robot/robot/install/robot_planner/lib/python3.12/site-packages:/home/kaisar/warehouse_robot/robot/install/robot_msgs/lib/python3.12/site-packages:/home/kaisar/warehouse_robot/robot/build/ros2_http_client:/home/kaisar/warehouse_robot/robot/install/ros2_http_client/lib/python3.12/site-packages:/home/kaisar/warehouse_robot/install/robot_msgs/lib/python3.12/site-packages:/opt/ros/jazzy/lib/python/site-packages:/opt/ros/jazzy/lib/python3.12/site-packages /usr/bin/cmake --install /home/kaisar/warehouse_robot/robot/build/robot_launch
[6.718s] Level 1:colcon.colcon_core.environment:checking '/home/kaisar/warehouse_robot/robot/install/robot_launch' for CMake config files
[6.719s] Level 1:colcon.colcon_core.shell:create_environment_hook('robot_launch', 'cmake_prefix_path')
[6.719s] INFO:colcon.colcon_core.shell:Creating environment hook '/home/kaisar/warehouse_robot/robot/install/robot_launch/share/robot_launch/hook/cmake_prefix_path.ps1'
[6.720s] INFO:colcon.colcon_core.shell:Creating environment descriptor '/home/kaisar/warehouse_robot/robot/install/robot_launch/share/robot_launch/hook/cmake_prefix_path.dsv'
[6.720s] INFO:colcon.colcon_core.shell:Creating environment hook '/home/kaisar/warehouse_robot/robot/install/robot_launch/share/robot_launch/hook/cmake_prefix_path.sh'
[6.721s] Level 1:colcon.colcon_core.environment:checking '/home/kaisar/warehouse_robot/robot/install/robot_launch/bin'
[6.721s] Level 1:colcon.colcon_core.environment:checking '/home/kaisar/warehouse_robot/robot/install/robot_launch/lib/pkgconfig/robot_launch.pc'
[6.722s] Level 1:colcon.colcon_core.environment:checking '/home/kaisar/warehouse_robot/robot/install/robot_launch/lib/python3.12/site-packages'
[6.722s] Level 1:colcon.colcon_core.environment:checking '/home/kaisar/warehouse_robot/robot/install/robot_launch/bin'
[6.722s] INFO:colcon.colcon_core.shell:Creating package script '/home/kaisar/warehouse_robot/robot/install/robot_launch/share/robot_launch/package.ps1'
[6.723s] INFO:colcon.colcon_core.shell:Creating package descriptor '/home/kaisar/warehouse_robot/robot/install/robot_launch/share/robot_launch/package.dsv'
[6.723s] INFO:colcon.colcon_core.shell:Creating package script '/home/kaisar/warehouse_robot/robot/install/robot_launch/share/robot_launch/package.sh'
[6.724s] INFO:colcon.colcon_core.shell:Creating package script '/home/kaisar/warehouse_robot/robot/install/robot_launch/share/robot_launch/package.bash'
[6.724s] INFO:colcon.colcon_core.shell:Creating package script '/home/kaisar/warehouse_robot/robot/install/robot_launch/share/robot_launch/package.zsh'
[6.725s] Level 1:colcon.colcon_core.environment:create_file_with_runtime_dependencies(/home/kaisar/warehouse_robot/robot/install/robot_launch/share/colcon-core/packages/robot_launch)
[6.725s] Level 1:colcon.colcon_core.environment:create_environment_scripts_only(robot_launch)
[6.725s] Level 1:colcon.colcon_core.environment:checking '/home/kaisar/warehouse_robot/robot/install/robot_launch' for CMake module files
[6.726s] Level 1:colcon.colcon_core.environment:checking '/home/kaisar/warehouse_robot/robot/install/robot_launch' for CMake config files
[6.726s] Level 1:colcon.colcon_core.shell:create_environment_hook('robot_launch', 'cmake_prefix_path')
[6.727s] INFO:colcon.colcon_core.shell:Creating environment hook '/home/kaisar/warehouse_robot/robot/install/robot_launch/share/robot_launch/hook/cmake_prefix_path.ps1'
[6.728s] INFO:colcon.colcon_core.shell:Creating environment descriptor '/home/kaisar/warehouse_robot/robot/install/robot_launch/share/robot_launch/hook/cmake_prefix_path.dsv'
[6.728s] INFO:colcon.colcon_core.shell:Creating environment hook '/home/kaisar/warehouse_robot/robot/install/robot_launch/share/robot_launch/hook/cmake_prefix_path.sh'
[6.729s] Level 1:colcon.colcon_core.environment:checking '/home/kaisar/warehouse_robot/robot/install/robot_launch/bin'
[6.729s] Level 1:colcon.colcon_core.environment:checking '/home/kaisar/warehouse_robot/robot/install/robot_launch/lib/pkgconfig/robot_launch.pc'
[6.729s] Level 1:colcon.colcon_core.environment:checking '/home/kaisar/warehouse_robot/robot/install/robot_launch/lib/python3.12/site-packages'
[6.729s] Level 1:colcon.colcon_core.environment:checking '/home/kaisar/warehouse_robot/robot/install/robot_launch/bin'
[6.729s] INFO:colcon.colcon_core.shell:Creating package script '/home/kaisar/warehouse_robot/robot/install/robot_launch/share/robot_launch/package.ps1'
[6.730s] INFO:colcon.colcon_core.shell:Creating package descriptor '/home/kaisar/warehouse_robot/robot/install/robot_launch/share/robot_launch/package.dsv'
[6.731s] INFO:colcon.colcon_core.shell:Creating package script '/home/kaisar/warehouse_robot/robot/install/robot_launch/share/robot_launch/package.sh'
[6.732s] INFO:colcon.colcon_core.shell:Creating package script '/home/kaisar/warehouse_robot/robot/install/robot_launch/share/robot_launch/package.bash'
[6.733s] INFO:colcon.colcon_core.shell:Creating package script '/home/kaisar/warehouse_robot/robot/install/robot_launch/share/robot_launch/package.zsh'
[6.734s] Level 1:colcon.colcon_core.environment:create_file_with_runtime_dependencies(/home/kaisar/warehouse_robot/robot/install/robot_launch/share/colcon-core/packages/robot_launch)
[6.735s] DEBUG:colcon.colcon_parallel_executor.executor.parallel:closing loop
[6.735s] DEBUG:colcon.colcon_parallel_executor.executor.parallel:loop closed
[6.735s] DEBUG:colcon.colcon_parallel_executor.executor.parallel:run_until_complete finished with '0'
[6.735s] DEBUG:colcon.colcon_core.event_reactor:joining thread
[6.743s] INFO:colcon.colcon_core.plugin_system:Skipping extension 'colcon_notification.desktop_notification.terminal_notifier': Not used on non-Darwin systems
[6.743s] INFO:colcon.colcon_core.plugin_system:Skipping extension 'colcon_notification.desktop_notification.win32': Not used on non-Windows systems
[6.743s] INFO:colcon.colcon_notification.desktop_notification:Sending desktop notification using 'notify2'
[6.763s] DEBUG:colcon.colcon_core.event_reactor:joined thread
[6.763s] INFO:colcon.colcon_core.shell:Creating prefix script '/home/kaisar/warehouse_robot/robot/install/local_setup.ps1'
[6.764s] INFO:colcon.colcon_core.shell:Creating prefix util module '/home/kaisar/warehouse_robot/robot/install/_local_setup_util_ps1.py'
[6.766s] INFO:colcon.colcon_core.shell:Creating prefix chain script '/home/kaisar/warehouse_robot/robot/install/setup.ps1'
[6.769s] INFO:colcon.colcon_core.shell:Creating prefix script '/home/kaisar/warehouse_robot/robot/install/local_setup.sh'
[6.770s] INFO:colcon.colcon_core.shell:Creating prefix util module '/home/kaisar/warehouse_robot/robot/install/_local_setup_util_sh.py'
[6.770s] INFO:colcon.colcon_core.shell:Creating prefix chain script '/home/kaisar/warehouse_robot/robot/install/setup.sh'
[6.772s] INFO:colcon.colcon_core.shell:Creating prefix script '/home/kaisar/warehouse_robot/robot/install/local_setup.bash'
[6.774s] INFO:colcon.colcon_core.shell:Creating prefix chain script '/home/kaisar/warehouse_robot/robot/install/setup.bash'
[6.777s] INFO:colcon.colcon_core.shell:Creating prefix script '/home/kaisar/warehouse_robot/robot/install/local_setup.zsh'
[6.778s] INFO:colcon.colcon_core.shell:Creating prefix chain script '/home/kaisar/warehouse_robot/robot/install/setup.zsh'
