[0.118s] DEBUG:colcon:Command line arguments: ['/usr/bin/colcon', 'build', '--symlink-install']
[0.119s] DEBUG:colcon:Parsed command line arguments: Namespace(log_base=None, log_level=None, verb_name='build', build_base='build', install_base='install', merge_install=False, symlink_install=True, test_result_base=None, continue_on_error=False, executor='parallel', parallel_workers=12, event_handlers=None, ignore_user_meta=False, metas=['./colcon.meta'], base_paths=['.'], packages_ignore=None, packages_ignore_regex=None, paths=None, packages_up_to=None, packages_up_to_regex=None, packages_above=None, packages_above_and_dependencies=None, packages_above_depth=None, packages_select_by_dep=None, packages_skip_by_dep=None, packages_skip_up_to=None, packages_select_build_failed=False, packages_skip_build_finished=False, packages_select_test_failures=False, packages_skip_test_passed=False, packages_select=None, packages_skip=None, packages_select_regex=None, packages_skip_regex=None, packages_start=None, packages_end=None, allow_overriding=[], cmake_args=None, cmake_target=None, cmake_target_skip_unavailable=False, cmake_clean_cache=False, cmake_clean_first=False, cmake_force_configure=False, ament_cmake_args=None, catkin_cmake_args=None, catkin_skip_building_tests=False, mixin_files=None, mixin=None, verb_parser=<colcon_mixin.mixin.mixin_argument.MixinArgumentDecorator object at 0x7e804b2949e0>, verb_extension=<colcon_core.verb.build.BuildVerb object at 0x7e804b1c4e00>, main=<bound method BuildVerb.main of <colcon_core.verb.build.BuildVerb object at 0x7e804b1c4e00>>, mixin_verb=('build',))
[0.155s] Level 1:colcon.colcon_core.package_discovery:discover_packages(colcon_meta) check parameters
[0.156s] Level 1:colcon.colcon_core.package_discovery:discover_packages(recursive) check parameters
[0.156s] Level 1:colcon.colcon_core.package_discovery:discover_packages(ignore) check parameters
[0.156s] Level 1:colcon.colcon_core.package_discovery:discover_packages(path) check parameters
[0.156s] Level 1:colcon.colcon_core.package_discovery:discover_packages(colcon_meta) discover
[0.156s] Level 1:colcon.colcon_core.package_discovery:discover_packages(recursive) discover
[0.156s] INFO:colcon.colcon_core.package_discovery:Crawling recursively for packages in '/home/kaisar/warehouse_robot/robot'
[0.156s] Level 1:colcon.colcon_core.package_identification:_identify(.) by extensions ['ignore', 'ignore_ament_install']
[0.156s] Level 1:colcon.colcon_core.package_identification:_identify(.) by extension 'ignore'
[0.156s] Level 1:colcon.colcon_core.package_identification:_identify(.) by extension 'ignore_ament_install'
[0.156s] Level 1:colcon.colcon_core.package_identification:_identify(.) by extensions ['colcon_pkg']
[0.156s] Level 1:colcon.colcon_core.package_identification:_identify(.) by extension 'colcon_pkg'
[0.156s] Level 1:colcon.colcon_core.package_identification:_identify(.) by extensions ['colcon_meta']
[0.156s] Level 1:colcon.colcon_core.package_identification:_identify(.) by extension 'colcon_meta'
[0.156s] Level 1:colcon.colcon_core.package_identification:_identify(.) by extensions ['ros']
[0.156s] Level 1:colcon.colcon_core.package_identification:_identify(.) by extension 'ros'
[0.178s] Level 1:colcon.colcon_core.package_identification:_identify(.) by extensions ['cmake', 'python']
[0.178s] Level 1:colcon.colcon_core.package_identification:_identify(.) by extension 'cmake'
[0.179s] Level 1:colcon.colcon_core.package_identification:_identify(.) by extension 'python'
[0.179s] Level 1:colcon.colcon_core.package_identification:_identify(.) by extensions ['python_setup_py']
[0.179s] Level 1:colcon.colcon_core.package_identification:_identify(.) by extension 'python_setup_py'
[0.179s] Level 1:colcon.colcon_core.package_identification:_identify(build) by extensions ['ignore', 'ignore_ament_install']
[0.179s] Level 1:colcon.colcon_core.package_identification:_identify(build) by extension 'ignore'
[0.179s] Level 1:colcon.colcon_core.package_identification:_identify(build) ignored
[0.179s] Level 1:colcon.colcon_core.package_identification:_identify(install) by extensions ['ignore', 'ignore_ament_install']
[0.179s] Level 1:colcon.colcon_core.package_identification:_identify(install) by extension 'ignore'
[0.179s] Level 1:colcon.colcon_core.package_identification:_identify(install) ignored
[0.179s] Level 1:colcon.colcon_core.package_identification:_identify(log) by extensions ['ignore', 'ignore_ament_install']
[0.179s] Level 1:colcon.colcon_core.package_identification:_identify(log) by extension 'ignore'
[0.179s] Level 1:colcon.colcon_core.package_identification:_identify(log) ignored
[0.179s] Level 1:colcon.colcon_core.package_identification:_identify(ws) by extensions ['ignore', 'ignore_ament_install']
[0.179s] Level 1:colcon.colcon_core.package_identification:_identify(ws) by extension 'ignore'
[0.179s] Level 1:colcon.colcon_core.package_identification:_identify(ws) by extension 'ignore_ament_install'
[0.179s] Level 1:colcon.colcon_core.package_identification:_identify(ws) by extensions ['colcon_pkg']
[0.180s] Level 1:colcon.colcon_core.package_identification:_identify(ws) by extension 'colcon_pkg'
[0.180s] Level 1:colcon.colcon_core.package_identification:_identify(ws) by extensions ['colcon_meta']
[0.180s] Level 1:colcon.colcon_core.package_identification:_identify(ws) by extension 'colcon_meta'
[0.180s] Level 1:colcon.colcon_core.package_identification:_identify(ws) by extensions ['ros']
[0.180s] Level 1:colcon.colcon_core.package_identification:_identify(ws) by extension 'ros'
[0.180s] Level 1:colcon.colcon_core.package_identification:_identify(ws) by extensions ['cmake', 'python']
[0.180s] Level 1:colcon.colcon_core.package_identification:_identify(ws) by extension 'cmake'
[0.180s] Level 1:colcon.colcon_core.package_identification:_identify(ws) by extension 'python'
[0.180s] Level 1:colcon.colcon_core.package_identification:_identify(ws) by extensions ['python_setup_py']
[0.180s] Level 1:colcon.colcon_core.package_identification:_identify(ws) by extension 'python_setup_py'
[0.180s] Level 1:colcon.colcon_core.package_identification:_identify(ws/src) by extensions ['ignore', 'ignore_ament_install']
[0.180s] Level 1:colcon.colcon_core.package_identification:_identify(ws/src) by extension 'ignore'
[0.180s] Level 1:colcon.colcon_core.package_identification:_identify(ws/src) by extension 'ignore_ament_install'
[0.180s] Level 1:colcon.colcon_core.package_identification:_identify(ws/src) by extensions ['colcon_pkg']
[0.180s] Level 1:colcon.colcon_core.package_identification:_identify(ws/src) by extension 'colcon_pkg'
[0.180s] Level 1:colcon.colcon_core.package_identification:_identify(ws/src) by extensions ['colcon_meta']
[0.180s] Level 1:colcon.colcon_core.package_identification:_identify(ws/src) by extension 'colcon_meta'
[0.180s] Level 1:colcon.colcon_core.package_identification:_identify(ws/src) by extensions ['ros']
[0.180s] Level 1:colcon.colcon_core.package_identification:_identify(ws/src) by extension 'ros'
[0.180s] Level 1:colcon.colcon_core.package_identification:_identify(ws/src) by extensions ['cmake', 'python']
[0.180s] Level 1:colcon.colcon_core.package_identification:_identify(ws/src) by extension 'cmake'
[0.180s] Level 1:colcon.colcon_core.package_identification:_identify(ws/src) by extension 'python'
[0.180s] Level 1:colcon.colcon_core.package_identification:_identify(ws/src) by extensions ['python_setup_py']
[0.180s] Level 1:colcon.colcon_core.package_identification:_identify(ws/src) by extension 'python_setup_py'
[0.180s] Level 1:colcon.colcon_core.package_identification:_identify(ws/src/Stage) by extensions ['ignore', 'ignore_ament_install']
[0.181s] Level 1:colcon.colcon_core.package_identification:_identify(ws/src/Stage) by extension 'ignore'
[0.181s] Level 1:colcon.colcon_core.package_identification:_identify(ws/src/Stage) by extension 'ignore_ament_install'
[0.181s] Level 1:colcon.colcon_core.package_identification:_identify(ws/src/Stage) by extensions ['colcon_pkg']
[0.181s] Level 1:colcon.colcon_core.package_identification:_identify(ws/src/Stage) by extension 'colcon_pkg'
[0.181s] Level 1:colcon.colcon_core.package_identification:_identify(ws/src/Stage) by extensions ['colcon_meta']
[0.181s] Level 1:colcon.colcon_core.package_identification:_identify(ws/src/Stage) by extension 'colcon_meta'
[0.181s] Level 1:colcon.colcon_core.package_identification:_identify(ws/src/Stage) by extensions ['ros']
[0.181s] Level 1:colcon.colcon_core.package_identification:_identify(ws/src/Stage) by extension 'ros'
[0.183s] DEBUG:colcon.colcon_core.package_identification:Package 'ws/src/Stage' with type 'ros.catkin' and name 'stage'
[0.183s] Level 1:colcon.colcon_core.package_identification:_identify(ws/src/nav2) by extensions ['ignore', 'ignore_ament_install']
[0.183s] Level 1:colcon.colcon_core.package_identification:_identify(ws/src/nav2) by extension 'ignore'
[0.183s] Level 1:colcon.colcon_core.package_identification:_identify(ws/src/nav2) by extension 'ignore_ament_install'
[0.183s] Level 1:colcon.colcon_core.package_identification:_identify(ws/src/nav2) by extensions ['colcon_pkg']
[0.183s] Level 1:colcon.colcon_core.package_identification:_identify(ws/src/nav2) by extension 'colcon_pkg'
[0.183s] Level 1:colcon.colcon_core.package_identification:_identify(ws/src/nav2) by extensions ['colcon_meta']
[0.183s] Level 1:colcon.colcon_core.package_identification:_identify(ws/src/nav2) by extension 'colcon_meta'
[0.183s] Level 1:colcon.colcon_core.package_identification:_identify(ws/src/nav2) by extensions ['ros']
[0.183s] Level 1:colcon.colcon_core.package_identification:_identify(ws/src/nav2) by extension 'ros'
[0.186s] DEBUG:colcon.colcon_core.package_identification:Package 'ws/src/nav2' with type 'ros.ament_cmake' and name 'nav2'
[0.186s] Level 1:colcon.colcon_core.package_identification:_identify(ws/src/robot_http_api) by extensions ['ignore', 'ignore_ament_install']
[0.186s] Level 1:colcon.colcon_core.package_identification:_identify(ws/src/robot_http_api) by extension 'ignore'
[0.186s] Level 1:colcon.colcon_core.package_identification:_identify(ws/src/robot_http_api) by extension 'ignore_ament_install'
[0.186s] Level 1:colcon.colcon_core.package_identification:_identify(ws/src/robot_http_api) by extensions ['colcon_pkg']
[0.186s] Level 1:colcon.colcon_core.package_identification:_identify(ws/src/robot_http_api) by extension 'colcon_pkg'
[0.186s] Level 1:colcon.colcon_core.package_identification:_identify(ws/src/robot_http_api) by extensions ['colcon_meta']
[0.186s] Level 1:colcon.colcon_core.package_identification:_identify(ws/src/robot_http_api) by extension 'colcon_meta'
[0.186s] Level 1:colcon.colcon_core.package_identification:_identify(ws/src/robot_http_api) by extensions ['ros']
[0.186s] Level 1:colcon.colcon_core.package_identification:_identify(ws/src/robot_http_api) by extension 'ros'
[0.187s] DEBUG:colcon.colcon_core.package_identification:Package 'ws/src/robot_http_api' with type 'ros.ament_python' and name 'robot_http_api'
[0.187s] Level 1:colcon.colcon_core.package_identification:_identify(ws/src/robot_msgs) by extensions ['ignore', 'ignore_ament_install']
[0.187s] Level 1:colcon.colcon_core.package_identification:_identify(ws/src/robot_msgs) by extension 'ignore'
[0.187s] Level 1:colcon.colcon_core.package_identification:_identify(ws/src/robot_msgs) by extension 'ignore_ament_install'
[0.187s] Level 1:colcon.colcon_core.package_identification:_identify(ws/src/robot_msgs) by extensions ['colcon_pkg']
[0.187s] Level 1:colcon.colcon_core.package_identification:_identify(ws/src/robot_msgs) by extension 'colcon_pkg'
[0.187s] Level 1:colcon.colcon_core.package_identification:_identify(ws/src/robot_msgs) by extensions ['colcon_meta']
[0.187s] Level 1:colcon.colcon_core.package_identification:_identify(ws/src/robot_msgs) by extension 'colcon_meta'
[0.187s] Level 1:colcon.colcon_core.package_identification:_identify(ws/src/robot_msgs) by extensions ['ros']
[0.187s] Level 1:colcon.colcon_core.package_identification:_identify(ws/src/robot_msgs) by extension 'ros'
[0.187s] DEBUG:colcon.colcon_core.package_identification:Package 'ws/src/robot_msgs' with type 'ros.ament_cmake' and name 'robot_msgs'
[0.188s] Level 1:colcon.colcon_core.package_identification:_identify(ws/src/robot_planner) by extensions ['ignore', 'ignore_ament_install']
[0.188s] Level 1:colcon.colcon_core.package_identification:_identify(ws/src/robot_planner) by extension 'ignore'
[0.188s] Level 1:colcon.colcon_core.package_identification:_identify(ws/src/robot_planner) by extension 'ignore_ament_install'
[0.188s] Level 1:colcon.colcon_core.package_identification:_identify(ws/src/robot_planner) by extensions ['colcon_pkg']
[0.188s] Level 1:colcon.colcon_core.package_identification:_identify(ws/src/robot_planner) by extension 'colcon_pkg'
[0.188s] Level 1:colcon.colcon_core.package_identification:_identify(ws/src/robot_planner) by extensions ['colcon_meta']
[0.188s] Level 1:colcon.colcon_core.package_identification:_identify(ws/src/robot_planner) by extension 'colcon_meta'
[0.188s] Level 1:colcon.colcon_core.package_identification:_identify(ws/src/robot_planner) by extensions ['ros']
[0.188s] Level 1:colcon.colcon_core.package_identification:_identify(ws/src/robot_planner) by extension 'ros'
[0.188s] DEBUG:colcon.colcon_core.package_identification:Package 'ws/src/robot_planner' with type 'ros.ament_python' and name 'robot_planner'
[0.188s] Level 1:colcon.colcon_core.package_identification:_identify(ws/src/stage_ros2) by extensions ['ignore', 'ignore_ament_install']
[0.188s] Level 1:colcon.colcon_core.package_identification:_identify(ws/src/stage_ros2) by extension 'ignore'
[0.188s] Level 1:colcon.colcon_core.package_identification:_identify(ws/src/stage_ros2) by extension 'ignore_ament_install'
[0.189s] Level 1:colcon.colcon_core.package_identification:_identify(ws/src/stage_ros2) by extensions ['colcon_pkg']
[0.189s] Level 1:colcon.colcon_core.package_identification:_identify(ws/src/stage_ros2) by extension 'colcon_pkg'
[0.189s] Level 1:colcon.colcon_core.package_identification:_identify(ws/src/stage_ros2) by extensions ['colcon_meta']
[0.189s] Level 1:colcon.colcon_core.package_identification:_identify(ws/src/stage_ros2) by extension 'colcon_meta'
[0.189s] Level 1:colcon.colcon_core.package_identification:_identify(ws/src/stage_ros2) by extensions ['ros']
[0.189s] Level 1:colcon.colcon_core.package_identification:_identify(ws/src/stage_ros2) by extension 'ros'
[0.189s] DEBUG:colcon.colcon_core.package_identification:Package 'ws/src/stage_ros2' with type 'ros.ament_cmake' and name 'stage_ros2'
[0.190s] Level 1:colcon.colcon_core.package_identification:_identify(ws/src/trp1_description) by extensions ['ignore', 'ignore_ament_install']
[0.190s] Level 1:colcon.colcon_core.package_identification:_identify(ws/src/trp1_description) by extension 'ignore'
[0.190s] Level 1:colcon.colcon_core.package_identification:_identify(ws/src/trp1_description) by extension 'ignore_ament_install'
[0.190s] Level 1:colcon.colcon_core.package_identification:_identify(ws/src/trp1_description) by extensions ['colcon_pkg']
[0.190s] Level 1:colcon.colcon_core.package_identification:_identify(ws/src/trp1_description) by extension 'colcon_pkg'
[0.190s] Level 1:colcon.colcon_core.package_identification:_identify(ws/src/trp1_description) by extensions ['colcon_meta']
[0.190s] Level 1:colcon.colcon_core.package_identification:_identify(ws/src/trp1_description) by extension 'colcon_meta'
[0.190s] Level 1:colcon.colcon_core.package_identification:_identify(ws/src/trp1_description) by extensions ['ros']
[0.190s] Level 1:colcon.colcon_core.package_identification:_identify(ws/src/trp1_description) by extension 'ros'
[0.190s] DEBUG:colcon.colcon_core.package_identification:Package 'ws/src/trp1_description' with type 'ros.ament_cmake' and name 'trp1_description'
[0.191s] Level 1:colcon.colcon_core.package_discovery:discover_packages(recursive) using defaults
[0.191s] Level 1:colcon.colcon_core.package_discovery:discover_packages(ignore) discover
[0.191s] Level 1:colcon.colcon_core.package_discovery:discover_packages(ignore) using defaults
[0.191s] Level 1:colcon.colcon_core.package_discovery:discover_packages(path) discover
[0.191s] Level 1:colcon.colcon_core.package_discovery:discover_packages(path) using defaults
[0.209s] Level 1:colcon.colcon_core.package_discovery:discover_packages(prefix_path) check parameters
[0.209s] Level 1:colcon.colcon_core.package_discovery:discover_packages(prefix_path) discover
[0.210s] WARNING:colcon.colcon_ros.prefix_path.ament:The path '/home/kaisar/warehouse_robot/robot/install/trp1_description' in the environment variable AMENT_PREFIX_PATH doesn't exist
[0.210s] WARNING:colcon.colcon_ros.prefix_path.ament:The path '/home/kaisar/warehouse_robot/robot/install/stage_ros2' in the environment variable AMENT_PREFIX_PATH doesn't exist
[0.210s] WARNING:colcon.colcon_ros.prefix_path.ament:The path '/home/kaisar/warehouse_robot/robot/install/robot_msgs' in the environment variable AMENT_PREFIX_PATH doesn't exist
[0.211s] WARNING:colcon.colcon_ros.prefix_path.ament:The path '/home/kaisar/warehouse_robot/robot/install/nav2' in the environment variable AMENT_PREFIX_PATH doesn't exist
[0.211s] WARNING:colcon.colcon_ros.prefix_path.catkin:The path '/home/kaisar/warehouse_robot/robot/install/trp1_description' in the environment variable CMAKE_PREFIX_PATH doesn't exist
[0.211s] WARNING:colcon.colcon_ros.prefix_path.catkin:The path '/home/kaisar/warehouse_robot/robot/install/stage_ros2' in the environment variable CMAKE_PREFIX_PATH doesn't exist
[0.211s] WARNING:colcon.colcon_ros.prefix_path.catkin:The path '/home/kaisar/warehouse_robot/robot/install/stage' in the environment variable CMAKE_PREFIX_PATH doesn't exist
[0.211s] WARNING:colcon.colcon_ros.prefix_path.catkin:The path '/home/kaisar/warehouse_robot/robot/install/robot_msgs' in the environment variable CMAKE_PREFIX_PATH doesn't exist
[0.211s] WARNING:colcon.colcon_ros.prefix_path.catkin:The path '/home/kaisar/warehouse_robot/robot/install/nav2' in the environment variable CMAKE_PREFIX_PATH doesn't exist
[0.212s] DEBUG:colcon.colcon_installed_package_information.package_discovery:Found 5 installed packages in /home/kaisar/warehouse_robot/install
[0.212s] DEBUG:colcon.colcon_installed_package_information.package_discovery:Found 0 installed packages in /home/kaisar/warehouse_robot/robot/install
[0.214s] DEBUG:colcon.colcon_installed_package_information.package_discovery:Found 498 installed packages in /opt/ros/jazzy
[0.216s] Level 1:colcon.colcon_core.package_discovery:discover_packages(prefix_path) using defaults
[0.291s] Level 5:colcon.colcon_core.verb:set package 'nav2' build argument 'cmake_args' from command line to 'None'
[0.291s] Level 5:colcon.colcon_core.verb:set package 'nav2' build argument 'cmake_target' from command line to 'None'
[0.291s] Level 5:colcon.colcon_core.verb:set package 'nav2' build argument 'cmake_target_skip_unavailable' from command line to 'False'
[0.291s] Level 5:colcon.colcon_core.verb:set package 'nav2' build argument 'cmake_clean_cache' from command line to 'False'
[0.291s] Level 5:colcon.colcon_core.verb:set package 'nav2' build argument 'cmake_clean_first' from command line to 'False'
[0.291s] Level 5:colcon.colcon_core.verb:set package 'nav2' build argument 'cmake_force_configure' from command line to 'False'
[0.291s] Level 5:colcon.colcon_core.verb:set package 'nav2' build argument 'ament_cmake_args' from command line to 'None'
[0.291s] Level 5:colcon.colcon_core.verb:set package 'nav2' build argument 'catkin_cmake_args' from command line to 'None'
[0.291s] Level 5:colcon.colcon_core.verb:set package 'nav2' build argument 'catkin_skip_building_tests' from command line to 'False'
[0.291s] DEBUG:colcon.colcon_core.verb:Building package 'nav2' with the following arguments: {'ament_cmake_args': None, 'build_base': '/home/kaisar/warehouse_robot/robot/build/nav2', 'catkin_cmake_args': None, 'catkin_skip_building_tests': False, 'cmake_args': None, 'cmake_clean_cache': False, 'cmake_clean_first': False, 'cmake_force_configure': False, 'cmake_target': None, 'cmake_target_skip_unavailable': False, 'install_base': '/home/kaisar/warehouse_robot/robot/install/nav2', 'merge_install': False, 'path': '/home/kaisar/warehouse_robot/robot/ws/src/nav2', 'symlink_install': True, 'test_result_base': None}
[0.291s] Level 5:colcon.colcon_core.verb:set package 'robot_msgs' build argument 'cmake_args' from command line to 'None'
[0.291s] Level 5:colcon.colcon_core.verb:set package 'robot_msgs' build argument 'cmake_target' from command line to 'None'
[0.291s] Level 5:colcon.colcon_core.verb:set package 'robot_msgs' build argument 'cmake_target_skip_unavailable' from command line to 'False'
[0.291s] Level 5:colcon.colcon_core.verb:set package 'robot_msgs' build argument 'cmake_clean_cache' from command line to 'False'
[0.291s] Level 5:colcon.colcon_core.verb:set package 'robot_msgs' build argument 'cmake_clean_first' from command line to 'False'
[0.291s] Level 5:colcon.colcon_core.verb:set package 'robot_msgs' build argument 'cmake_force_configure' from command line to 'False'
[0.291s] Level 5:colcon.colcon_core.verb:set package 'robot_msgs' build argument 'ament_cmake_args' from command line to 'None'
[0.291s] Level 5:colcon.colcon_core.verb:set package 'robot_msgs' build argument 'catkin_cmake_args' from command line to 'None'
[0.291s] Level 5:colcon.colcon_core.verb:set package 'robot_msgs' build argument 'catkin_skip_building_tests' from command line to 'False'
[0.291s] DEBUG:colcon.colcon_core.verb:Building package 'robot_msgs' with the following arguments: {'ament_cmake_args': None, 'build_base': '/home/kaisar/warehouse_robot/robot/build/robot_msgs', 'catkin_cmake_args': None, 'catkin_skip_building_tests': False, 'cmake_args': None, 'cmake_clean_cache': False, 'cmake_clean_first': False, 'cmake_force_configure': False, 'cmake_target': None, 'cmake_target_skip_unavailable': False, 'install_base': '/home/kaisar/warehouse_robot/robot/install/robot_msgs', 'merge_install': False, 'path': '/home/kaisar/warehouse_robot/robot/ws/src/robot_msgs', 'symlink_install': True, 'test_result_base': None}
[0.291s] Level 5:colcon.colcon_core.verb:set package 'stage' build argument 'cmake_args' from command line to 'None'
[0.291s] Level 5:colcon.colcon_core.verb:set package 'stage' build argument 'cmake_target' from command line to 'None'
[0.292s] Level 5:colcon.colcon_core.verb:set package 'stage' build argument 'cmake_target_skip_unavailable' from command line to 'False'
[0.292s] Level 5:colcon.colcon_core.verb:set package 'stage' build argument 'cmake_clean_cache' from command line to 'False'
[0.292s] Level 5:colcon.colcon_core.verb:set package 'stage' build argument 'cmake_clean_first' from command line to 'False'
[0.292s] Level 5:colcon.colcon_core.verb:set package 'stage' build argument 'cmake_force_configure' from command line to 'False'
[0.292s] Level 5:colcon.colcon_core.verb:set package 'stage' build argument 'ament_cmake_args' from command line to 'None'
[0.292s] Level 5:colcon.colcon_core.verb:set package 'stage' build argument 'catkin_cmake_args' from command line to 'None'
[0.292s] Level 5:colcon.colcon_core.verb:set package 'stage' build argument 'catkin_skip_building_tests' from command line to 'False'
[0.292s] DEBUG:colcon.colcon_core.verb:Building package 'stage' with the following arguments: {'ament_cmake_args': None, 'build_base': '/home/kaisar/warehouse_robot/robot/build/stage', 'catkin_cmake_args': None, 'catkin_skip_building_tests': False, 'cmake_args': None, 'cmake_clean_cache': False, 'cmake_clean_first': False, 'cmake_force_configure': False, 'cmake_target': None, 'cmake_target_skip_unavailable': False, 'install_base': '/home/kaisar/warehouse_robot/robot/install/stage', 'merge_install': False, 'path': '/home/kaisar/warehouse_robot/robot/ws/src/Stage', 'symlink_install': True, 'test_result_base': None}
[0.292s] Level 5:colcon.colcon_core.verb:set package 'trp1_description' build argument 'cmake_args' from command line to 'None'
[0.292s] Level 5:colcon.colcon_core.verb:set package 'trp1_description' build argument 'cmake_target' from command line to 'None'
[0.292s] Level 5:colcon.colcon_core.verb:set package 'trp1_description' build argument 'cmake_target_skip_unavailable' from command line to 'False'
[0.292s] Level 5:colcon.colcon_core.verb:set package 'trp1_description' build argument 'cmake_clean_cache' from command line to 'False'
[0.292s] Level 5:colcon.colcon_core.verb:set package 'trp1_description' build argument 'cmake_clean_first' from command line to 'False'
[0.292s] Level 5:colcon.colcon_core.verb:set package 'trp1_description' build argument 'cmake_force_configure' from command line to 'False'
[0.292s] Level 5:colcon.colcon_core.verb:set package 'trp1_description' build argument 'ament_cmake_args' from command line to 'None'
[0.292s] Level 5:colcon.colcon_core.verb:set package 'trp1_description' build argument 'catkin_cmake_args' from command line to 'None'
[0.292s] Level 5:colcon.colcon_core.verb:set package 'trp1_description' build argument 'catkin_skip_building_tests' from command line to 'False'
[0.292s] DEBUG:colcon.colcon_core.verb:Building package 'trp1_description' with the following arguments: {'ament_cmake_args': None, 'build_base': '/home/kaisar/warehouse_robot/robot/build/trp1_description', 'catkin_cmake_args': None, 'catkin_skip_building_tests': False, 'cmake_args': None, 'cmake_clean_cache': False, 'cmake_clean_first': False, 'cmake_force_configure': False, 'cmake_target': None, 'cmake_target_skip_unavailable': False, 'install_base': '/home/kaisar/warehouse_robot/robot/install/trp1_description', 'merge_install': False, 'path': '/home/kaisar/warehouse_robot/robot/ws/src/trp1_description', 'symlink_install': True, 'test_result_base': None}
[0.292s] Level 5:colcon.colcon_core.verb:set package 'robot_planner' build argument 'cmake_args' from command line to 'None'
[0.292s] Level 5:colcon.colcon_core.verb:set package 'robot_planner' build argument 'cmake_target' from command line to 'None'
[0.292s] Level 5:colcon.colcon_core.verb:set package 'robot_planner' build argument 'cmake_target_skip_unavailable' from command line to 'False'
[0.292s] Level 5:colcon.colcon_core.verb:set package 'robot_planner' build argument 'cmake_clean_cache' from command line to 'False'
[0.292s] Level 5:colcon.colcon_core.verb:set package 'robot_planner' build argument 'cmake_clean_first' from command line to 'False'
[0.292s] Level 5:colcon.colcon_core.verb:set package 'robot_planner' build argument 'cmake_force_configure' from command line to 'False'
[0.292s] Level 5:colcon.colcon_core.verb:set package 'robot_planner' build argument 'ament_cmake_args' from command line to 'None'
[0.292s] Level 5:colcon.colcon_core.verb:set package 'robot_planner' build argument 'catkin_cmake_args' from command line to 'None'
[0.292s] Level 5:colcon.colcon_core.verb:set package 'robot_planner' build argument 'catkin_skip_building_tests' from command line to 'False'
[0.292s] DEBUG:colcon.colcon_core.verb:Building package 'robot_planner' with the following arguments: {'ament_cmake_args': None, 'build_base': '/home/kaisar/warehouse_robot/robot/build/robot_planner', 'catkin_cmake_args': None, 'catkin_skip_building_tests': False, 'cmake_args': None, 'cmake_clean_cache': False, 'cmake_clean_first': False, 'cmake_force_configure': False, 'cmake_target': None, 'cmake_target_skip_unavailable': False, 'install_base': '/home/kaisar/warehouse_robot/robot/install/robot_planner', 'merge_install': False, 'path': '/home/kaisar/warehouse_robot/robot/ws/src/robot_planner', 'symlink_install': True, 'test_result_base': None}
[0.293s] Level 5:colcon.colcon_core.verb:set package 'stage_ros2' build argument 'cmake_args' from command line to 'None'
[0.293s] Level 5:colcon.colcon_core.verb:set package 'stage_ros2' build argument 'cmake_target' from command line to 'None'
[0.293s] Level 5:colcon.colcon_core.verb:set package 'stage_ros2' build argument 'cmake_target_skip_unavailable' from command line to 'False'
[0.293s] Level 5:colcon.colcon_core.verb:set package 'stage_ros2' build argument 'cmake_clean_cache' from command line to 'False'
[0.293s] Level 5:colcon.colcon_core.verb:set package 'stage_ros2' build argument 'cmake_clean_first' from command line to 'False'
[0.293s] Level 5:colcon.colcon_core.verb:set package 'stage_ros2' build argument 'cmake_force_configure' from command line to 'False'
[0.293s] Level 5:colcon.colcon_core.verb:set package 'stage_ros2' build argument 'ament_cmake_args' from command line to 'None'
[0.293s] Level 5:colcon.colcon_core.verb:set package 'stage_ros2' build argument 'catkin_cmake_args' from command line to 'None'
[0.293s] Level 5:colcon.colcon_core.verb:set package 'stage_ros2' build argument 'catkin_skip_building_tests' from command line to 'False'
[0.293s] DEBUG:colcon.colcon_core.verb:Building package 'stage_ros2' with the following arguments: {'ament_cmake_args': None, 'build_base': '/home/kaisar/warehouse_robot/robot/build/stage_ros2', 'catkin_cmake_args': None, 'catkin_skip_building_tests': False, 'cmake_args': None, 'cmake_clean_cache': False, 'cmake_clean_first': False, 'cmake_force_configure': False, 'cmake_target': None, 'cmake_target_skip_unavailable': False, 'install_base': '/home/kaisar/warehouse_robot/robot/install/stage_ros2', 'merge_install': False, 'path': '/home/kaisar/warehouse_robot/robot/ws/src/stage_ros2', 'symlink_install': True, 'test_result_base': None}
[0.293s] Level 5:colcon.colcon_core.verb:set package 'robot_http_api' build argument 'cmake_args' from command line to 'None'
[0.293s] Level 5:colcon.colcon_core.verb:set package 'robot_http_api' build argument 'cmake_target' from command line to 'None'
[0.293s] Level 5:colcon.colcon_core.verb:set package 'robot_http_api' build argument 'cmake_target_skip_unavailable' from command line to 'False'
[0.293s] Level 5:colcon.colcon_core.verb:set package 'robot_http_api' build argument 'cmake_clean_cache' from command line to 'False'
[0.293s] Level 5:colcon.colcon_core.verb:set package 'robot_http_api' build argument 'cmake_clean_first' from command line to 'False'
[0.293s] Level 5:colcon.colcon_core.verb:set package 'robot_http_api' build argument 'cmake_force_configure' from command line to 'False'
[0.293s] Level 5:colcon.colcon_core.verb:set package 'robot_http_api' build argument 'ament_cmake_args' from command line to 'None'
[0.293s] Level 5:colcon.colcon_core.verb:set package 'robot_http_api' build argument 'catkin_cmake_args' from command line to 'None'
[0.293s] Level 5:colcon.colcon_core.verb:set package 'robot_http_api' build argument 'catkin_skip_building_tests' from command line to 'False'
[0.293s] DEBUG:colcon.colcon_core.verb:Building package 'robot_http_api' with the following arguments: {'ament_cmake_args': None, 'build_base': '/home/kaisar/warehouse_robot/robot/build/robot_http_api', 'catkin_cmake_args': None, 'catkin_skip_building_tests': False, 'cmake_args': None, 'cmake_clean_cache': False, 'cmake_clean_first': False, 'cmake_force_configure': False, 'cmake_target': None, 'cmake_target_skip_unavailable': False, 'install_base': '/home/kaisar/warehouse_robot/robot/install/robot_http_api', 'merge_install': False, 'path': '/home/kaisar/warehouse_robot/robot/ws/src/robot_http_api', 'symlink_install': True, 'test_result_base': None}
[0.293s] INFO:colcon.colcon_core.executor:Executing jobs using 'parallel' executor
[0.294s] DEBUG:colcon.colcon_parallel_executor.executor.parallel:run_until_complete
[0.294s] INFO:colcon.colcon_ros.task.ament_cmake.build:Building ROS package in '/home/kaisar/warehouse_robot/robot/ws/src/robot_msgs' with build type 'ament_cmake'
[0.294s] INFO:colcon.colcon_cmake.task.cmake.build:Building CMake package in '/home/kaisar/warehouse_robot/robot/ws/src/robot_msgs'
[0.296s] INFO:colcon.colcon_core.plugin_system:Skipping extension 'colcon_core.shell.bat': Not used on non-Windows systems
[0.296s] INFO:colcon.colcon_core.shell:Skip shell extension 'powershell' for command environment: Not usable outside of PowerShell
[0.296s] DEBUG:colcon.colcon_core.shell:Skip shell extension 'dsv' for command environment
[0.301s] INFO:colcon.colcon_ros.task.catkin.build:Building ROS package in '/home/kaisar/warehouse_robot/robot/ws/src/Stage' with build type 'catkin'
[0.301s] INFO:colcon.colcon_cmake.task.cmake.build:Building CMake package in '/home/kaisar/warehouse_robot/robot/ws/src/Stage'
[0.302s] INFO:colcon.colcon_core.shell:Skip shell extension 'powershell' for command environment: Not usable outside of PowerShell
[0.302s] DEBUG:colcon.colcon_core.shell:Skip shell extension 'dsv' for command environment
[0.306s] INFO:colcon.colcon_ros.task.ament_cmake.build:Building ROS package in '/home/kaisar/warehouse_robot/robot/ws/src/nav2' with build type 'ament_cmake'
[0.306s] INFO:colcon.colcon_cmake.task.cmake.build:Building CMake package in '/home/kaisar/warehouse_robot/robot/ws/src/nav2'
[0.306s] INFO:colcon.colcon_core.shell:Skip shell extension 'powershell' for command environment: Not usable outside of PowerShell
[0.306s] DEBUG:colcon.colcon_core.shell:Skip shell extension 'dsv' for command environment
[0.311s] INFO:colcon.colcon_ros.task.ament_cmake.build:Building ROS package in '/home/kaisar/warehouse_robot/robot/ws/src/trp1_description' with build type 'ament_cmake'
[0.311s] INFO:colcon.colcon_cmake.task.cmake.build:Building CMake package in '/home/kaisar/warehouse_robot/robot/ws/src/trp1_description'
[0.311s] INFO:colcon.colcon_core.shell:Skip shell extension 'powershell' for command environment: Not usable outside of PowerShell
[0.311s] DEBUG:colcon.colcon_core.shell:Skip shell extension 'dsv' for command environment
[0.319s] DEBUG:colcon.colcon_core.event_handler.log_command:Invoking command in '/home/kaisar/warehouse_robot/robot/build/robot_msgs': CMAKE_PREFIX_PATH=/home/kaisar/warehouse_robot/install/trp1_description:/home/kaisar/warehouse_robot/install/stage_ros2:/opt/ros/jazzy:/home/kaisar/warehouse_robot/install/stage:/home/kaisar/warehouse_robot/install/robot_msgs:/home/kaisar/warehouse_robot/install/nav2:/home/kaisar/warehouse_robot/robot/install/trp1_description:/home/kaisar/warehouse_robot/robot/install/stage_ros2:/home/kaisar/warehouse_robot/robot/install/stage:/home/kaisar/warehouse_robot/robot/install/robot_msgs:/home/kaisar/warehouse_robot/robot/install/nav2:/opt/ros/jazzy/opt/gz_sim_vendor:/opt/ros/jazzy/opt/gz_sensors_vendor:/opt/ros/jazzy/opt/gz_physics_vendor:/opt/ros/jazzy/opt/sdformat_vendor:/opt/ros/jazzy/opt/gz_gui_vendor:/opt/ros/jazzy/opt/gz_transport_vendor:/opt/ros/jazzy/opt/gz_rendering_vendor:/opt/ros/jazzy/opt/gz_plugin_vendor:/opt/ros/jazzy/opt/gz_fuel_tools_vendor:/opt/ros/jazzy/opt/gz_msgs_vendor:/opt/ros/jazzy/opt/gz_common_vendor:/opt/ros/jazzy/opt/gz_math_vendor:/opt/ros/jazzy/opt/gz_utils_vendor:/opt/ros/jazzy/opt/gz_tools_vendor:/opt/ros/jazzy/opt/gz_ogre_next_vendor:/opt/ros/jazzy/opt/gz_dartsim_vendor:/opt/ros/jazzy/opt/gz_cmake_vendor DEBUGINFOD_URLS=https://debuginfod.ubuntu.com /usr/bin/cmake /home/kaisar/warehouse_robot/robot/ws/src/robot_msgs -DAMENT_CMAKE_SYMLINK_INSTALL=1 -DCMAKE_INSTALL_PREFIX=/home/kaisar/warehouse_robot/robot/install/robot_msgs
[0.321s] DEBUG:colcon.colcon_core.event_handler.log_command:Invoking command in '/home/kaisar/warehouse_robot/robot/build/stage': DEBUGINFOD_URLS=https://debuginfod.ubuntu.com /usr/bin/cmake /home/kaisar/warehouse_robot/robot/ws/src/Stage -DCATKIN_INSTALL_INTO_PREFIX_ROOT=0 -DCATKIN_SYMLINK_INSTALL=ON -DCMAKE_INSTALL_PREFIX=/home/kaisar/warehouse_robot/robot/install/stage
[0.323s] DEBUG:colcon.colcon_core.event_handler.log_command:Invoking command in '/home/kaisar/warehouse_robot/robot/build/nav2': CMAKE_PREFIX_PATH=/home/kaisar/warehouse_robot/install/trp1_description:/home/kaisar/warehouse_robot/install/stage_ros2:/opt/ros/jazzy:/home/kaisar/warehouse_robot/install/stage:/home/kaisar/warehouse_robot/install/robot_msgs:/home/kaisar/warehouse_robot/install/nav2:/home/kaisar/warehouse_robot/robot/install/trp1_description:/home/kaisar/warehouse_robot/robot/install/stage_ros2:/home/kaisar/warehouse_robot/robot/install/stage:/home/kaisar/warehouse_robot/robot/install/robot_msgs:/home/kaisar/warehouse_robot/robot/install/nav2:/opt/ros/jazzy/opt/gz_sim_vendor:/opt/ros/jazzy/opt/gz_sensors_vendor:/opt/ros/jazzy/opt/gz_physics_vendor:/opt/ros/jazzy/opt/sdformat_vendor:/opt/ros/jazzy/opt/gz_gui_vendor:/opt/ros/jazzy/opt/gz_transport_vendor:/opt/ros/jazzy/opt/gz_rendering_vendor:/opt/ros/jazzy/opt/gz_plugin_vendor:/opt/ros/jazzy/opt/gz_fuel_tools_vendor:/opt/ros/jazzy/opt/gz_msgs_vendor:/opt/ros/jazzy/opt/gz_common_vendor:/opt/ros/jazzy/opt/gz_math_vendor:/opt/ros/jazzy/opt/gz_utils_vendor:/opt/ros/jazzy/opt/gz_tools_vendor:/opt/ros/jazzy/opt/gz_ogre_next_vendor:/opt/ros/jazzy/opt/gz_dartsim_vendor:/opt/ros/jazzy/opt/gz_cmake_vendor DEBUGINFOD_URLS=https://debuginfod.ubuntu.com /usr/bin/cmake /home/kaisar/warehouse_robot/robot/ws/src/nav2 -DAMENT_CMAKE_SYMLINK_INSTALL=1 -DCMAKE_INSTALL_PREFIX=/home/kaisar/warehouse_robot/robot/install/nav2
[0.327s] DEBUG:colcon.colcon_core.event_handler.log_command:Invoking command in '/home/kaisar/warehouse_robot/robot/build/trp1_description': CMAKE_PREFIX_PATH=/home/kaisar/warehouse_robot/install/trp1_description:/home/kaisar/warehouse_robot/install/stage_ros2:/opt/ros/jazzy:/home/kaisar/warehouse_robot/install/stage:/home/kaisar/warehouse_robot/install/robot_msgs:/home/kaisar/warehouse_robot/install/nav2:/home/kaisar/warehouse_robot/robot/install/trp1_description:/home/kaisar/warehouse_robot/robot/install/stage_ros2:/home/kaisar/warehouse_robot/robot/install/stage:/home/kaisar/warehouse_robot/robot/install/robot_msgs:/home/kaisar/warehouse_robot/robot/install/nav2:/opt/ros/jazzy/opt/gz_sim_vendor:/opt/ros/jazzy/opt/gz_sensors_vendor:/opt/ros/jazzy/opt/gz_physics_vendor:/opt/ros/jazzy/opt/sdformat_vendor:/opt/ros/jazzy/opt/gz_gui_vendor:/opt/ros/jazzy/opt/gz_transport_vendor:/opt/ros/jazzy/opt/gz_rendering_vendor:/opt/ros/jazzy/opt/gz_plugin_vendor:/opt/ros/jazzy/opt/gz_fuel_tools_vendor:/opt/ros/jazzy/opt/gz_msgs_vendor:/opt/ros/jazzy/opt/gz_common_vendor:/opt/ros/jazzy/opt/gz_math_vendor:/opt/ros/jazzy/opt/gz_utils_vendor:/opt/ros/jazzy/opt/gz_tools_vendor:/opt/ros/jazzy/opt/gz_ogre_next_vendor:/opt/ros/jazzy/opt/gz_dartsim_vendor:/opt/ros/jazzy/opt/gz_cmake_vendor DEBUGINFOD_URLS=https://debuginfod.ubuntu.com /usr/bin/cmake /home/kaisar/warehouse_robot/robot/ws/src/trp1_description -DAMENT_CMAKE_SYMLINK_INSTALL=1 -DCMAKE_INSTALL_PREFIX=/home/kaisar/warehouse_robot/robot/install/trp1_description
[1.188s] DEBUG:colcon.colcon_core.event_handler.log_command:Invoked command in '/home/kaisar/warehouse_robot/robot/build/trp1_description' returned '0': CMAKE_PREFIX_PATH=/home/kaisar/warehouse_robot/install/trp1_description:/home/kaisar/warehouse_robot/install/stage_ros2:/opt/ros/jazzy:/home/kaisar/warehouse_robot/install/stage:/home/kaisar/warehouse_robot/install/robot_msgs:/home/kaisar/warehouse_robot/install/nav2:/home/kaisar/warehouse_robot/robot/install/trp1_description:/home/kaisar/warehouse_robot/robot/install/stage_ros2:/home/kaisar/warehouse_robot/robot/install/stage:/home/kaisar/warehouse_robot/robot/install/robot_msgs:/home/kaisar/warehouse_robot/robot/install/nav2:/opt/ros/jazzy/opt/gz_sim_vendor:/opt/ros/jazzy/opt/gz_sensors_vendor:/opt/ros/jazzy/opt/gz_physics_vendor:/opt/ros/jazzy/opt/sdformat_vendor:/opt/ros/jazzy/opt/gz_gui_vendor:/opt/ros/jazzy/opt/gz_transport_vendor:/opt/ros/jazzy/opt/gz_rendering_vendor:/opt/ros/jazzy/opt/gz_plugin_vendor:/opt/ros/jazzy/opt/gz_fuel_tools_vendor:/opt/ros/jazzy/opt/gz_msgs_vendor:/opt/ros/jazzy/opt/gz_common_vendor:/opt/ros/jazzy/opt/gz_math_vendor:/opt/ros/jazzy/opt/gz_utils_vendor:/opt/ros/jazzy/opt/gz_tools_vendor:/opt/ros/jazzy/opt/gz_ogre_next_vendor:/opt/ros/jazzy/opt/gz_dartsim_vendor:/opt/ros/jazzy/opt/gz_cmake_vendor DEBUGINFOD_URLS=https://debuginfod.ubuntu.com /usr/bin/cmake /home/kaisar/warehouse_robot/robot/ws/src/trp1_description -DAMENT_CMAKE_SYMLINK_INSTALL=1 -DCMAKE_INSTALL_PREFIX=/home/kaisar/warehouse_robot/robot/install/trp1_description
[1.190s] DEBUG:colcon.colcon_core.event_handler.log_command:Invoking command in '/home/kaisar/warehouse_robot/robot/build/trp1_description': CMAKE_PREFIX_PATH=/home/kaisar/warehouse_robot/install/trp1_description:/home/kaisar/warehouse_robot/install/stage_ros2:/opt/ros/jazzy:/home/kaisar/warehouse_robot/install/stage:/home/kaisar/warehouse_robot/install/robot_msgs:/home/kaisar/warehouse_robot/install/nav2:/home/kaisar/warehouse_robot/robot/install/trp1_description:/home/kaisar/warehouse_robot/robot/install/stage_ros2:/home/kaisar/warehouse_robot/robot/install/stage:/home/kaisar/warehouse_robot/robot/install/robot_msgs:/home/kaisar/warehouse_robot/robot/install/nav2:/opt/ros/jazzy/opt/gz_sim_vendor:/opt/ros/jazzy/opt/gz_sensors_vendor:/opt/ros/jazzy/opt/gz_physics_vendor:/opt/ros/jazzy/opt/sdformat_vendor:/opt/ros/jazzy/opt/gz_gui_vendor:/opt/ros/jazzy/opt/gz_transport_vendor:/opt/ros/jazzy/opt/gz_rendering_vendor:/opt/ros/jazzy/opt/gz_plugin_vendor:/opt/ros/jazzy/opt/gz_fuel_tools_vendor:/opt/ros/jazzy/opt/gz_msgs_vendor:/opt/ros/jazzy/opt/gz_common_vendor:/opt/ros/jazzy/opt/gz_math_vendor:/opt/ros/jazzy/opt/gz_utils_vendor:/opt/ros/jazzy/opt/gz_tools_vendor:/opt/ros/jazzy/opt/gz_ogre_next_vendor:/opt/ros/jazzy/opt/gz_dartsim_vendor:/opt/ros/jazzy/opt/gz_cmake_vendor DEBUGINFOD_URLS=https://debuginfod.ubuntu.com /usr/bin/cmake --build /home/kaisar/warehouse_robot/robot/build/trp1_description -- -j12 -l12
[1.239s] DEBUG:colcon.colcon_core.event_handler.log_command:Invoked command in '/home/kaisar/warehouse_robot/robot/build/trp1_description' returned '0': CMAKE_PREFIX_PATH=/home/kaisar/warehouse_robot/install/trp1_description:/home/kaisar/warehouse_robot/install/stage_ros2:/opt/ros/jazzy:/home/kaisar/warehouse_robot/install/stage:/home/kaisar/warehouse_robot/install/robot_msgs:/home/kaisar/warehouse_robot/install/nav2:/home/kaisar/warehouse_robot/robot/install/trp1_description:/home/kaisar/warehouse_robot/robot/install/stage_ros2:/home/kaisar/warehouse_robot/robot/install/stage:/home/kaisar/warehouse_robot/robot/install/robot_msgs:/home/kaisar/warehouse_robot/robot/install/nav2:/opt/ros/jazzy/opt/gz_sim_vendor:/opt/ros/jazzy/opt/gz_sensors_vendor:/opt/ros/jazzy/opt/gz_physics_vendor:/opt/ros/jazzy/opt/sdformat_vendor:/opt/ros/jazzy/opt/gz_gui_vendor:/opt/ros/jazzy/opt/gz_transport_vendor:/opt/ros/jazzy/opt/gz_rendering_vendor:/opt/ros/jazzy/opt/gz_plugin_vendor:/opt/ros/jazzy/opt/gz_fuel_tools_vendor:/opt/ros/jazzy/opt/gz_msgs_vendor:/opt/ros/jazzy/opt/gz_common_vendor:/opt/ros/jazzy/opt/gz_math_vendor:/opt/ros/jazzy/opt/gz_utils_vendor:/opt/ros/jazzy/opt/gz_tools_vendor:/opt/ros/jazzy/opt/gz_ogre_next_vendor:/opt/ros/jazzy/opt/gz_dartsim_vendor:/opt/ros/jazzy/opt/gz_cmake_vendor DEBUGINFOD_URLS=https://debuginfod.ubuntu.com /usr/bin/cmake --build /home/kaisar/warehouse_robot/robot/build/trp1_description -- -j12 -l12
[1.252s] DEBUG:colcon.colcon_core.event_handler.log_command:Invoking command in '/home/kaisar/warehouse_robot/robot/build/trp1_description': CMAKE_PREFIX_PATH=/home/kaisar/warehouse_robot/install/trp1_description:/home/kaisar/warehouse_robot/install/stage_ros2:/opt/ros/jazzy:/home/kaisar/warehouse_robot/install/stage:/home/kaisar/warehouse_robot/install/robot_msgs:/home/kaisar/warehouse_robot/install/nav2:/home/kaisar/warehouse_robot/robot/install/trp1_description:/home/kaisar/warehouse_robot/robot/install/stage_ros2:/home/kaisar/warehouse_robot/robot/install/stage:/home/kaisar/warehouse_robot/robot/install/robot_msgs:/home/kaisar/warehouse_robot/robot/install/nav2:/opt/ros/jazzy/opt/gz_sim_vendor:/opt/ros/jazzy/opt/gz_sensors_vendor:/opt/ros/jazzy/opt/gz_physics_vendor:/opt/ros/jazzy/opt/sdformat_vendor:/opt/ros/jazzy/opt/gz_gui_vendor:/opt/ros/jazzy/opt/gz_transport_vendor:/opt/ros/jazzy/opt/gz_rendering_vendor:/opt/ros/jazzy/opt/gz_plugin_vendor:/opt/ros/jazzy/opt/gz_fuel_tools_vendor:/opt/ros/jazzy/opt/gz_msgs_vendor:/opt/ros/jazzy/opt/gz_common_vendor:/opt/ros/jazzy/opt/gz_math_vendor:/opt/ros/jazzy/opt/gz_utils_vendor:/opt/ros/jazzy/opt/gz_tools_vendor:/opt/ros/jazzy/opt/gz_ogre_next_vendor:/opt/ros/jazzy/opt/gz_dartsim_vendor:/opt/ros/jazzy/opt/gz_cmake_vendor DEBUGINFOD_URLS=https://debuginfod.ubuntu.com /usr/bin/cmake --install /home/kaisar/warehouse_robot/robot/build/trp1_description
[1.567s] Level 1:colcon.colcon_core.environment:create_environment_scripts_only(trp1_description)
[1.568s] DEBUG:colcon.colcon_core.event_handler.log_command:Invoked command in '/home/kaisar/warehouse_robot/robot/build/trp1_description' returned '0': CMAKE_PREFIX_PATH=/home/kaisar/warehouse_robot/install/trp1_description:/home/kaisar/warehouse_robot/install/stage_ros2:/opt/ros/jazzy:/home/kaisar/warehouse_robot/install/stage:/home/kaisar/warehouse_robot/install/robot_msgs:/home/kaisar/warehouse_robot/install/nav2:/home/kaisar/warehouse_robot/robot/install/trp1_description:/home/kaisar/warehouse_robot/robot/install/stage_ros2:/home/kaisar/warehouse_robot/robot/install/stage:/home/kaisar/warehouse_robot/robot/install/robot_msgs:/home/kaisar/warehouse_robot/robot/install/nav2:/opt/ros/jazzy/opt/gz_sim_vendor:/opt/ros/jazzy/opt/gz_sensors_vendor:/opt/ros/jazzy/opt/gz_physics_vendor:/opt/ros/jazzy/opt/sdformat_vendor:/opt/ros/jazzy/opt/gz_gui_vendor:/opt/ros/jazzy/opt/gz_transport_vendor:/opt/ros/jazzy/opt/gz_rendering_vendor:/opt/ros/jazzy/opt/gz_plugin_vendor:/opt/ros/jazzy/opt/gz_fuel_tools_vendor:/opt/ros/jazzy/opt/gz_msgs_vendor:/opt/ros/jazzy/opt/gz_common_vendor:/opt/ros/jazzy/opt/gz_math_vendor:/opt/ros/jazzy/opt/gz_utils_vendor:/opt/ros/jazzy/opt/gz_tools_vendor:/opt/ros/jazzy/opt/gz_ogre_next_vendor:/opt/ros/jazzy/opt/gz_dartsim_vendor:/opt/ros/jazzy/opt/gz_cmake_vendor DEBUGINFOD_URLS=https://debuginfod.ubuntu.com /usr/bin/cmake --install /home/kaisar/warehouse_robot/robot/build/trp1_description
[1.570s] Level 1:colcon.colcon_core.environment:checking '/home/kaisar/warehouse_robot/robot/install/trp1_description' for CMake module files
[1.571s] Level 1:colcon.colcon_core.environment:checking '/home/kaisar/warehouse_robot/robot/install/trp1_description' for CMake config files
[1.572s] Level 1:colcon.colcon_core.shell:create_environment_hook('trp1_description', 'cmake_prefix_path')
[1.572s] INFO:colcon.colcon_core.shell:Creating environment hook '/home/kaisar/warehouse_robot/robot/install/trp1_description/share/trp1_description/hook/cmake_prefix_path.ps1'
[1.573s] INFO:colcon.colcon_core.shell:Creating environment descriptor '/home/kaisar/warehouse_robot/robot/install/trp1_description/share/trp1_description/hook/cmake_prefix_path.dsv'
[1.573s] INFO:colcon.colcon_core.shell:Creating environment hook '/home/kaisar/warehouse_robot/robot/install/trp1_description/share/trp1_description/hook/cmake_prefix_path.sh'
[1.575s] Level 1:colcon.colcon_core.environment:checking '/home/kaisar/warehouse_robot/robot/install/trp1_description/bin'
[1.575s] Level 1:colcon.colcon_core.environment:checking '/home/kaisar/warehouse_robot/robot/install/trp1_description/lib/pkgconfig/trp1_description.pc'
[1.575s] Level 1:colcon.colcon_core.environment:checking '/home/kaisar/warehouse_robot/robot/install/trp1_description/lib/python3.12/site-packages'
[1.575s] Level 1:colcon.colcon_core.environment:checking '/home/kaisar/warehouse_robot/robot/install/trp1_description/bin'
[1.576s] INFO:colcon.colcon_core.shell:Creating package script '/home/kaisar/warehouse_robot/robot/install/trp1_description/share/trp1_description/package.ps1'
[1.577s] INFO:colcon.colcon_core.shell:Creating package descriptor '/home/kaisar/warehouse_robot/robot/install/trp1_description/share/trp1_description/package.dsv'
[1.578s] INFO:colcon.colcon_core.shell:Creating package script '/home/kaisar/warehouse_robot/robot/install/trp1_description/share/trp1_description/package.sh'
[1.579s] INFO:colcon.colcon_core.shell:Creating package script '/home/kaisar/warehouse_robot/robot/install/trp1_description/share/trp1_description/package.bash'
[1.580s] INFO:colcon.colcon_core.shell:Creating package script '/home/kaisar/warehouse_robot/robot/install/trp1_description/share/trp1_description/package.zsh'
[1.580s] Level 1:colcon.colcon_core.environment:create_file_with_runtime_dependencies(/home/kaisar/warehouse_robot/robot/install/trp1_description/share/colcon-core/packages/trp1_description)
[1.581s] Level 1:colcon.colcon_core.environment:create_environment_scripts_only(trp1_description)
[1.581s] Level 1:colcon.colcon_core.environment:checking '/home/kaisar/warehouse_robot/robot/install/trp1_description' for CMake module files
[1.582s] Level 1:colcon.colcon_core.environment:checking '/home/kaisar/warehouse_robot/robot/install/trp1_description' for CMake config files
[1.582s] Level 1:colcon.colcon_core.shell:create_environment_hook('trp1_description', 'cmake_prefix_path')
[1.583s] INFO:colcon.colcon_core.shell:Creating environment hook '/home/kaisar/warehouse_robot/robot/install/trp1_description/share/trp1_description/hook/cmake_prefix_path.ps1'
[1.583s] INFO:colcon.colcon_core.shell:Creating environment descriptor '/home/kaisar/warehouse_robot/robot/install/trp1_description/share/trp1_description/hook/cmake_prefix_path.dsv'
[1.584s] INFO:colcon.colcon_core.shell:Creating environment hook '/home/kaisar/warehouse_robot/robot/install/trp1_description/share/trp1_description/hook/cmake_prefix_path.sh'
[1.584s] Level 1:colcon.colcon_core.environment:checking '/home/kaisar/warehouse_robot/robot/install/trp1_description/bin'
[1.584s] Level 1:colcon.colcon_core.environment:checking '/home/kaisar/warehouse_robot/robot/install/trp1_description/lib/pkgconfig/trp1_description.pc'
[1.584s] Level 1:colcon.colcon_core.environment:checking '/home/kaisar/warehouse_robot/robot/install/trp1_description/lib/python3.12/site-packages'
[1.585s] Level 1:colcon.colcon_core.environment:checking '/home/kaisar/warehouse_robot/robot/install/trp1_description/bin'
[1.585s] INFO:colcon.colcon_core.shell:Creating package script '/home/kaisar/warehouse_robot/robot/install/trp1_description/share/trp1_description/package.ps1'
[1.586s] INFO:colcon.colcon_core.shell:Creating package descriptor '/home/kaisar/warehouse_robot/robot/install/trp1_description/share/trp1_description/package.dsv'
[1.586s] INFO:colcon.colcon_core.shell:Creating package script '/home/kaisar/warehouse_robot/robot/install/trp1_description/share/trp1_description/package.sh'
[1.587s] INFO:colcon.colcon_core.shell:Creating package script '/home/kaisar/warehouse_robot/robot/install/trp1_description/share/trp1_description/package.bash'
[1.587s] INFO:colcon.colcon_core.shell:Creating package script '/home/kaisar/warehouse_robot/robot/install/trp1_description/share/trp1_description/package.zsh'
[1.587s] Level 1:colcon.colcon_core.environment:create_file_with_runtime_dependencies(/home/kaisar/warehouse_robot/robot/install/trp1_description/share/colcon-core/packages/trp1_description)
[1.820s] DEBUG:colcon.colcon_core.event_handler.log_command:Invoked command in '/home/kaisar/warehouse_robot/robot/build/nav2' returned '0': CMAKE_PREFIX_PATH=/home/kaisar/warehouse_robot/install/trp1_description:/home/kaisar/warehouse_robot/install/stage_ros2:/opt/ros/jazzy:/home/kaisar/warehouse_robot/install/stage:/home/kaisar/warehouse_robot/install/robot_msgs:/home/kaisar/warehouse_robot/install/nav2:/home/kaisar/warehouse_robot/robot/install/trp1_description:/home/kaisar/warehouse_robot/robot/install/stage_ros2:/home/kaisar/warehouse_robot/robot/install/stage:/home/kaisar/warehouse_robot/robot/install/robot_msgs:/home/kaisar/warehouse_robot/robot/install/nav2:/opt/ros/jazzy/opt/gz_sim_vendor:/opt/ros/jazzy/opt/gz_sensors_vendor:/opt/ros/jazzy/opt/gz_physics_vendor:/opt/ros/jazzy/opt/sdformat_vendor:/opt/ros/jazzy/opt/gz_gui_vendor:/opt/ros/jazzy/opt/gz_transport_vendor:/opt/ros/jazzy/opt/gz_rendering_vendor:/opt/ros/jazzy/opt/gz_plugin_vendor:/opt/ros/jazzy/opt/gz_fuel_tools_vendor:/opt/ros/jazzy/opt/gz_msgs_vendor:/opt/ros/jazzy/opt/gz_common_vendor:/opt/ros/jazzy/opt/gz_math_vendor:/opt/ros/jazzy/opt/gz_utils_vendor:/opt/ros/jazzy/opt/gz_tools_vendor:/opt/ros/jazzy/opt/gz_ogre_next_vendor:/opt/ros/jazzy/opt/gz_dartsim_vendor:/opt/ros/jazzy/opt/gz_cmake_vendor DEBUGINFOD_URLS=https://debuginfod.ubuntu.com /usr/bin/cmake /home/kaisar/warehouse_robot/robot/ws/src/nav2 -DAMENT_CMAKE_SYMLINK_INSTALL=1 -DCMAKE_INSTALL_PREFIX=/home/kaisar/warehouse_robot/robot/install/nav2
[1.821s] DEBUG:colcon.colcon_core.event_handler.log_command:Invoking command in '/home/kaisar/warehouse_robot/robot/build/nav2': CMAKE_PREFIX_PATH=/home/kaisar/warehouse_robot/install/trp1_description:/home/kaisar/warehouse_robot/install/stage_ros2:/opt/ros/jazzy:/home/kaisar/warehouse_robot/install/stage:/home/kaisar/warehouse_robot/install/robot_msgs:/home/kaisar/warehouse_robot/install/nav2:/home/kaisar/warehouse_robot/robot/install/trp1_description:/home/kaisar/warehouse_robot/robot/install/stage_ros2:/home/kaisar/warehouse_robot/robot/install/stage:/home/kaisar/warehouse_robot/robot/install/robot_msgs:/home/kaisar/warehouse_robot/robot/install/nav2:/opt/ros/jazzy/opt/gz_sim_vendor:/opt/ros/jazzy/opt/gz_sensors_vendor:/opt/ros/jazzy/opt/gz_physics_vendor:/opt/ros/jazzy/opt/sdformat_vendor:/opt/ros/jazzy/opt/gz_gui_vendor:/opt/ros/jazzy/opt/gz_transport_vendor:/opt/ros/jazzy/opt/gz_rendering_vendor:/opt/ros/jazzy/opt/gz_plugin_vendor:/opt/ros/jazzy/opt/gz_fuel_tools_vendor:/opt/ros/jazzy/opt/gz_msgs_vendor:/opt/ros/jazzy/opt/gz_common_vendor:/opt/ros/jazzy/opt/gz_math_vendor:/opt/ros/jazzy/opt/gz_utils_vendor:/opt/ros/jazzy/opt/gz_tools_vendor:/opt/ros/jazzy/opt/gz_ogre_next_vendor:/opt/ros/jazzy/opt/gz_dartsim_vendor:/opt/ros/jazzy/opt/gz_cmake_vendor DEBUGINFOD_URLS=https://debuginfod.ubuntu.com /usr/bin/cmake --build /home/kaisar/warehouse_robot/robot/build/nav2 -- -j12 -l12
[1.873s] DEBUG:colcon.colcon_core.event_handler.log_command:Invoked command in '/home/kaisar/warehouse_robot/robot/build/nav2' returned '0': CMAKE_PREFIX_PATH=/home/kaisar/warehouse_robot/install/trp1_description:/home/kaisar/warehouse_robot/install/stage_ros2:/opt/ros/jazzy:/home/kaisar/warehouse_robot/install/stage:/home/kaisar/warehouse_robot/install/robot_msgs:/home/kaisar/warehouse_robot/install/nav2:/home/kaisar/warehouse_robot/robot/install/trp1_description:/home/kaisar/warehouse_robot/robot/install/stage_ros2:/home/kaisar/warehouse_robot/robot/install/stage:/home/kaisar/warehouse_robot/robot/install/robot_msgs:/home/kaisar/warehouse_robot/robot/install/nav2:/opt/ros/jazzy/opt/gz_sim_vendor:/opt/ros/jazzy/opt/gz_sensors_vendor:/opt/ros/jazzy/opt/gz_physics_vendor:/opt/ros/jazzy/opt/sdformat_vendor:/opt/ros/jazzy/opt/gz_gui_vendor:/opt/ros/jazzy/opt/gz_transport_vendor:/opt/ros/jazzy/opt/gz_rendering_vendor:/opt/ros/jazzy/opt/gz_plugin_vendor:/opt/ros/jazzy/opt/gz_fuel_tools_vendor:/opt/ros/jazzy/opt/gz_msgs_vendor:/opt/ros/jazzy/opt/gz_common_vendor:/opt/ros/jazzy/opt/gz_math_vendor:/opt/ros/jazzy/opt/gz_utils_vendor:/opt/ros/jazzy/opt/gz_tools_vendor:/opt/ros/jazzy/opt/gz_ogre_next_vendor:/opt/ros/jazzy/opt/gz_dartsim_vendor:/opt/ros/jazzy/opt/gz_cmake_vendor DEBUGINFOD_URLS=https://debuginfod.ubuntu.com /usr/bin/cmake --build /home/kaisar/warehouse_robot/robot/build/nav2 -- -j12 -l12
[1.874s] DEBUG:colcon.colcon_core.event_handler.log_command:Invoking command in '/home/kaisar/warehouse_robot/robot/build/nav2': CMAKE_PREFIX_PATH=/home/kaisar/warehouse_robot/install/trp1_description:/home/kaisar/warehouse_robot/install/stage_ros2:/opt/ros/jazzy:/home/kaisar/warehouse_robot/install/stage:/home/kaisar/warehouse_robot/install/robot_msgs:/home/kaisar/warehouse_robot/install/nav2:/home/kaisar/warehouse_robot/robot/install/trp1_description:/home/kaisar/warehouse_robot/robot/install/stage_ros2:/home/kaisar/warehouse_robot/robot/install/stage:/home/kaisar/warehouse_robot/robot/install/robot_msgs:/home/kaisar/warehouse_robot/robot/install/nav2:/opt/ros/jazzy/opt/gz_sim_vendor:/opt/ros/jazzy/opt/gz_sensors_vendor:/opt/ros/jazzy/opt/gz_physics_vendor:/opt/ros/jazzy/opt/sdformat_vendor:/opt/ros/jazzy/opt/gz_gui_vendor:/opt/ros/jazzy/opt/gz_transport_vendor:/opt/ros/jazzy/opt/gz_rendering_vendor:/opt/ros/jazzy/opt/gz_plugin_vendor:/opt/ros/jazzy/opt/gz_fuel_tools_vendor:/opt/ros/jazzy/opt/gz_msgs_vendor:/opt/ros/jazzy/opt/gz_common_vendor:/opt/ros/jazzy/opt/gz_math_vendor:/opt/ros/jazzy/opt/gz_utils_vendor:/opt/ros/jazzy/opt/gz_tools_vendor:/opt/ros/jazzy/opt/gz_ogre_next_vendor:/opt/ros/jazzy/opt/gz_dartsim_vendor:/opt/ros/jazzy/opt/gz_cmake_vendor DEBUGINFOD_URLS=https://debuginfod.ubuntu.com /usr/bin/cmake --install /home/kaisar/warehouse_robot/robot/build/nav2
[2.044s] DEBUG:colcon.colcon_core.event_handler.log_command:Invoked command in '/home/kaisar/warehouse_robot/robot/build/stage' returned '0': DEBUGINFOD_URLS=https://debuginfod.ubuntu.com /usr/bin/cmake /home/kaisar/warehouse_robot/robot/ws/src/Stage -DCATKIN_INSTALL_INTO_PREFIX_ROOT=0 -DCATKIN_SYMLINK_INSTALL=ON -DCMAKE_INSTALL_PREFIX=/home/kaisar/warehouse_robot/robot/install/stage
[2.045s] DEBUG:colcon.colcon_core.event_handler.log_command:Invoking command in '/home/kaisar/warehouse_robot/robot/build/stage': DEBUGINFOD_URLS=https://debuginfod.ubuntu.com /usr/bin/cmake --build /home/kaisar/warehouse_robot/robot/build/stage -- -j12 -l12
[7.763s] DEBUG:colcon.colcon_core.event_handler.log_command:Invoked command in '/home/kaisar/warehouse_robot/robot/build/robot_msgs' returned '0': CMAKE_PREFIX_PATH=/home/kaisar/warehouse_robot/install/trp1_description:/home/kaisar/warehouse_robot/install/stage_ros2:/opt/ros/jazzy:/home/kaisar/warehouse_robot/install/stage:/home/kaisar/warehouse_robot/install/robot_msgs:/home/kaisar/warehouse_robot/install/nav2:/home/kaisar/warehouse_robot/robot/install/trp1_description:/home/kaisar/warehouse_robot/robot/install/stage_ros2:/home/kaisar/warehouse_robot/robot/install/stage:/home/kaisar/warehouse_robot/robot/install/robot_msgs:/home/kaisar/warehouse_robot/robot/install/nav2:/opt/ros/jazzy/opt/gz_sim_vendor:/opt/ros/jazzy/opt/gz_sensors_vendor:/opt/ros/jazzy/opt/gz_physics_vendor:/opt/ros/jazzy/opt/sdformat_vendor:/opt/ros/jazzy/opt/gz_gui_vendor:/opt/ros/jazzy/opt/gz_transport_vendor:/opt/ros/jazzy/opt/gz_rendering_vendor:/opt/ros/jazzy/opt/gz_plugin_vendor:/opt/ros/jazzy/opt/gz_fuel_tools_vendor:/opt/ros/jazzy/opt/gz_msgs_vendor:/opt/ros/jazzy/opt/gz_common_vendor:/opt/ros/jazzy/opt/gz_math_vendor:/opt/ros/jazzy/opt/gz_utils_vendor:/opt/ros/jazzy/opt/gz_tools_vendor:/opt/ros/jazzy/opt/gz_ogre_next_vendor:/opt/ros/jazzy/opt/gz_dartsim_vendor:/opt/ros/jazzy/opt/gz_cmake_vendor DEBUGINFOD_URLS=https://debuginfod.ubuntu.com /usr/bin/cmake /home/kaisar/warehouse_robot/robot/ws/src/robot_msgs -DAMENT_CMAKE_SYMLINK_INSTALL=1 -DCMAKE_INSTALL_PREFIX=/home/kaisar/warehouse_robot/robot/install/robot_msgs
[7.764s] DEBUG:colcon.colcon_core.event_handler.log_command:Invoking command in '/home/kaisar/warehouse_robot/robot/build/robot_msgs': CMAKE_PREFIX_PATH=/home/kaisar/warehouse_robot/install/trp1_description:/home/kaisar/warehouse_robot/install/stage_ros2:/opt/ros/jazzy:/home/kaisar/warehouse_robot/install/stage:/home/kaisar/warehouse_robot/install/robot_msgs:/home/kaisar/warehouse_robot/install/nav2:/home/kaisar/warehouse_robot/robot/install/trp1_description:/home/kaisar/warehouse_robot/robot/install/stage_ros2:/home/kaisar/warehouse_robot/robot/install/stage:/home/kaisar/warehouse_robot/robot/install/robot_msgs:/home/kaisar/warehouse_robot/robot/install/nav2:/opt/ros/jazzy/opt/gz_sim_vendor:/opt/ros/jazzy/opt/gz_sensors_vendor:/opt/ros/jazzy/opt/gz_physics_vendor:/opt/ros/jazzy/opt/sdformat_vendor:/opt/ros/jazzy/opt/gz_gui_vendor:/opt/ros/jazzy/opt/gz_transport_vendor:/opt/ros/jazzy/opt/gz_rendering_vendor:/opt/ros/jazzy/opt/gz_plugin_vendor:/opt/ros/jazzy/opt/gz_fuel_tools_vendor:/opt/ros/jazzy/opt/gz_msgs_vendor:/opt/ros/jazzy/opt/gz_common_vendor:/opt/ros/jazzy/opt/gz_math_vendor:/opt/ros/jazzy/opt/gz_utils_vendor:/opt/ros/jazzy/opt/gz_tools_vendor:/opt/ros/jazzy/opt/gz_ogre_next_vendor:/opt/ros/jazzy/opt/gz_dartsim_vendor:/opt/ros/jazzy/opt/gz_cmake_vendor DEBUGINFOD_URLS=https://debuginfod.ubuntu.com /usr/bin/cmake --build /home/kaisar/warehouse_robot/robot/build/robot_msgs -- -j12 -l12
[12.511s] DEBUG:colcon.colcon_core.event_handler.log_command:Invoked command in '/home/kaisar/warehouse_robot/robot/build/stage' returned '0': DEBUGINFOD_URLS=https://debuginfod.ubuntu.com /usr/bin/cmake --build /home/kaisar/warehouse_robot/robot/build/stage -- -j12 -l12
[12.512s] DEBUG:colcon.colcon_core.event_handler.log_command:Invoking command in '/home/kaisar/warehouse_robot/robot/build/stage': DEBUGINFOD_URLS=https://debuginfod.ubuntu.com /usr/bin/cmake --install /home/kaisar/warehouse_robot/robot/build/stage
[12.566s] DEBUG:colcon.colcon_core.event_handler.log_command:Invoked command in '/home/kaisar/warehouse_robot/robot/build/stage' returned '0': DEBUGINFOD_URLS=https://debuginfod.ubuntu.com /usr/bin/cmake --install /home/kaisar/warehouse_robot/robot/build/stage
[12.567s] Level 1:colcon.colcon_core.shell:create_environment_hook('stage', 'ros_package_path')
[12.567s] INFO:colcon.colcon_core.shell:Creating environment hook '/home/kaisar/warehouse_robot/robot/install/stage/share/stage/hook/ros_package_path.ps1'
[12.567s] INFO:colcon.colcon_core.shell:Creating environment descriptor '/home/kaisar/warehouse_robot/robot/install/stage/share/stage/hook/ros_package_path.dsv'
[12.568s] INFO:colcon.colcon_core.shell:Creating environment hook '/home/kaisar/warehouse_robot/robot/install/stage/share/stage/hook/ros_package_path.sh'
[12.568s] Level 1:colcon.colcon_core.shell:create_environment_hook('stage', 'pkg_config_path')
[12.568s] INFO:colcon.colcon_core.shell:Creating environment hook '/home/kaisar/warehouse_robot/robot/install/stage/share/stage/hook/pkg_config_path.ps1'
[12.569s] INFO:colcon.colcon_core.shell:Creating environment descriptor '/home/kaisar/warehouse_robot/robot/install/stage/share/stage/hook/pkg_config_path.dsv'
[12.569s] INFO:colcon.colcon_core.shell:Creating environment hook '/home/kaisar/warehouse_robot/robot/install/stage/share/stage/hook/pkg_config_path.sh'
[12.571s] Level 1:colcon.colcon_core.shell:create_environment_hook('stage', 'pkg_config_path_multiarch')
[12.571s] INFO:colcon.colcon_core.shell:Creating environment hook '/home/kaisar/warehouse_robot/robot/install/stage/share/stage/hook/pkg_config_path_multiarch.ps1'
[12.572s] INFO:colcon.colcon_core.shell:Creating environment descriptor '/home/kaisar/warehouse_robot/robot/install/stage/share/stage/hook/pkg_config_path_multiarch.dsv'
[12.572s] INFO:colcon.colcon_core.shell:Creating environment hook '/home/kaisar/warehouse_robot/robot/install/stage/share/stage/hook/pkg_config_path_multiarch.sh'
[12.574s] Level 1:colcon.colcon_core.environment:create_environment_scripts_only(stage)
[12.574s] Level 1:colcon.colcon_core.environment:checking '/home/kaisar/warehouse_robot/robot/install/stage' for CMake module files
[12.575s] Level 1:colcon.colcon_core.environment:checking '/home/kaisar/warehouse_robot/robot/install/stage' for CMake config files
[12.575s] Level 1:colcon.colcon_core.shell:create_environment_hook('stage', 'cmake_prefix_path')
[12.575s] INFO:colcon.colcon_core.shell:Creating environment hook '/home/kaisar/warehouse_robot/robot/install/stage/share/stage/hook/cmake_prefix_path.ps1'
[12.576s] INFO:colcon.colcon_core.shell:Creating environment descriptor '/home/kaisar/warehouse_robot/robot/install/stage/share/stage/hook/cmake_prefix_path.dsv'
[12.576s] INFO:colcon.colcon_core.shell:Creating environment hook '/home/kaisar/warehouse_robot/robot/install/stage/share/stage/hook/cmake_prefix_path.sh'
[12.577s] Level 1:colcon.colcon_core.environment:checking '/home/kaisar/warehouse_robot/robot/install/stage/lib'
[12.577s] Level 1:colcon.colcon_core.shell:create_environment_hook('stage', 'ld_library_path_lib')
[12.578s] INFO:colcon.colcon_core.shell:Creating environment hook '/home/kaisar/warehouse_robot/robot/install/stage/share/stage/hook/ld_library_path_lib.ps1'
[12.578s] INFO:colcon.colcon_core.shell:Creating environment descriptor '/home/kaisar/warehouse_robot/robot/install/stage/share/stage/hook/ld_library_path_lib.dsv'
[12.579s] INFO:colcon.colcon_core.shell:Creating environment hook '/home/kaisar/warehouse_robot/robot/install/stage/share/stage/hook/ld_library_path_lib.sh'
[12.579s] Level 1:colcon.colcon_core.environment:checking '/home/kaisar/warehouse_robot/robot/install/stage/bin'
[12.579s] Level 1:colcon.colcon_core.shell:create_environment_hook('stage', 'path')
[12.580s] INFO:colcon.colcon_core.shell:Creating environment hook '/home/kaisar/warehouse_robot/robot/install/stage/share/stage/hook/path.ps1'
[12.580s] INFO:colcon.colcon_core.shell:Creating environment descriptor '/home/kaisar/warehouse_robot/robot/install/stage/share/stage/hook/path.dsv'
[12.580s] INFO:colcon.colcon_core.shell:Creating environment hook '/home/kaisar/warehouse_robot/robot/install/stage/share/stage/hook/path.sh'
[12.581s] Level 1:colcon.colcon_core.environment:checking '/home/kaisar/warehouse_robot/robot/install/stage/lib/pkgconfig/stage.pc'
[12.581s] Level 1:colcon.colcon_core.shell:create_environment_hook('stage', 'pkg_config')
[12.581s] INFO:colcon.colcon_core.shell:Creating environment hook '/home/kaisar/warehouse_robot/robot/install/stage/share/stage/hook/pkg_config.ps1'
[12.581s] INFO:colcon.colcon_core.shell:Creating environment descriptor '/home/kaisar/warehouse_robot/robot/install/stage/share/stage/hook/pkg_config.dsv'
[12.582s] INFO:colcon.colcon_core.shell:Creating environment hook '/home/kaisar/warehouse_robot/robot/install/stage/share/stage/hook/pkg_config.sh'
[12.583s] Level 1:colcon.colcon_core.environment:checking '/home/kaisar/warehouse_robot/robot/install/stage/lib/python3.12/site-packages'
[12.583s] Level 1:colcon.colcon_core.environment:checking '/home/kaisar/warehouse_robot/robot/install/stage/bin'
[12.583s] Level 1:colcon.colcon_core.shell:create_environment_hook('stage', 'pythonscriptspath')
[12.583s] INFO:colcon.colcon_core.shell:Creating environment hook '/home/kaisar/warehouse_robot/robot/install/stage/share/stage/hook/pythonscriptspath.ps1'
[12.584s] INFO:colcon.colcon_core.shell:Creating environment descriptor '/home/kaisar/warehouse_robot/robot/install/stage/share/stage/hook/pythonscriptspath.dsv'
[12.584s] INFO:colcon.colcon_core.shell:Creating environment hook '/home/kaisar/warehouse_robot/robot/install/stage/share/stage/hook/pythonscriptspath.sh'
[12.585s] INFO:colcon.colcon_core.shell:Creating package script '/home/kaisar/warehouse_robot/robot/install/stage/share/stage/package.ps1'
[12.586s] INFO:colcon.colcon_core.shell:Creating package descriptor '/home/kaisar/warehouse_robot/robot/install/stage/share/stage/package.dsv'
[12.587s] INFO:colcon.colcon_core.shell:Creating package script '/home/kaisar/warehouse_robot/robot/install/stage/share/stage/package.sh'
[12.588s] INFO:colcon.colcon_core.shell:Creating package script '/home/kaisar/warehouse_robot/robot/install/stage/share/stage/package.bash'
[12.588s] INFO:colcon.colcon_core.shell:Creating package script '/home/kaisar/warehouse_robot/robot/install/stage/share/stage/package.zsh'
[12.588s] Level 1:colcon.colcon_core.environment:create_file_with_runtime_dependencies(/home/kaisar/warehouse_robot/robot/install/stage/share/colcon-core/packages/stage)
[12.589s] INFO:colcon.colcon_ros.task.ament_cmake.build:Building ROS package in '/home/kaisar/warehouse_robot/robot/ws/src/stage_ros2' with build type 'ament_cmake'
[12.589s] INFO:colcon.colcon_cmake.task.cmake.build:Building CMake package in '/home/kaisar/warehouse_robot/robot/ws/src/stage_ros2'
[12.589s] INFO:colcon.colcon_core.shell:Skip shell extension 'powershell' for command environment: Not usable outside of PowerShell
[12.589s] DEBUG:colcon.colcon_core.shell:Skip shell extension 'dsv' for command environment
[12.605s] DEBUG:colcon.colcon_core.event_handler.log_command:Invoking command in '/home/kaisar/warehouse_robot/robot/build/stage_ros2': CMAKE_PREFIX_PATH=/opt/ros/jazzy:/home/kaisar/warehouse_robot/robot/install/stage:/home/kaisar/warehouse_robot/install/trp1_description:/home/kaisar/warehouse_robot/install/stage_ros2:/home/kaisar/warehouse_robot/install/stage:/home/kaisar/warehouse_robot/install/robot_msgs:/home/kaisar/warehouse_robot/install/nav2:/home/kaisar/warehouse_robot/robot/install/trp1_description:/home/kaisar/warehouse_robot/robot/install/stage_ros2:/home/kaisar/warehouse_robot/robot/install/robot_msgs:/home/kaisar/warehouse_robot/robot/install/nav2:/opt/ros/jazzy/opt/gz_sim_vendor:/opt/ros/jazzy/opt/gz_sensors_vendor:/opt/ros/jazzy/opt/gz_physics_vendor:/opt/ros/jazzy/opt/sdformat_vendor:/opt/ros/jazzy/opt/gz_gui_vendor:/opt/ros/jazzy/opt/gz_transport_vendor:/opt/ros/jazzy/opt/gz_rendering_vendor:/opt/ros/jazzy/opt/gz_plugin_vendor:/opt/ros/jazzy/opt/gz_fuel_tools_vendor:/opt/ros/jazzy/opt/gz_msgs_vendor:/opt/ros/jazzy/opt/gz_common_vendor:/opt/ros/jazzy/opt/gz_math_vendor:/opt/ros/jazzy/opt/gz_utils_vendor:/opt/ros/jazzy/opt/gz_tools_vendor:/opt/ros/jazzy/opt/gz_ogre_next_vendor:/opt/ros/jazzy/opt/gz_dartsim_vendor:/opt/ros/jazzy/opt/gz_cmake_vendor DEBUGINFOD_URLS=https://debuginfod.ubuntu.com LD_LIBRARY_PATH=/home/kaisar/warehouse_robot/robot/install/stage/lib:/home/kaisar/warehouse_robot/install/stage_ros2/lib:/home/kaisar/warehouse_robot/install/stage/lib:/home/kaisar/warehouse_robot/install/robot_msgs/lib:/home/kaisar/warehouse_robot/robot/install/stage_ros2/lib:/home/kaisar/warehouse_robot/robot/install/robot_msgs/lib:/opt/ros/jazzy/opt/gz_sim_vendor/lib:/opt/ros/jazzy/opt/gz_sensors_vendor/lib:/opt/ros/jazzy/opt/gz_physics_vendor/lib:/opt/ros/jazzy/opt/sdformat_vendor/lib:/opt/ros/jazzy/opt/rviz_ogre_vendor/lib:/opt/ros/jazzy/lib/x86_64-linux-gnu:/opt/ros/jazzy/opt/gz_gui_vendor/lib:/opt/ros/jazzy/opt/gz_transport_vendor/lib:/opt/ros/jazzy/opt/gz_rendering_vendor/lib:/opt/ros/jazzy/opt/gz_plugin_vendor/lib:/opt/ros/jazzy/opt/gz_fuel_tools_vendor/lib:/opt/ros/jazzy/opt/gz_msgs_vendor/lib:/opt/ros/jazzy/opt/gz_common_vendor/lib:/opt/ros/jazzy/opt/gz_math_vendor/lib:/opt/ros/jazzy/opt/gz_utils_vendor/lib:/opt/ros/jazzy/opt/gz_tools_vendor/lib:/opt/ros/jazzy/opt/gz_ogre_next_vendor/lib:/opt/ros/jazzy/opt/gz_dartsim_vendor/lib:/opt/ros/jazzy/opt/gz_cmake_vendor/lib:/opt/ros/jazzy/lib PATH=/home/kaisar/warehouse_robot/robot/install/stage/bin:/home/kaisar/warehouse_robot/install/stage/bin:/opt/ros/jazzy/opt/gz_msgs_vendor/bin:/opt/ros/jazzy/opt/gz_tools_vendor/bin:/opt/ros/jazzy/opt/gz_ogre_next_vendor/bin:/opt/ros/jazzy/bin:/usr/local/sbin:/usr/local/bin:/usr/sbin:/usr/bin:/sbin:/bin:/usr/games:/usr/local/games:/snap/bin:/snap/bin PKG_CONFIG_PATH=/home/kaisar/warehouse_robot/robot/install/stage/lib/x86_64-linux-gnu/pkgconfig:/home/kaisar/warehouse_robot/robot/install/stage/lib/pkgconfig:/home/kaisar/warehouse_robot/install/stage/lib/x86_64-linux-gnu/pkgconfig:/home/kaisar/warehouse_robot/install/stage/lib/pkgconfig ROS_PACKAGE_PATH=/home/kaisar/warehouse_robot/robot/install/stage/share:/home/kaisar/warehouse_robot/install/stage/share /usr/bin/cmake /home/kaisar/warehouse_robot/robot/ws/src/stage_ros2 -DAMENT_CMAKE_SYMLINK_INSTALL=1 -DCMAKE_INSTALL_PREFIX=/home/kaisar/warehouse_robot/robot/install/stage_ros2
[13.217s] DEBUG:colcon.colcon_core.event_handler.log_command:Invoked command in '/home/kaisar/warehouse_robot/robot/build/robot_msgs' returned '0': CMAKE_PREFIX_PATH=/home/kaisar/warehouse_robot/install/trp1_description:/home/kaisar/warehouse_robot/install/stage_ros2:/opt/ros/jazzy:/home/kaisar/warehouse_robot/install/stage:/home/kaisar/warehouse_robot/install/robot_msgs:/home/kaisar/warehouse_robot/install/nav2:/home/kaisar/warehouse_robot/robot/install/trp1_description:/home/kaisar/warehouse_robot/robot/install/stage_ros2:/home/kaisar/warehouse_robot/robot/install/stage:/home/kaisar/warehouse_robot/robot/install/robot_msgs:/home/kaisar/warehouse_robot/robot/install/nav2:/opt/ros/jazzy/opt/gz_sim_vendor:/opt/ros/jazzy/opt/gz_sensors_vendor:/opt/ros/jazzy/opt/gz_physics_vendor:/opt/ros/jazzy/opt/sdformat_vendor:/opt/ros/jazzy/opt/gz_gui_vendor:/opt/ros/jazzy/opt/gz_transport_vendor:/opt/ros/jazzy/opt/gz_rendering_vendor:/opt/ros/jazzy/opt/gz_plugin_vendor:/opt/ros/jazzy/opt/gz_fuel_tools_vendor:/opt/ros/jazzy/opt/gz_msgs_vendor:/opt/ros/jazzy/opt/gz_common_vendor:/opt/ros/jazzy/opt/gz_math_vendor:/opt/ros/jazzy/opt/gz_utils_vendor:/opt/ros/jazzy/opt/gz_tools_vendor:/opt/ros/jazzy/opt/gz_ogre_next_vendor:/opt/ros/jazzy/opt/gz_dartsim_vendor:/opt/ros/jazzy/opt/gz_cmake_vendor DEBUGINFOD_URLS=https://debuginfod.ubuntu.com /usr/bin/cmake --build /home/kaisar/warehouse_robot/robot/build/robot_msgs -- -j12 -l12
[13.218s] DEBUG:colcon.colcon_core.event_handler.log_command:Invoking command in '/home/kaisar/warehouse_robot/robot/build/robot_msgs': CMAKE_PREFIX_PATH=/home/kaisar/warehouse_robot/install/trp1_description:/home/kaisar/warehouse_robot/install/stage_ros2:/opt/ros/jazzy:/home/kaisar/warehouse_robot/install/stage:/home/kaisar/warehouse_robot/install/robot_msgs:/home/kaisar/warehouse_robot/install/nav2:/home/kaisar/warehouse_robot/robot/install/trp1_description:/home/kaisar/warehouse_robot/robot/install/stage_ros2:/home/kaisar/warehouse_robot/robot/install/stage:/home/kaisar/warehouse_robot/robot/install/robot_msgs:/home/kaisar/warehouse_robot/robot/install/nav2:/opt/ros/jazzy/opt/gz_sim_vendor:/opt/ros/jazzy/opt/gz_sensors_vendor:/opt/ros/jazzy/opt/gz_physics_vendor:/opt/ros/jazzy/opt/sdformat_vendor:/opt/ros/jazzy/opt/gz_gui_vendor:/opt/ros/jazzy/opt/gz_transport_vendor:/opt/ros/jazzy/opt/gz_rendering_vendor:/opt/ros/jazzy/opt/gz_plugin_vendor:/opt/ros/jazzy/opt/gz_fuel_tools_vendor:/opt/ros/jazzy/opt/gz_msgs_vendor:/opt/ros/jazzy/opt/gz_common_vendor:/opt/ros/jazzy/opt/gz_math_vendor:/opt/ros/jazzy/opt/gz_utils_vendor:/opt/ros/jazzy/opt/gz_tools_vendor:/opt/ros/jazzy/opt/gz_ogre_next_vendor:/opt/ros/jazzy/opt/gz_dartsim_vendor:/opt/ros/jazzy/opt/gz_cmake_vendor DEBUGINFOD_URLS=https://debuginfod.ubuntu.com /usr/bin/cmake --install /home/kaisar/warehouse_robot/robot/build/robot_msgs
[14.374s] Level 1:colcon.colcon_core.environment:create_environment_scripts_only(robot_msgs)
[14.375s] Level 1:colcon.colcon_core.environment:checking '/home/kaisar/warehouse_robot/robot/install/robot_msgs' for CMake module files
[14.375s] DEBUG:colcon.colcon_core.event_handler.log_command:Invoked command in '/home/kaisar/warehouse_robot/robot/build/robot_msgs' returned '0': CMAKE_PREFIX_PATH=/home/kaisar/warehouse_robot/install/trp1_description:/home/kaisar/warehouse_robot/install/stage_ros2:/opt/ros/jazzy:/home/kaisar/warehouse_robot/install/stage:/home/kaisar/warehouse_robot/install/robot_msgs:/home/kaisar/warehouse_robot/install/nav2:/home/kaisar/warehouse_robot/robot/install/trp1_description:/home/kaisar/warehouse_robot/robot/install/stage_ros2:/home/kaisar/warehouse_robot/robot/install/stage:/home/kaisar/warehouse_robot/robot/install/robot_msgs:/home/kaisar/warehouse_robot/robot/install/nav2:/opt/ros/jazzy/opt/gz_sim_vendor:/opt/ros/jazzy/opt/gz_sensors_vendor:/opt/ros/jazzy/opt/gz_physics_vendor:/opt/ros/jazzy/opt/sdformat_vendor:/opt/ros/jazzy/opt/gz_gui_vendor:/opt/ros/jazzy/opt/gz_transport_vendor:/opt/ros/jazzy/opt/gz_rendering_vendor:/opt/ros/jazzy/opt/gz_plugin_vendor:/opt/ros/jazzy/opt/gz_fuel_tools_vendor:/opt/ros/jazzy/opt/gz_msgs_vendor:/opt/ros/jazzy/opt/gz_common_vendor:/opt/ros/jazzy/opt/gz_math_vendor:/opt/ros/jazzy/opt/gz_utils_vendor:/opt/ros/jazzy/opt/gz_tools_vendor:/opt/ros/jazzy/opt/gz_ogre_next_vendor:/opt/ros/jazzy/opt/gz_dartsim_vendor:/opt/ros/jazzy/opt/gz_cmake_vendor DEBUGINFOD_URLS=https://debuginfod.ubuntu.com /usr/bin/cmake --install /home/kaisar/warehouse_robot/robot/build/robot_msgs
[14.376s] Level 1:colcon.colcon_core.environment:checking '/home/kaisar/warehouse_robot/robot/install/robot_msgs' for CMake config files
[14.377s] Level 1:colcon.colcon_core.shell:create_environment_hook('robot_msgs', 'cmake_prefix_path')
[14.377s] INFO:colcon.colcon_core.shell:Creating environment hook '/home/kaisar/warehouse_robot/robot/install/robot_msgs/share/robot_msgs/hook/cmake_prefix_path.ps1'
[14.378s] INFO:colcon.colcon_core.shell:Creating environment descriptor '/home/kaisar/warehouse_robot/robot/install/robot_msgs/share/robot_msgs/hook/cmake_prefix_path.dsv'
[14.378s] INFO:colcon.colcon_core.shell:Creating environment hook '/home/kaisar/warehouse_robot/robot/install/robot_msgs/share/robot_msgs/hook/cmake_prefix_path.sh'
[14.379s] Level 1:colcon.colcon_core.environment:checking '/home/kaisar/warehouse_robot/robot/install/robot_msgs/lib'
[14.379s] Level 1:colcon.colcon_core.shell:create_environment_hook('robot_msgs', 'ld_library_path_lib')
[14.380s] INFO:colcon.colcon_core.shell:Creating environment hook '/home/kaisar/warehouse_robot/robot/install/robot_msgs/share/robot_msgs/hook/ld_library_path_lib.ps1'
[14.380s] INFO:colcon.colcon_core.shell:Creating environment descriptor '/home/kaisar/warehouse_robot/robot/install/robot_msgs/share/robot_msgs/hook/ld_library_path_lib.dsv'
[14.381s] INFO:colcon.colcon_core.shell:Creating environment hook '/home/kaisar/warehouse_robot/robot/install/robot_msgs/share/robot_msgs/hook/ld_library_path_lib.sh'
[14.381s] Level 1:colcon.colcon_core.environment:checking '/home/kaisar/warehouse_robot/robot/install/robot_msgs/bin'
[14.381s] Level 1:colcon.colcon_core.environment:checking '/home/kaisar/warehouse_robot/robot/install/robot_msgs/lib/pkgconfig/robot_msgs.pc'
[14.381s] Level 1:colcon.colcon_core.environment:checking '/home/kaisar/warehouse_robot/robot/install/robot_msgs/lib/python3.12/site-packages'
[14.382s] Level 1:colcon.colcon_core.shell:create_environment_hook('robot_msgs', 'pythonpath')
[14.382s] INFO:colcon.colcon_core.shell:Creating environment hook '/home/kaisar/warehouse_robot/robot/install/robot_msgs/share/robot_msgs/hook/pythonpath.ps1'
[14.382s] INFO:colcon.colcon_core.shell:Creating environment descriptor '/home/kaisar/warehouse_robot/robot/install/robot_msgs/share/robot_msgs/hook/pythonpath.dsv'
[14.383s] INFO:colcon.colcon_core.shell:Creating environment hook '/home/kaisar/warehouse_robot/robot/install/robot_msgs/share/robot_msgs/hook/pythonpath.sh'
[14.384s] Level 1:colcon.colcon_core.environment:checking '/home/kaisar/warehouse_robot/robot/install/robot_msgs/bin'
[14.384s] INFO:colcon.colcon_core.shell:Creating package script '/home/kaisar/warehouse_robot/robot/install/robot_msgs/share/robot_msgs/package.ps1'
[14.385s] INFO:colcon.colcon_core.shell:Creating package descriptor '/home/kaisar/warehouse_robot/robot/install/robot_msgs/share/robot_msgs/package.dsv'
[14.385s] INFO:colcon.colcon_core.shell:Creating package script '/home/kaisar/warehouse_robot/robot/install/robot_msgs/share/robot_msgs/package.sh'
[14.386s] INFO:colcon.colcon_core.shell:Creating package script '/home/kaisar/warehouse_robot/robot/install/robot_msgs/share/robot_msgs/package.bash'
[14.386s] INFO:colcon.colcon_core.shell:Creating package script '/home/kaisar/warehouse_robot/robot/install/robot_msgs/share/robot_msgs/package.zsh'
[14.387s] Level 1:colcon.colcon_core.environment:create_file_with_runtime_dependencies(/home/kaisar/warehouse_robot/robot/install/robot_msgs/share/colcon-core/packages/robot_msgs)
[14.387s] Level 1:colcon.colcon_core.environment:create_environment_scripts_only(robot_msgs)
[14.387s] Level 1:colcon.colcon_core.environment:checking '/home/kaisar/warehouse_robot/robot/install/robot_msgs' for CMake module files
[14.388s] Level 1:colcon.colcon_core.environment:checking '/home/kaisar/warehouse_robot/robot/install/robot_msgs' for CMake config files
[14.388s] Level 1:colcon.colcon_core.shell:create_environment_hook('robot_msgs', 'cmake_prefix_path')
[14.389s] INFO:colcon.colcon_core.shell:Creating environment hook '/home/kaisar/warehouse_robot/robot/install/robot_msgs/share/robot_msgs/hook/cmake_prefix_path.ps1'
[14.389s] INFO:colcon.colcon_core.shell:Creating environment descriptor '/home/kaisar/warehouse_robot/robot/install/robot_msgs/share/robot_msgs/hook/cmake_prefix_path.dsv'
[14.390s] INFO:colcon.colcon_core.shell:Creating environment hook '/home/kaisar/warehouse_robot/robot/install/robot_msgs/share/robot_msgs/hook/cmake_prefix_path.sh'
[14.391s] Level 1:colcon.colcon_core.environment:checking '/home/kaisar/warehouse_robot/robot/install/robot_msgs/lib'
[14.391s] Level 1:colcon.colcon_core.shell:create_environment_hook('robot_msgs', 'ld_library_path_lib')
[14.391s] INFO:colcon.colcon_core.shell:Creating environment hook '/home/kaisar/warehouse_robot/robot/install/robot_msgs/share/robot_msgs/hook/ld_library_path_lib.ps1'
[14.391s] INFO:colcon.colcon_core.shell:Creating environment descriptor '/home/kaisar/warehouse_robot/robot/install/robot_msgs/share/robot_msgs/hook/ld_library_path_lib.dsv'
[14.392s] INFO:colcon.colcon_core.shell:Creating environment hook '/home/kaisar/warehouse_robot/robot/install/robot_msgs/share/robot_msgs/hook/ld_library_path_lib.sh'
[14.392s] Level 1:colcon.colcon_core.environment:checking '/home/kaisar/warehouse_robot/robot/install/robot_msgs/bin'
[14.392s] Level 1:colcon.colcon_core.environment:checking '/home/kaisar/warehouse_robot/robot/install/robot_msgs/lib/pkgconfig/robot_msgs.pc'
[14.392s] Level 1:colcon.colcon_core.environment:checking '/home/kaisar/warehouse_robot/robot/install/robot_msgs/lib/python3.12/site-packages'
[14.392s] Level 1:colcon.colcon_core.shell:create_environment_hook('robot_msgs', 'pythonpath')
[14.393s] INFO:colcon.colcon_core.shell:Creating environment hook '/home/kaisar/warehouse_robot/robot/install/robot_msgs/share/robot_msgs/hook/pythonpath.ps1'
[14.393s] INFO:colcon.colcon_core.shell:Creating environment descriptor '/home/kaisar/warehouse_robot/robot/install/robot_msgs/share/robot_msgs/hook/pythonpath.dsv'
[14.393s] INFO:colcon.colcon_core.shell:Creating environment hook '/home/kaisar/warehouse_robot/robot/install/robot_msgs/share/robot_msgs/hook/pythonpath.sh'
[14.394s] Level 1:colcon.colcon_core.environment:checking '/home/kaisar/warehouse_robot/robot/install/robot_msgs/bin'
[14.394s] INFO:colcon.colcon_core.shell:Creating package script '/home/kaisar/warehouse_robot/robot/install/robot_msgs/share/robot_msgs/package.ps1'
[14.394s] INFO:colcon.colcon_core.shell:Creating package descriptor '/home/kaisar/warehouse_robot/robot/install/robot_msgs/share/robot_msgs/package.dsv'
[14.395s] INFO:colcon.colcon_core.shell:Creating package script '/home/kaisar/warehouse_robot/robot/install/robot_msgs/share/robot_msgs/package.sh'
[14.396s] INFO:colcon.colcon_core.shell:Creating package script '/home/kaisar/warehouse_robot/robot/install/robot_msgs/share/robot_msgs/package.bash'
[14.397s] INFO:colcon.colcon_core.shell:Creating package script '/home/kaisar/warehouse_robot/robot/install/robot_msgs/share/robot_msgs/package.zsh'
[14.397s] Level 1:colcon.colcon_core.environment:create_file_with_runtime_dependencies(/home/kaisar/warehouse_robot/robot/install/robot_msgs/share/colcon-core/packages/robot_msgs)
[14.398s] INFO:colcon.colcon_ros.task.ament_python.build:Building ROS package in '/home/kaisar/warehouse_robot/robot/ws/src/robot_planner' with build type 'ament_python'
[14.398s] Level 1:colcon.colcon_core.shell:create_environment_hook('robot_planner', 'ament_prefix_path')
[14.398s] INFO:colcon.colcon_core.shell:Creating environment hook '/home/kaisar/warehouse_robot/robot/install/robot_planner/share/robot_planner/hook/ament_prefix_path.ps1'
[14.399s] INFO:colcon.colcon_core.shell:Creating environment descriptor '/home/kaisar/warehouse_robot/robot/install/robot_planner/share/robot_planner/hook/ament_prefix_path.dsv'
[14.400s] INFO:colcon.colcon_core.shell:Creating environment hook '/home/kaisar/warehouse_robot/robot/install/robot_planner/share/robot_planner/hook/ament_prefix_path.sh'
[14.400s] INFO:colcon.colcon_core.shell:Skip shell extension 'powershell' for command environment: Not usable outside of PowerShell
[14.400s] DEBUG:colcon.colcon_core.shell:Skip shell extension 'dsv' for command environment
[14.723s] INFO:colcon.colcon_core.task.python.build:Building Python package in '/home/kaisar/warehouse_robot/robot/ws/src/robot_planner'
[14.723s] INFO:colcon.colcon_core.shell:Skip shell extension 'powershell' for command environment: Not usable outside of PowerShell
[14.723s] DEBUG:colcon.colcon_core.shell:Skip shell extension 'dsv' for command environment
[14.729s] DEBUG:colcon.colcon_core.event_handler.log_command:Invoked command in '/home/kaisar/warehouse_robot/robot/build/stage_ros2' returned '0': CMAKE_PREFIX_PATH=/opt/ros/jazzy:/home/kaisar/warehouse_robot/robot/install/stage:/home/kaisar/warehouse_robot/install/trp1_description:/home/kaisar/warehouse_robot/install/stage_ros2:/home/kaisar/warehouse_robot/install/stage:/home/kaisar/warehouse_robot/install/robot_msgs:/home/kaisar/warehouse_robot/install/nav2:/home/kaisar/warehouse_robot/robot/install/trp1_description:/home/kaisar/warehouse_robot/robot/install/stage_ros2:/home/kaisar/warehouse_robot/robot/install/robot_msgs:/home/kaisar/warehouse_robot/robot/install/nav2:/opt/ros/jazzy/opt/gz_sim_vendor:/opt/ros/jazzy/opt/gz_sensors_vendor:/opt/ros/jazzy/opt/gz_physics_vendor:/opt/ros/jazzy/opt/sdformat_vendor:/opt/ros/jazzy/opt/gz_gui_vendor:/opt/ros/jazzy/opt/gz_transport_vendor:/opt/ros/jazzy/opt/gz_rendering_vendor:/opt/ros/jazzy/opt/gz_plugin_vendor:/opt/ros/jazzy/opt/gz_fuel_tools_vendor:/opt/ros/jazzy/opt/gz_msgs_vendor:/opt/ros/jazzy/opt/gz_common_vendor:/opt/ros/jazzy/opt/gz_math_vendor:/opt/ros/jazzy/opt/gz_utils_vendor:/opt/ros/jazzy/opt/gz_tools_vendor:/opt/ros/jazzy/opt/gz_ogre_next_vendor:/opt/ros/jazzy/opt/gz_dartsim_vendor:/opt/ros/jazzy/opt/gz_cmake_vendor DEBUGINFOD_URLS=https://debuginfod.ubuntu.com LD_LIBRARY_PATH=/home/kaisar/warehouse_robot/robot/install/stage/lib:/home/kaisar/warehouse_robot/install/stage_ros2/lib:/home/kaisar/warehouse_robot/install/stage/lib:/home/kaisar/warehouse_robot/install/robot_msgs/lib:/home/kaisar/warehouse_robot/robot/install/stage_ros2/lib:/home/kaisar/warehouse_robot/robot/install/robot_msgs/lib:/opt/ros/jazzy/opt/gz_sim_vendor/lib:/opt/ros/jazzy/opt/gz_sensors_vendor/lib:/opt/ros/jazzy/opt/gz_physics_vendor/lib:/opt/ros/jazzy/opt/sdformat_vendor/lib:/opt/ros/jazzy/opt/rviz_ogre_vendor/lib:/opt/ros/jazzy/lib/x86_64-linux-gnu:/opt/ros/jazzy/opt/gz_gui_vendor/lib:/opt/ros/jazzy/opt/gz_transport_vendor/lib:/opt/ros/jazzy/opt/gz_rendering_vendor/lib:/opt/ros/jazzy/opt/gz_plugin_vendor/lib:/opt/ros/jazzy/opt/gz_fuel_tools_vendor/lib:/opt/ros/jazzy/opt/gz_msgs_vendor/lib:/opt/ros/jazzy/opt/gz_common_vendor/lib:/opt/ros/jazzy/opt/gz_math_vendor/lib:/opt/ros/jazzy/opt/gz_utils_vendor/lib:/opt/ros/jazzy/opt/gz_tools_vendor/lib:/opt/ros/jazzy/opt/gz_ogre_next_vendor/lib:/opt/ros/jazzy/opt/gz_dartsim_vendor/lib:/opt/ros/jazzy/opt/gz_cmake_vendor/lib:/opt/ros/jazzy/lib PATH=/home/kaisar/warehouse_robot/robot/install/stage/bin:/home/kaisar/warehouse_robot/install/stage/bin:/opt/ros/jazzy/opt/gz_msgs_vendor/bin:/opt/ros/jazzy/opt/gz_tools_vendor/bin:/opt/ros/jazzy/opt/gz_ogre_next_vendor/bin:/opt/ros/jazzy/bin:/usr/local/sbin:/usr/local/bin:/usr/sbin:/usr/bin:/sbin:/bin:/usr/games:/usr/local/games:/snap/bin:/snap/bin PKG_CONFIG_PATH=/home/kaisar/warehouse_robot/robot/install/stage/lib/x86_64-linux-gnu/pkgconfig:/home/kaisar/warehouse_robot/robot/install/stage/lib/pkgconfig:/home/kaisar/warehouse_robot/install/stage/lib/x86_64-linux-gnu/pkgconfig:/home/kaisar/warehouse_robot/install/stage/lib/pkgconfig ROS_PACKAGE_PATH=/home/kaisar/warehouse_robot/robot/install/stage/share:/home/kaisar/warehouse_robot/install/stage/share /usr/bin/cmake /home/kaisar/warehouse_robot/robot/ws/src/stage_ros2 -DAMENT_CMAKE_SYMLINK_INSTALL=1 -DCMAKE_INSTALL_PREFIX=/home/kaisar/warehouse_robot/robot/install/stage_ros2
[14.731s] DEBUG:colcon.colcon_core.event_handler.log_command:Invoking command in '/home/kaisar/warehouse_robot/robot/build/stage_ros2': CMAKE_PREFIX_PATH=/opt/ros/jazzy:/home/kaisar/warehouse_robot/robot/install/stage:/home/kaisar/warehouse_robot/install/trp1_description:/home/kaisar/warehouse_robot/install/stage_ros2:/home/kaisar/warehouse_robot/install/stage:/home/kaisar/warehouse_robot/install/robot_msgs:/home/kaisar/warehouse_robot/install/nav2:/home/kaisar/warehouse_robot/robot/install/trp1_description:/home/kaisar/warehouse_robot/robot/install/stage_ros2:/home/kaisar/warehouse_robot/robot/install/robot_msgs:/home/kaisar/warehouse_robot/robot/install/nav2:/opt/ros/jazzy/opt/gz_sim_vendor:/opt/ros/jazzy/opt/gz_sensors_vendor:/opt/ros/jazzy/opt/gz_physics_vendor:/opt/ros/jazzy/opt/sdformat_vendor:/opt/ros/jazzy/opt/gz_gui_vendor:/opt/ros/jazzy/opt/gz_transport_vendor:/opt/ros/jazzy/opt/gz_rendering_vendor:/opt/ros/jazzy/opt/gz_plugin_vendor:/opt/ros/jazzy/opt/gz_fuel_tools_vendor:/opt/ros/jazzy/opt/gz_msgs_vendor:/opt/ros/jazzy/opt/gz_common_vendor:/opt/ros/jazzy/opt/gz_math_vendor:/opt/ros/jazzy/opt/gz_utils_vendor:/opt/ros/jazzy/opt/gz_tools_vendor:/opt/ros/jazzy/opt/gz_ogre_next_vendor:/opt/ros/jazzy/opt/gz_dartsim_vendor:/opt/ros/jazzy/opt/gz_cmake_vendor DEBUGINFOD_URLS=https://debuginfod.ubuntu.com LD_LIBRARY_PATH=/home/kaisar/warehouse_robot/robot/install/stage/lib:/home/kaisar/warehouse_robot/install/stage_ros2/lib:/home/kaisar/warehouse_robot/install/stage/lib:/home/kaisar/warehouse_robot/install/robot_msgs/lib:/home/kaisar/warehouse_robot/robot/install/stage_ros2/lib:/home/kaisar/warehouse_robot/robot/install/robot_msgs/lib:/opt/ros/jazzy/opt/gz_sim_vendor/lib:/opt/ros/jazzy/opt/gz_sensors_vendor/lib:/opt/ros/jazzy/opt/gz_physics_vendor/lib:/opt/ros/jazzy/opt/sdformat_vendor/lib:/opt/ros/jazzy/opt/rviz_ogre_vendor/lib:/opt/ros/jazzy/lib/x86_64-linux-gnu:/opt/ros/jazzy/opt/gz_gui_vendor/lib:/opt/ros/jazzy/opt/gz_transport_vendor/lib:/opt/ros/jazzy/opt/gz_rendering_vendor/lib:/opt/ros/jazzy/opt/gz_plugin_vendor/lib:/opt/ros/jazzy/opt/gz_fuel_tools_vendor/lib:/opt/ros/jazzy/opt/gz_msgs_vendor/lib:/opt/ros/jazzy/opt/gz_common_vendor/lib:/opt/ros/jazzy/opt/gz_math_vendor/lib:/opt/ros/jazzy/opt/gz_utils_vendor/lib:/opt/ros/jazzy/opt/gz_tools_vendor/lib:/opt/ros/jazzy/opt/gz_ogre_next_vendor/lib:/opt/ros/jazzy/opt/gz_dartsim_vendor/lib:/opt/ros/jazzy/opt/gz_cmake_vendor/lib:/opt/ros/jazzy/lib PATH=/home/kaisar/warehouse_robot/robot/install/stage/bin:/home/kaisar/warehouse_robot/install/stage/bin:/opt/ros/jazzy/opt/gz_msgs_vendor/bin:/opt/ros/jazzy/opt/gz_tools_vendor/bin:/opt/ros/jazzy/opt/gz_ogre_next_vendor/bin:/opt/ros/jazzy/bin:/usr/local/sbin:/usr/local/bin:/usr/sbin:/usr/bin:/sbin:/bin:/usr/games:/usr/local/games:/snap/bin:/snap/bin PKG_CONFIG_PATH=/home/kaisar/warehouse_robot/robot/install/stage/lib/x86_64-linux-gnu/pkgconfig:/home/kaisar/warehouse_robot/robot/install/stage/lib/pkgconfig:/home/kaisar/warehouse_robot/install/stage/lib/x86_64-linux-gnu/pkgconfig:/home/kaisar/warehouse_robot/install/stage/lib/pkgconfig ROS_PACKAGE_PATH=/home/kaisar/warehouse_robot/robot/install/stage/share:/home/kaisar/warehouse_robot/install/stage/share /usr/bin/cmake --build /home/kaisar/warehouse_robot/robot/build/stage_ros2 -- -j12 -l12
[15.145s] Level 1:colcon.colcon_core.environment:create_environment_scripts_only(nav2)
[15.145s] Level 1:colcon.colcon_core.environment:checking '/home/kaisar/warehouse_robot/robot/install/nav2' for CMake module files
[15.146s] DEBUG:colcon.colcon_core.event_handler.log_command:Invoked command in '/home/kaisar/warehouse_robot/robot/build/nav2' returned '0': CMAKE_PREFIX_PATH=/home/kaisar/warehouse_robot/install/trp1_description:/home/kaisar/warehouse_robot/install/stage_ros2:/opt/ros/jazzy:/home/kaisar/warehouse_robot/install/stage:/home/kaisar/warehouse_robot/install/robot_msgs:/home/kaisar/warehouse_robot/install/nav2:/home/kaisar/warehouse_robot/robot/install/trp1_description:/home/kaisar/warehouse_robot/robot/install/stage_ros2:/home/kaisar/warehouse_robot/robot/install/stage:/home/kaisar/warehouse_robot/robot/install/robot_msgs:/home/kaisar/warehouse_robot/robot/install/nav2:/opt/ros/jazzy/opt/gz_sim_vendor:/opt/ros/jazzy/opt/gz_sensors_vendor:/opt/ros/jazzy/opt/gz_physics_vendor:/opt/ros/jazzy/opt/sdformat_vendor:/opt/ros/jazzy/opt/gz_gui_vendor:/opt/ros/jazzy/opt/gz_transport_vendor:/opt/ros/jazzy/opt/gz_rendering_vendor:/opt/ros/jazzy/opt/gz_plugin_vendor:/opt/ros/jazzy/opt/gz_fuel_tools_vendor:/opt/ros/jazzy/opt/gz_msgs_vendor:/opt/ros/jazzy/opt/gz_common_vendor:/opt/ros/jazzy/opt/gz_math_vendor:/opt/ros/jazzy/opt/gz_utils_vendor:/opt/ros/jazzy/opt/gz_tools_vendor:/opt/ros/jazzy/opt/gz_ogre_next_vendor:/opt/ros/jazzy/opt/gz_dartsim_vendor:/opt/ros/jazzy/opt/gz_cmake_vendor DEBUGINFOD_URLS=https://debuginfod.ubuntu.com /usr/bin/cmake --install /home/kaisar/warehouse_robot/robot/build/nav2
[15.146s] Level 1:colcon.colcon_core.environment:checking '/home/kaisar/warehouse_robot/robot/install/nav2' for CMake config files
[15.160s] Level 1:colcon.colcon_core.shell:create_environment_hook('nav2', 'cmake_prefix_path')
[15.160s] INFO:colcon.colcon_core.shell:Creating environment hook '/home/kaisar/warehouse_robot/robot/install/nav2/share/nav2/hook/cmake_prefix_path.ps1'
[15.161s] INFO:colcon.colcon_core.shell:Creating environment descriptor '/home/kaisar/warehouse_robot/robot/install/nav2/share/nav2/hook/cmake_prefix_path.dsv'
[15.161s] INFO:colcon.colcon_core.shell:Creating environment hook '/home/kaisar/warehouse_robot/robot/install/nav2/share/nav2/hook/cmake_prefix_path.sh'
[15.162s] Level 1:colcon.colcon_core.environment:checking '/home/kaisar/warehouse_robot/robot/install/nav2/bin'
[15.162s] Level 1:colcon.colcon_core.environment:checking '/home/kaisar/warehouse_robot/robot/install/nav2/lib/pkgconfig/nav2.pc'
[15.162s] Level 1:colcon.colcon_core.environment:checking '/home/kaisar/warehouse_robot/robot/install/nav2/lib/python3.12/site-packages'
[15.163s] Level 1:colcon.colcon_core.environment:checking '/home/kaisar/warehouse_robot/robot/install/nav2/bin'
[15.163s] INFO:colcon.colcon_core.shell:Creating package script '/home/kaisar/warehouse_robot/robot/install/nav2/share/nav2/package.ps1'
[15.164s] INFO:colcon.colcon_core.shell:Creating package descriptor '/home/kaisar/warehouse_robot/robot/install/nav2/share/nav2/package.dsv'
[15.164s] INFO:colcon.colcon_core.shell:Creating package script '/home/kaisar/warehouse_robot/robot/install/nav2/share/nav2/package.sh'
[15.164s] INFO:colcon.colcon_core.shell:Creating package script '/home/kaisar/warehouse_robot/robot/install/nav2/share/nav2/package.bash'
[15.165s] INFO:colcon.colcon_core.shell:Creating package script '/home/kaisar/warehouse_robot/robot/install/nav2/share/nav2/package.zsh'
[15.165s] Level 1:colcon.colcon_core.environment:create_file_with_runtime_dependencies(/home/kaisar/warehouse_robot/robot/install/nav2/share/colcon-core/packages/nav2)
[15.166s] Level 1:colcon.colcon_core.environment:create_environment_scripts_only(nav2)
[15.166s] Level 1:colcon.colcon_core.environment:checking '/home/kaisar/warehouse_robot/robot/install/nav2' for CMake module files
[15.167s] Level 1:colcon.colcon_core.environment:checking '/home/kaisar/warehouse_robot/robot/install/nav2' for CMake config files
[15.179s] Level 1:colcon.colcon_core.shell:create_environment_hook('nav2', 'cmake_prefix_path')
[15.179s] INFO:colcon.colcon_core.shell:Creating environment hook '/home/kaisar/warehouse_robot/robot/install/nav2/share/nav2/hook/cmake_prefix_path.ps1'
[15.180s] INFO:colcon.colcon_core.shell:Creating environment descriptor '/home/kaisar/warehouse_robot/robot/install/nav2/share/nav2/hook/cmake_prefix_path.dsv'
[15.180s] INFO:colcon.colcon_core.shell:Creating environment hook '/home/kaisar/warehouse_robot/robot/install/nav2/share/nav2/hook/cmake_prefix_path.sh'
[15.181s] Level 1:colcon.colcon_core.environment:checking '/home/kaisar/warehouse_robot/robot/install/nav2/bin'
[15.181s] Level 1:colcon.colcon_core.environment:checking '/home/kaisar/warehouse_robot/robot/install/nav2/lib/pkgconfig/nav2.pc'
[15.181s] Level 1:colcon.colcon_core.environment:checking '/home/kaisar/warehouse_robot/robot/install/nav2/lib/python3.12/site-packages'
[15.182s] Level 1:colcon.colcon_core.environment:checking '/home/kaisar/warehouse_robot/robot/install/nav2/bin'
[15.182s] INFO:colcon.colcon_core.shell:Creating package script '/home/kaisar/warehouse_robot/robot/install/nav2/share/nav2/package.ps1'
[15.183s] INFO:colcon.colcon_core.shell:Creating package descriptor '/home/kaisar/warehouse_robot/robot/install/nav2/share/nav2/package.dsv'
[15.183s] INFO:colcon.colcon_core.shell:Creating package script '/home/kaisar/warehouse_robot/robot/install/nav2/share/nav2/package.sh'
[15.184s] INFO:colcon.colcon_core.shell:Creating package script '/home/kaisar/warehouse_robot/robot/install/nav2/share/nav2/package.bash'
[15.184s] INFO:colcon.colcon_core.shell:Creating package script '/home/kaisar/warehouse_robot/robot/install/nav2/share/nav2/package.zsh'
[15.185s] Level 1:colcon.colcon_core.environment:create_file_with_runtime_dependencies(/home/kaisar/warehouse_robot/robot/install/nav2/share/colcon-core/packages/nav2)
[15.631s] DEBUG:colcon.colcon_core.event_handler.log_command:Invoking command in '/home/kaisar/warehouse_robot/robot/build/robot_planner': CMAKE_PREFIX_PATH=/home/kaisar/warehouse_robot/robot/install/robot_msgs:/home/kaisar/warehouse_robot/install/trp1_description:/home/kaisar/warehouse_robot/install/stage_ros2:/home/kaisar/warehouse_robot/install/stage:/home/kaisar/warehouse_robot/install/robot_msgs:/home/kaisar/warehouse_robot/install/nav2:/home/kaisar/warehouse_robot/robot/install/trp1_description:/home/kaisar/warehouse_robot/robot/install/stage_ros2:/home/kaisar/warehouse_robot/robot/install/stage:/home/kaisar/warehouse_robot/robot/install/nav2:/opt/ros/jazzy/opt/gz_sim_vendor:/opt/ros/jazzy/opt/gz_sensors_vendor:/opt/ros/jazzy/opt/gz_physics_vendor:/opt/ros/jazzy/opt/sdformat_vendor:/opt/ros/jazzy/opt/gz_gui_vendor:/opt/ros/jazzy/opt/gz_transport_vendor:/opt/ros/jazzy/opt/gz_rendering_vendor:/opt/ros/jazzy/opt/gz_plugin_vendor:/opt/ros/jazzy/opt/gz_fuel_tools_vendor:/opt/ros/jazzy/opt/gz_msgs_vendor:/opt/ros/jazzy/opt/gz_common_vendor:/opt/ros/jazzy/opt/gz_math_vendor:/opt/ros/jazzy/opt/gz_utils_vendor:/opt/ros/jazzy/opt/gz_tools_vendor:/opt/ros/jazzy/opt/gz_ogre_next_vendor:/opt/ros/jazzy/opt/gz_dartsim_vendor:/opt/ros/jazzy/opt/gz_cmake_vendor DEBUGINFOD_URLS=https://debuginfod.ubuntu.com LD_LIBRARY_PATH=/home/kaisar/warehouse_robot/robot/install/robot_msgs/lib:/home/kaisar/warehouse_robot/install/stage_ros2/lib:/home/kaisar/warehouse_robot/install/stage/lib:/home/kaisar/warehouse_robot/install/robot_msgs/lib:/home/kaisar/warehouse_robot/robot/install/stage_ros2/lib:/home/kaisar/warehouse_robot/robot/install/stage/lib:/opt/ros/jazzy/opt/gz_sim_vendor/lib:/opt/ros/jazzy/opt/gz_sensors_vendor/lib:/opt/ros/jazzy/opt/gz_physics_vendor/lib:/opt/ros/jazzy/opt/sdformat_vendor/lib:/opt/ros/jazzy/opt/rviz_ogre_vendor/lib:/opt/ros/jazzy/lib/x86_64-linux-gnu:/opt/ros/jazzy/opt/gz_gui_vendor/lib:/opt/ros/jazzy/opt/gz_transport_vendor/lib:/opt/ros/jazzy/opt/gz_rendering_vendor/lib:/opt/ros/jazzy/opt/gz_plugin_vendor/lib:/opt/ros/jazzy/opt/gz_fuel_tools_vendor/lib:/opt/ros/jazzy/opt/gz_msgs_vendor/lib:/opt/ros/jazzy/opt/gz_common_vendor/lib:/opt/ros/jazzy/opt/gz_math_vendor/lib:/opt/ros/jazzy/opt/gz_utils_vendor/lib:/opt/ros/jazzy/opt/gz_tools_vendor/lib:/opt/ros/jazzy/opt/gz_ogre_next_vendor/lib:/opt/ros/jazzy/opt/gz_dartsim_vendor/lib:/opt/ros/jazzy/opt/gz_cmake_vendor/lib:/opt/ros/jazzy/lib PYTHONPATH=/home/kaisar/warehouse_robot/robot/build/robot_planner/prefix_override:/usr/lib/python3/dist-packages/colcon_core/task/python/colcon_distutils_commands:/home/kaisar/warehouse_robot/robot/install/robot_planner/lib/python3.12/site-packages:/home/kaisar/warehouse_robot/robot/install/robot_msgs/lib/python3.12/site-packages:/home/kaisar/warehouse_robot/install/robot_msgs/lib/python3.12/site-packages:/opt/ros/jazzy/lib/python/site-packages:/opt/ros/jazzy/lib/python3.12/site-packages /usr/bin/python3 -W ignore:setup.py install is deprecated -W ignore:easy_install command is deprecated setup.py develop --editable --build-directory /home/kaisar/warehouse_robot/robot/build/robot_planner/build --no-deps symlink_data
[16.715s] Level 1:colcon.colcon_core.shell:create_environment_hook('robot_planner', 'pythonpath_develop')
[16.716s] INFO:colcon.colcon_core.shell:Creating environment hook '/home/kaisar/warehouse_robot/robot/build/robot_planner/share/robot_planner/hook/pythonpath_develop.ps1'
[16.716s] DEBUG:colcon.colcon_core.event_handler.log_command:Invoked command in '/home/kaisar/warehouse_robot/robot/build/robot_planner' returned '0': CMAKE_PREFIX_PATH=/home/kaisar/warehouse_robot/robot/install/robot_msgs:/home/kaisar/warehouse_robot/install/trp1_description:/home/kaisar/warehouse_robot/install/stage_ros2:/home/kaisar/warehouse_robot/install/stage:/home/kaisar/warehouse_robot/install/robot_msgs:/home/kaisar/warehouse_robot/install/nav2:/home/kaisar/warehouse_robot/robot/install/trp1_description:/home/kaisar/warehouse_robot/robot/install/stage_ros2:/home/kaisar/warehouse_robot/robot/install/stage:/home/kaisar/warehouse_robot/robot/install/nav2:/opt/ros/jazzy/opt/gz_sim_vendor:/opt/ros/jazzy/opt/gz_sensors_vendor:/opt/ros/jazzy/opt/gz_physics_vendor:/opt/ros/jazzy/opt/sdformat_vendor:/opt/ros/jazzy/opt/gz_gui_vendor:/opt/ros/jazzy/opt/gz_transport_vendor:/opt/ros/jazzy/opt/gz_rendering_vendor:/opt/ros/jazzy/opt/gz_plugin_vendor:/opt/ros/jazzy/opt/gz_fuel_tools_vendor:/opt/ros/jazzy/opt/gz_msgs_vendor:/opt/ros/jazzy/opt/gz_common_vendor:/opt/ros/jazzy/opt/gz_math_vendor:/opt/ros/jazzy/opt/gz_utils_vendor:/opt/ros/jazzy/opt/gz_tools_vendor:/opt/ros/jazzy/opt/gz_ogre_next_vendor:/opt/ros/jazzy/opt/gz_dartsim_vendor:/opt/ros/jazzy/opt/gz_cmake_vendor DEBUGINFOD_URLS=https://debuginfod.ubuntu.com LD_LIBRARY_PATH=/home/kaisar/warehouse_robot/robot/install/robot_msgs/lib:/home/kaisar/warehouse_robot/install/stage_ros2/lib:/home/kaisar/warehouse_robot/install/stage/lib:/home/kaisar/warehouse_robot/install/robot_msgs/lib:/home/kaisar/warehouse_robot/robot/install/stage_ros2/lib:/home/kaisar/warehouse_robot/robot/install/stage/lib:/opt/ros/jazzy/opt/gz_sim_vendor/lib:/opt/ros/jazzy/opt/gz_sensors_vendor/lib:/opt/ros/jazzy/opt/gz_physics_vendor/lib:/opt/ros/jazzy/opt/sdformat_vendor/lib:/opt/ros/jazzy/opt/rviz_ogre_vendor/lib:/opt/ros/jazzy/lib/x86_64-linux-gnu:/opt/ros/jazzy/opt/gz_gui_vendor/lib:/opt/ros/jazzy/opt/gz_transport_vendor/lib:/opt/ros/jazzy/opt/gz_rendering_vendor/lib:/opt/ros/jazzy/opt/gz_plugin_vendor/lib:/opt/ros/jazzy/opt/gz_fuel_tools_vendor/lib:/opt/ros/jazzy/opt/gz_msgs_vendor/lib:/opt/ros/jazzy/opt/gz_common_vendor/lib:/opt/ros/jazzy/opt/gz_math_vendor/lib:/opt/ros/jazzy/opt/gz_utils_vendor/lib:/opt/ros/jazzy/opt/gz_tools_vendor/lib:/opt/ros/jazzy/opt/gz_ogre_next_vendor/lib:/opt/ros/jazzy/opt/gz_dartsim_vendor/lib:/opt/ros/jazzy/opt/gz_cmake_vendor/lib:/opt/ros/jazzy/lib PYTHONPATH=/home/kaisar/warehouse_robot/robot/build/robot_planner/prefix_override:/usr/lib/python3/dist-packages/colcon_core/task/python/colcon_distutils_commands:/home/kaisar/warehouse_robot/robot/install/robot_planner/lib/python3.12/site-packages:/home/kaisar/warehouse_robot/robot/install/robot_msgs/lib/python3.12/site-packages:/home/kaisar/warehouse_robot/install/robot_msgs/lib/python3.12/site-packages:/opt/ros/jazzy/lib/python/site-packages:/opt/ros/jazzy/lib/python3.12/site-packages /usr/bin/python3 -W ignore:setup.py install is deprecated -W ignore:easy_install command is deprecated setup.py develop --editable --build-directory /home/kaisar/warehouse_robot/robot/build/robot_planner/build --no-deps symlink_data
[16.717s] INFO:colcon.colcon_core.shell:Creating environment descriptor '/home/kaisar/warehouse_robot/robot/build/robot_planner/share/robot_planner/hook/pythonpath_develop.dsv'
[16.718s] INFO:colcon.colcon_core.shell:Creating environment hook '/home/kaisar/warehouse_robot/robot/build/robot_planner/share/robot_planner/hook/pythonpath_develop.sh'
[16.718s] Level 1:colcon.colcon_core.environment:checking '/home/kaisar/warehouse_robot/robot/install/robot_planner' for CMake module files
[16.719s] Level 1:colcon.colcon_core.environment:checking '/home/kaisar/warehouse_robot/robot/install/robot_planner' for CMake config files
[16.719s] Level 1:colcon.colcon_core.environment:checking '/home/kaisar/warehouse_robot/robot/install/robot_planner/lib'
[16.719s] Level 1:colcon.colcon_core.environment:checking '/home/kaisar/warehouse_robot/robot/install/robot_planner/bin'
[16.719s] Level 1:colcon.colcon_core.environment:checking '/home/kaisar/warehouse_robot/robot/install/robot_planner/lib/pkgconfig/robot_planner.pc'
[16.720s] Level 1:colcon.colcon_core.environment:checking '/home/kaisar/warehouse_robot/robot/install/robot_planner/lib/python3.12/site-packages'
[16.720s] Level 1:colcon.colcon_core.shell:create_environment_hook('robot_planner', 'pythonpath')
[16.720s] INFO:colcon.colcon_core.shell:Creating environment hook '/home/kaisar/warehouse_robot/robot/install/robot_planner/share/robot_planner/hook/pythonpath.ps1'
[16.721s] INFO:colcon.colcon_core.shell:Creating environment descriptor '/home/kaisar/warehouse_robot/robot/install/robot_planner/share/robot_planner/hook/pythonpath.dsv'
[16.722s] INFO:colcon.colcon_core.shell:Creating environment hook '/home/kaisar/warehouse_robot/robot/install/robot_planner/share/robot_planner/hook/pythonpath.sh'
[16.723s] Level 1:colcon.colcon_core.environment:checking '/home/kaisar/warehouse_robot/robot/install/robot_planner/bin'
[16.723s] Level 1:colcon.colcon_core.environment:create_environment_scripts_only(robot_planner)
[16.723s] INFO:colcon.colcon_core.shell:Creating package script '/home/kaisar/warehouse_robot/robot/install/robot_planner/share/robot_planner/package.ps1'
[16.724s] INFO:colcon.colcon_core.shell:Creating package descriptor '/home/kaisar/warehouse_robot/robot/install/robot_planner/share/robot_planner/package.dsv'
[16.725s] INFO:colcon.colcon_core.shell:Creating package script '/home/kaisar/warehouse_robot/robot/install/robot_planner/share/robot_planner/package.sh'
[16.725s] INFO:colcon.colcon_core.shell:Creating package script '/home/kaisar/warehouse_robot/robot/install/robot_planner/share/robot_planner/package.bash'
[16.726s] INFO:colcon.colcon_core.shell:Creating package script '/home/kaisar/warehouse_robot/robot/install/robot_planner/share/robot_planner/package.zsh'
[16.726s] Level 1:colcon.colcon_core.environment:create_file_with_runtime_dependencies(/home/kaisar/warehouse_robot/robot/install/robot_planner/share/colcon-core/packages/robot_planner)
[16.727s] INFO:colcon.colcon_ros.task.ament_python.build:Building ROS package in '/home/kaisar/warehouse_robot/robot/ws/src/robot_http_api' with build type 'ament_python'
[16.727s] Level 1:colcon.colcon_core.shell:create_environment_hook('robot_http_api', 'ament_prefix_path')
[16.727s] INFO:colcon.colcon_core.shell:Creating environment hook '/home/kaisar/warehouse_robot/robot/install/robot_http_api/share/robot_http_api/hook/ament_prefix_path.ps1'
[16.728s] INFO:colcon.colcon_core.shell:Creating environment descriptor '/home/kaisar/warehouse_robot/robot/install/robot_http_api/share/robot_http_api/hook/ament_prefix_path.dsv'
[16.729s] INFO:colcon.colcon_core.shell:Creating environment hook '/home/kaisar/warehouse_robot/robot/install/robot_http_api/share/robot_http_api/hook/ament_prefix_path.sh'
[16.730s] INFO:colcon.colcon_core.shell:Skip shell extension 'powershell' for command environment: Not usable outside of PowerShell
[16.730s] DEBUG:colcon.colcon_core.shell:Skip shell extension 'dsv' for command environment
[17.137s] INFO:colcon.colcon_core.task.python.build:Building Python package in '/home/kaisar/warehouse_robot/robot/ws/src/robot_http_api'
[17.137s] INFO:colcon.colcon_core.shell:Skip shell extension 'powershell' for command environment: Not usable outside of PowerShell
[17.137s] DEBUG:colcon.colcon_core.shell:Skip shell extension 'dsv' for command environment
[18.129s] DEBUG:colcon.colcon_core.event_handler.log_command:Invoking command in '/home/kaisar/warehouse_robot/robot/build/robot_http_api': AMENT_PREFIX_PATH=/home/kaisar/warehouse_robot/robot/install/robot_planner:${AMENT_PREFIX_PATH} CMAKE_PREFIX_PATH=/home/kaisar/warehouse_robot/robot/install/robot_msgs:/home/kaisar/warehouse_robot/install/trp1_description:/home/kaisar/warehouse_robot/install/stage_ros2:/home/kaisar/warehouse_robot/install/stage:/home/kaisar/warehouse_robot/install/robot_msgs:/home/kaisar/warehouse_robot/install/nav2:/home/kaisar/warehouse_robot/robot/install/trp1_description:/home/kaisar/warehouse_robot/robot/install/stage_ros2:/home/kaisar/warehouse_robot/robot/install/stage:/home/kaisar/warehouse_robot/robot/install/nav2:/opt/ros/jazzy/opt/gz_sim_vendor:/opt/ros/jazzy/opt/gz_sensors_vendor:/opt/ros/jazzy/opt/gz_physics_vendor:/opt/ros/jazzy/opt/sdformat_vendor:/opt/ros/jazzy/opt/gz_gui_vendor:/opt/ros/jazzy/opt/gz_transport_vendor:/opt/ros/jazzy/opt/gz_rendering_vendor:/opt/ros/jazzy/opt/gz_plugin_vendor:/opt/ros/jazzy/opt/gz_fuel_tools_vendor:/opt/ros/jazzy/opt/gz_msgs_vendor:/opt/ros/jazzy/opt/gz_common_vendor:/opt/ros/jazzy/opt/gz_math_vendor:/opt/ros/jazzy/opt/gz_utils_vendor:/opt/ros/jazzy/opt/gz_tools_vendor:/opt/ros/jazzy/opt/gz_ogre_next_vendor:/opt/ros/jazzy/opt/gz_dartsim_vendor:/opt/ros/jazzy/opt/gz_cmake_vendor DEBUGINFOD_URLS=https://debuginfod.ubuntu.com LD_LIBRARY_PATH=/home/kaisar/warehouse_robot/robot/install/robot_msgs/lib:/home/kaisar/warehouse_robot/install/stage_ros2/lib:/home/kaisar/warehouse_robot/install/stage/lib:/home/kaisar/warehouse_robot/install/robot_msgs/lib:/home/kaisar/warehouse_robot/robot/install/stage_ros2/lib:/home/kaisar/warehouse_robot/robot/install/stage/lib:/opt/ros/jazzy/opt/gz_sim_vendor/lib:/opt/ros/jazzy/opt/gz_sensors_vendor/lib:/opt/ros/jazzy/opt/gz_physics_vendor/lib:/opt/ros/jazzy/opt/sdformat_vendor/lib:/opt/ros/jazzy/opt/rviz_ogre_vendor/lib:/opt/ros/jazzy/lib/x86_64-linux-gnu:/opt/ros/jazzy/opt/gz_gui_vendor/lib:/opt/ros/jazzy/opt/gz_transport_vendor/lib:/opt/ros/jazzy/opt/gz_rendering_vendor/lib:/opt/ros/jazzy/opt/gz_plugin_vendor/lib:/opt/ros/jazzy/opt/gz_fuel_tools_vendor/lib:/opt/ros/jazzy/opt/gz_msgs_vendor/lib:/opt/ros/jazzy/opt/gz_common_vendor/lib:/opt/ros/jazzy/opt/gz_math_vendor/lib:/opt/ros/jazzy/opt/gz_utils_vendor/lib:/opt/ros/jazzy/opt/gz_tools_vendor/lib:/opt/ros/jazzy/opt/gz_ogre_next_vendor/lib:/opt/ros/jazzy/opt/gz_dartsim_vendor/lib:/opt/ros/jazzy/opt/gz_cmake_vendor/lib:/opt/ros/jazzy/lib PYTHONPATH=/home/kaisar/warehouse_robot/robot/build/robot_http_api/prefix_override:/usr/lib/python3/dist-packages/colcon_core/task/python/colcon_distutils_commands:/home/kaisar/warehouse_robot/robot/install/robot_http_api/lib/python3.12/site-packages:/home/kaisar/warehouse_robot/robot/build/robot_planner:/home/kaisar/warehouse_robot/robot/install/robot_planner/lib/python3.12/site-packages:/home/kaisar/warehouse_robot/robot/install/robot_msgs/lib/python3.12/site-packages:/home/kaisar/warehouse_robot/install/robot_msgs/lib/python3.12/site-packages:/opt/ros/jazzy/lib/python/site-packages:/opt/ros/jazzy/lib/python3.12/site-packages /usr/bin/python3 -W ignore:setup.py install is deprecated -W ignore:easy_install command is deprecated setup.py develop --editable --build-directory /home/kaisar/warehouse_robot/robot/build/robot_http_api/build --no-deps symlink_data
[19.653s] Level 1:colcon.colcon_core.shell:create_environment_hook('robot_http_api', 'pythonpath_develop')
[19.653s] INFO:colcon.colcon_core.shell:Creating environment hook '/home/kaisar/warehouse_robot/robot/build/robot_http_api/share/robot_http_api/hook/pythonpath_develop.ps1'
[19.654s] DEBUG:colcon.colcon_core.event_handler.log_command:Invoked command in '/home/kaisar/warehouse_robot/robot/build/robot_http_api' returned '0': AMENT_PREFIX_PATH=/home/kaisar/warehouse_robot/robot/install/robot_planner:${AMENT_PREFIX_PATH} CMAKE_PREFIX_PATH=/home/kaisar/warehouse_robot/robot/install/robot_msgs:/home/kaisar/warehouse_robot/install/trp1_description:/home/kaisar/warehouse_robot/install/stage_ros2:/home/kaisar/warehouse_robot/install/stage:/home/kaisar/warehouse_robot/install/robot_msgs:/home/kaisar/warehouse_robot/install/nav2:/home/kaisar/warehouse_robot/robot/install/trp1_description:/home/kaisar/warehouse_robot/robot/install/stage_ros2:/home/kaisar/warehouse_robot/robot/install/stage:/home/kaisar/warehouse_robot/robot/install/nav2:/opt/ros/jazzy/opt/gz_sim_vendor:/opt/ros/jazzy/opt/gz_sensors_vendor:/opt/ros/jazzy/opt/gz_physics_vendor:/opt/ros/jazzy/opt/sdformat_vendor:/opt/ros/jazzy/opt/gz_gui_vendor:/opt/ros/jazzy/opt/gz_transport_vendor:/opt/ros/jazzy/opt/gz_rendering_vendor:/opt/ros/jazzy/opt/gz_plugin_vendor:/opt/ros/jazzy/opt/gz_fuel_tools_vendor:/opt/ros/jazzy/opt/gz_msgs_vendor:/opt/ros/jazzy/opt/gz_common_vendor:/opt/ros/jazzy/opt/gz_math_vendor:/opt/ros/jazzy/opt/gz_utils_vendor:/opt/ros/jazzy/opt/gz_tools_vendor:/opt/ros/jazzy/opt/gz_ogre_next_vendor:/opt/ros/jazzy/opt/gz_dartsim_vendor:/opt/ros/jazzy/opt/gz_cmake_vendor DEBUGINFOD_URLS=https://debuginfod.ubuntu.com LD_LIBRARY_PATH=/home/kaisar/warehouse_robot/robot/install/robot_msgs/lib:/home/kaisar/warehouse_robot/install/stage_ros2/lib:/home/kaisar/warehouse_robot/install/stage/lib:/home/kaisar/warehouse_robot/install/robot_msgs/lib:/home/kaisar/warehouse_robot/robot/install/stage_ros2/lib:/home/kaisar/warehouse_robot/robot/install/stage/lib:/opt/ros/jazzy/opt/gz_sim_vendor/lib:/opt/ros/jazzy/opt/gz_sensors_vendor/lib:/opt/ros/jazzy/opt/gz_physics_vendor/lib:/opt/ros/jazzy/opt/sdformat_vendor/lib:/opt/ros/jazzy/opt/rviz_ogre_vendor/lib:/opt/ros/jazzy/lib/x86_64-linux-gnu:/opt/ros/jazzy/opt/gz_gui_vendor/lib:/opt/ros/jazzy/opt/gz_transport_vendor/lib:/opt/ros/jazzy/opt/gz_rendering_vendor/lib:/opt/ros/jazzy/opt/gz_plugin_vendor/lib:/opt/ros/jazzy/opt/gz_fuel_tools_vendor/lib:/opt/ros/jazzy/opt/gz_msgs_vendor/lib:/opt/ros/jazzy/opt/gz_common_vendor/lib:/opt/ros/jazzy/opt/gz_math_vendor/lib:/opt/ros/jazzy/opt/gz_utils_vendor/lib:/opt/ros/jazzy/opt/gz_tools_vendor/lib:/opt/ros/jazzy/opt/gz_ogre_next_vendor/lib:/opt/ros/jazzy/opt/gz_dartsim_vendor/lib:/opt/ros/jazzy/opt/gz_cmake_vendor/lib:/opt/ros/jazzy/lib PYTHONPATH=/home/kaisar/warehouse_robot/robot/build/robot_http_api/prefix_override:/usr/lib/python3/dist-packages/colcon_core/task/python/colcon_distutils_commands:/home/kaisar/warehouse_robot/robot/install/robot_http_api/lib/python3.12/site-packages:/home/kaisar/warehouse_robot/robot/build/robot_planner:/home/kaisar/warehouse_robot/robot/install/robot_planner/lib/python3.12/site-packages:/home/kaisar/warehouse_robot/robot/install/robot_msgs/lib/python3.12/site-packages:/home/kaisar/warehouse_robot/install/robot_msgs/lib/python3.12/site-packages:/opt/ros/jazzy/lib/python/site-packages:/opt/ros/jazzy/lib/python3.12/site-packages /usr/bin/python3 -W ignore:setup.py install is deprecated -W ignore:easy_install command is deprecated setup.py develop --editable --build-directory /home/kaisar/warehouse_robot/robot/build/robot_http_api/build --no-deps symlink_data
[19.654s] INFO:colcon.colcon_core.shell:Creating environment descriptor '/home/kaisar/warehouse_robot/robot/build/robot_http_api/share/robot_http_api/hook/pythonpath_develop.dsv'
[19.655s] INFO:colcon.colcon_core.shell:Creating environment hook '/home/kaisar/warehouse_robot/robot/build/robot_http_api/share/robot_http_api/hook/pythonpath_develop.sh'
[19.655s] Level 1:colcon.colcon_core.environment:checking '/home/kaisar/warehouse_robot/robot/install/robot_http_api' for CMake module files
[19.655s] Level 1:colcon.colcon_core.environment:checking '/home/kaisar/warehouse_robot/robot/install/robot_http_api' for CMake config files
[19.656s] Level 1:colcon.colcon_core.environment:checking '/home/kaisar/warehouse_robot/robot/install/robot_http_api/lib'
[19.656s] Level 1:colcon.colcon_core.environment:checking '/home/kaisar/warehouse_robot/robot/install/robot_http_api/bin'
[19.656s] Level 1:colcon.colcon_core.environment:checking '/home/kaisar/warehouse_robot/robot/install/robot_http_api/lib/pkgconfig/robot_http_api.pc'
[19.656s] Level 1:colcon.colcon_core.environment:checking '/home/kaisar/warehouse_robot/robot/install/robot_http_api/lib/python3.12/site-packages'
[19.656s] Level 1:colcon.colcon_core.shell:create_environment_hook('robot_http_api', 'pythonpath')
[19.657s] INFO:colcon.colcon_core.shell:Creating environment hook '/home/kaisar/warehouse_robot/robot/install/robot_http_api/share/robot_http_api/hook/pythonpath.ps1'
[19.657s] INFO:colcon.colcon_core.shell:Creating environment descriptor '/home/kaisar/warehouse_robot/robot/install/robot_http_api/share/robot_http_api/hook/pythonpath.dsv'
[19.657s] INFO:colcon.colcon_core.shell:Creating environment hook '/home/kaisar/warehouse_robot/robot/install/robot_http_api/share/robot_http_api/hook/pythonpath.sh'
[19.658s] Level 1:colcon.colcon_core.environment:checking '/home/kaisar/warehouse_robot/robot/install/robot_http_api/bin'
[19.658s] Level 1:colcon.colcon_core.environment:create_environment_scripts_only(robot_http_api)
[19.658s] INFO:colcon.colcon_core.shell:Creating package script '/home/kaisar/warehouse_robot/robot/install/robot_http_api/share/robot_http_api/package.ps1'
[19.659s] INFO:colcon.colcon_core.shell:Creating package descriptor '/home/kaisar/warehouse_robot/robot/install/robot_http_api/share/robot_http_api/package.dsv'
[19.659s] INFO:colcon.colcon_core.shell:Creating package script '/home/kaisar/warehouse_robot/robot/install/robot_http_api/share/robot_http_api/package.sh'
[19.660s] INFO:colcon.colcon_core.shell:Creating package script '/home/kaisar/warehouse_robot/robot/install/robot_http_api/share/robot_http_api/package.bash'
[19.660s] INFO:colcon.colcon_core.shell:Creating package script '/home/kaisar/warehouse_robot/robot/install/robot_http_api/share/robot_http_api/package.zsh'
[19.660s] Level 1:colcon.colcon_core.environment:create_file_with_runtime_dependencies(/home/kaisar/warehouse_robot/robot/install/robot_http_api/share/colcon-core/packages/robot_http_api)
[37.069s] DEBUG:colcon.colcon_core.event_handler.log_command:Invoked command in '/home/kaisar/warehouse_robot/robot/build/stage_ros2' returned '0': CMAKE_PREFIX_PATH=/opt/ros/jazzy:/home/kaisar/warehouse_robot/robot/install/stage:/home/kaisar/warehouse_robot/install/trp1_description:/home/kaisar/warehouse_robot/install/stage_ros2:/home/kaisar/warehouse_robot/install/stage:/home/kaisar/warehouse_robot/install/robot_msgs:/home/kaisar/warehouse_robot/install/nav2:/home/kaisar/warehouse_robot/robot/install/trp1_description:/home/kaisar/warehouse_robot/robot/install/stage_ros2:/home/kaisar/warehouse_robot/robot/install/robot_msgs:/home/kaisar/warehouse_robot/robot/install/nav2:/opt/ros/jazzy/opt/gz_sim_vendor:/opt/ros/jazzy/opt/gz_sensors_vendor:/opt/ros/jazzy/opt/gz_physics_vendor:/opt/ros/jazzy/opt/sdformat_vendor:/opt/ros/jazzy/opt/gz_gui_vendor:/opt/ros/jazzy/opt/gz_transport_vendor:/opt/ros/jazzy/opt/gz_rendering_vendor:/opt/ros/jazzy/opt/gz_plugin_vendor:/opt/ros/jazzy/opt/gz_fuel_tools_vendor:/opt/ros/jazzy/opt/gz_msgs_vendor:/opt/ros/jazzy/opt/gz_common_vendor:/opt/ros/jazzy/opt/gz_math_vendor:/opt/ros/jazzy/opt/gz_utils_vendor:/opt/ros/jazzy/opt/gz_tools_vendor:/opt/ros/jazzy/opt/gz_ogre_next_vendor:/opt/ros/jazzy/opt/gz_dartsim_vendor:/opt/ros/jazzy/opt/gz_cmake_vendor DEBUGINFOD_URLS=https://debuginfod.ubuntu.com LD_LIBRARY_PATH=/home/kaisar/warehouse_robot/robot/install/stage/lib:/home/kaisar/warehouse_robot/install/stage_ros2/lib:/home/kaisar/warehouse_robot/install/stage/lib:/home/kaisar/warehouse_robot/install/robot_msgs/lib:/home/kaisar/warehouse_robot/robot/install/stage_ros2/lib:/home/kaisar/warehouse_robot/robot/install/robot_msgs/lib:/opt/ros/jazzy/opt/gz_sim_vendor/lib:/opt/ros/jazzy/opt/gz_sensors_vendor/lib:/opt/ros/jazzy/opt/gz_physics_vendor/lib:/opt/ros/jazzy/opt/sdformat_vendor/lib:/opt/ros/jazzy/opt/rviz_ogre_vendor/lib:/opt/ros/jazzy/lib/x86_64-linux-gnu:/opt/ros/jazzy/opt/gz_gui_vendor/lib:/opt/ros/jazzy/opt/gz_transport_vendor/lib:/opt/ros/jazzy/opt/gz_rendering_vendor/lib:/opt/ros/jazzy/opt/gz_plugin_vendor/lib:/opt/ros/jazzy/opt/gz_fuel_tools_vendor/lib:/opt/ros/jazzy/opt/gz_msgs_vendor/lib:/opt/ros/jazzy/opt/gz_common_vendor/lib:/opt/ros/jazzy/opt/gz_math_vendor/lib:/opt/ros/jazzy/opt/gz_utils_vendor/lib:/opt/ros/jazzy/opt/gz_tools_vendor/lib:/opt/ros/jazzy/opt/gz_ogre_next_vendor/lib:/opt/ros/jazzy/opt/gz_dartsim_vendor/lib:/opt/ros/jazzy/opt/gz_cmake_vendor/lib:/opt/ros/jazzy/lib PATH=/home/kaisar/warehouse_robot/robot/install/stage/bin:/home/kaisar/warehouse_robot/install/stage/bin:/opt/ros/jazzy/opt/gz_msgs_vendor/bin:/opt/ros/jazzy/opt/gz_tools_vendor/bin:/opt/ros/jazzy/opt/gz_ogre_next_vendor/bin:/opt/ros/jazzy/bin:/usr/local/sbin:/usr/local/bin:/usr/sbin:/usr/bin:/sbin:/bin:/usr/games:/usr/local/games:/snap/bin:/snap/bin PKG_CONFIG_PATH=/home/kaisar/warehouse_robot/robot/install/stage/lib/x86_64-linux-gnu/pkgconfig:/home/kaisar/warehouse_robot/robot/install/stage/lib/pkgconfig:/home/kaisar/warehouse_robot/install/stage/lib/x86_64-linux-gnu/pkgconfig:/home/kaisar/warehouse_robot/install/stage/lib/pkgconfig ROS_PACKAGE_PATH=/home/kaisar/warehouse_robot/robot/install/stage/share:/home/kaisar/warehouse_robot/install/stage/share /usr/bin/cmake --build /home/kaisar/warehouse_robot/robot/build/stage_ros2 -- -j12 -l12
[37.070s] DEBUG:colcon.colcon_core.event_handler.log_command:Invoking command in '/home/kaisar/warehouse_robot/robot/build/stage_ros2': CMAKE_PREFIX_PATH=/opt/ros/jazzy:/home/kaisar/warehouse_robot/robot/install/stage:/home/kaisar/warehouse_robot/install/trp1_description:/home/kaisar/warehouse_robot/install/stage_ros2:/home/kaisar/warehouse_robot/install/stage:/home/kaisar/warehouse_robot/install/robot_msgs:/home/kaisar/warehouse_robot/install/nav2:/home/kaisar/warehouse_robot/robot/install/trp1_description:/home/kaisar/warehouse_robot/robot/install/stage_ros2:/home/kaisar/warehouse_robot/robot/install/robot_msgs:/home/kaisar/warehouse_robot/robot/install/nav2:/opt/ros/jazzy/opt/gz_sim_vendor:/opt/ros/jazzy/opt/gz_sensors_vendor:/opt/ros/jazzy/opt/gz_physics_vendor:/opt/ros/jazzy/opt/sdformat_vendor:/opt/ros/jazzy/opt/gz_gui_vendor:/opt/ros/jazzy/opt/gz_transport_vendor:/opt/ros/jazzy/opt/gz_rendering_vendor:/opt/ros/jazzy/opt/gz_plugin_vendor:/opt/ros/jazzy/opt/gz_fuel_tools_vendor:/opt/ros/jazzy/opt/gz_msgs_vendor:/opt/ros/jazzy/opt/gz_common_vendor:/opt/ros/jazzy/opt/gz_math_vendor:/opt/ros/jazzy/opt/gz_utils_vendor:/opt/ros/jazzy/opt/gz_tools_vendor:/opt/ros/jazzy/opt/gz_ogre_next_vendor:/opt/ros/jazzy/opt/gz_dartsim_vendor:/opt/ros/jazzy/opt/gz_cmake_vendor DEBUGINFOD_URLS=https://debuginfod.ubuntu.com LD_LIBRARY_PATH=/home/kaisar/warehouse_robot/robot/install/stage/lib:/home/kaisar/warehouse_robot/install/stage_ros2/lib:/home/kaisar/warehouse_robot/install/stage/lib:/home/kaisar/warehouse_robot/install/robot_msgs/lib:/home/kaisar/warehouse_robot/robot/install/stage_ros2/lib:/home/kaisar/warehouse_robot/robot/install/robot_msgs/lib:/opt/ros/jazzy/opt/gz_sim_vendor/lib:/opt/ros/jazzy/opt/gz_sensors_vendor/lib:/opt/ros/jazzy/opt/gz_physics_vendor/lib:/opt/ros/jazzy/opt/sdformat_vendor/lib:/opt/ros/jazzy/opt/rviz_ogre_vendor/lib:/opt/ros/jazzy/lib/x86_64-linux-gnu:/opt/ros/jazzy/opt/gz_gui_vendor/lib:/opt/ros/jazzy/opt/gz_transport_vendor/lib:/opt/ros/jazzy/opt/gz_rendering_vendor/lib:/opt/ros/jazzy/opt/gz_plugin_vendor/lib:/opt/ros/jazzy/opt/gz_fuel_tools_vendor/lib:/opt/ros/jazzy/opt/gz_msgs_vendor/lib:/opt/ros/jazzy/opt/gz_common_vendor/lib:/opt/ros/jazzy/opt/gz_math_vendor/lib:/opt/ros/jazzy/opt/gz_utils_vendor/lib:/opt/ros/jazzy/opt/gz_tools_vendor/lib:/opt/ros/jazzy/opt/gz_ogre_next_vendor/lib:/opt/ros/jazzy/opt/gz_dartsim_vendor/lib:/opt/ros/jazzy/opt/gz_cmake_vendor/lib:/opt/ros/jazzy/lib PATH=/home/kaisar/warehouse_robot/robot/install/stage/bin:/home/kaisar/warehouse_robot/install/stage/bin:/opt/ros/jazzy/opt/gz_msgs_vendor/bin:/opt/ros/jazzy/opt/gz_tools_vendor/bin:/opt/ros/jazzy/opt/gz_ogre_next_vendor/bin:/opt/ros/jazzy/bin:/usr/local/sbin:/usr/local/bin:/usr/sbin:/usr/bin:/sbin:/bin:/usr/games:/usr/local/games:/snap/bin:/snap/bin PKG_CONFIG_PATH=/home/kaisar/warehouse_robot/robot/install/stage/lib/x86_64-linux-gnu/pkgconfig:/home/kaisar/warehouse_robot/robot/install/stage/lib/pkgconfig:/home/kaisar/warehouse_robot/install/stage/lib/x86_64-linux-gnu/pkgconfig:/home/kaisar/warehouse_robot/install/stage/lib/pkgconfig ROS_PACKAGE_PATH=/home/kaisar/warehouse_robot/robot/install/stage/share:/home/kaisar/warehouse_robot/install/stage/share /usr/bin/cmake --install /home/kaisar/warehouse_robot/robot/build/stage_ros2
[37.811s] Level 1:colcon.colcon_core.environment:create_environment_scripts_only(stage_ros2)
[37.811s] Level 1:colcon.colcon_core.environment:checking '/home/kaisar/warehouse_robot/robot/install/stage_ros2' for CMake module files
[37.812s] DEBUG:colcon.colcon_core.event_handler.log_command:Invoked command in '/home/kaisar/warehouse_robot/robot/build/stage_ros2' returned '0': CMAKE_PREFIX_PATH=/opt/ros/jazzy:/home/kaisar/warehouse_robot/robot/install/stage:/home/kaisar/warehouse_robot/install/trp1_description:/home/kaisar/warehouse_robot/install/stage_ros2:/home/kaisar/warehouse_robot/install/stage:/home/kaisar/warehouse_robot/install/robot_msgs:/home/kaisar/warehouse_robot/install/nav2:/home/kaisar/warehouse_robot/robot/install/trp1_description:/home/kaisar/warehouse_robot/robot/install/stage_ros2:/home/kaisar/warehouse_robot/robot/install/robot_msgs:/home/kaisar/warehouse_robot/robot/install/nav2:/opt/ros/jazzy/opt/gz_sim_vendor:/opt/ros/jazzy/opt/gz_sensors_vendor:/opt/ros/jazzy/opt/gz_physics_vendor:/opt/ros/jazzy/opt/sdformat_vendor:/opt/ros/jazzy/opt/gz_gui_vendor:/opt/ros/jazzy/opt/gz_transport_vendor:/opt/ros/jazzy/opt/gz_rendering_vendor:/opt/ros/jazzy/opt/gz_plugin_vendor:/opt/ros/jazzy/opt/gz_fuel_tools_vendor:/opt/ros/jazzy/opt/gz_msgs_vendor:/opt/ros/jazzy/opt/gz_common_vendor:/opt/ros/jazzy/opt/gz_math_vendor:/opt/ros/jazzy/opt/gz_utils_vendor:/opt/ros/jazzy/opt/gz_tools_vendor:/opt/ros/jazzy/opt/gz_ogre_next_vendor:/opt/ros/jazzy/opt/gz_dartsim_vendor:/opt/ros/jazzy/opt/gz_cmake_vendor DEBUGINFOD_URLS=https://debuginfod.ubuntu.com LD_LIBRARY_PATH=/home/kaisar/warehouse_robot/robot/install/stage/lib:/home/kaisar/warehouse_robot/install/stage_ros2/lib:/home/kaisar/warehouse_robot/install/stage/lib:/home/kaisar/warehouse_robot/install/robot_msgs/lib:/home/kaisar/warehouse_robot/robot/install/stage_ros2/lib:/home/kaisar/warehouse_robot/robot/install/robot_msgs/lib:/opt/ros/jazzy/opt/gz_sim_vendor/lib:/opt/ros/jazzy/opt/gz_sensors_vendor/lib:/opt/ros/jazzy/opt/gz_physics_vendor/lib:/opt/ros/jazzy/opt/sdformat_vendor/lib:/opt/ros/jazzy/opt/rviz_ogre_vendor/lib:/opt/ros/jazzy/lib/x86_64-linux-gnu:/opt/ros/jazzy/opt/gz_gui_vendor/lib:/opt/ros/jazzy/opt/gz_transport_vendor/lib:/opt/ros/jazzy/opt/gz_rendering_vendor/lib:/opt/ros/jazzy/opt/gz_plugin_vendor/lib:/opt/ros/jazzy/opt/gz_fuel_tools_vendor/lib:/opt/ros/jazzy/opt/gz_msgs_vendor/lib:/opt/ros/jazzy/opt/gz_common_vendor/lib:/opt/ros/jazzy/opt/gz_math_vendor/lib:/opt/ros/jazzy/opt/gz_utils_vendor/lib:/opt/ros/jazzy/opt/gz_tools_vendor/lib:/opt/ros/jazzy/opt/gz_ogre_next_vendor/lib:/opt/ros/jazzy/opt/gz_dartsim_vendor/lib:/opt/ros/jazzy/opt/gz_cmake_vendor/lib:/opt/ros/jazzy/lib PATH=/home/kaisar/warehouse_robot/robot/install/stage/bin:/home/kaisar/warehouse_robot/install/stage/bin:/opt/ros/jazzy/opt/gz_msgs_vendor/bin:/opt/ros/jazzy/opt/gz_tools_vendor/bin:/opt/ros/jazzy/opt/gz_ogre_next_vendor/bin:/opt/ros/jazzy/bin:/usr/local/sbin:/usr/local/bin:/usr/sbin:/usr/bin:/sbin:/bin:/usr/games:/usr/local/games:/snap/bin:/snap/bin PKG_CONFIG_PATH=/home/kaisar/warehouse_robot/robot/install/stage/lib/x86_64-linux-gnu/pkgconfig:/home/kaisar/warehouse_robot/robot/install/stage/lib/pkgconfig:/home/kaisar/warehouse_robot/install/stage/lib/x86_64-linux-gnu/pkgconfig:/home/kaisar/warehouse_robot/install/stage/lib/pkgconfig ROS_PACKAGE_PATH=/home/kaisar/warehouse_robot/robot/install/stage/share:/home/kaisar/warehouse_robot/install/stage/share /usr/bin/cmake --install /home/kaisar/warehouse_robot/robot/build/stage_ros2
[37.812s] Level 1:colcon.colcon_core.environment:checking '/home/kaisar/warehouse_robot/robot/install/stage_ros2' for CMake config files
[37.813s] Level 1:colcon.colcon_core.shell:create_environment_hook('stage_ros2', 'cmake_prefix_path')
[37.813s] INFO:colcon.colcon_core.shell:Creating environment hook '/home/kaisar/warehouse_robot/robot/install/stage_ros2/share/stage_ros2/hook/cmake_prefix_path.ps1'
[37.814s] INFO:colcon.colcon_core.shell:Creating environment descriptor '/home/kaisar/warehouse_robot/robot/install/stage_ros2/share/stage_ros2/hook/cmake_prefix_path.dsv'
[37.814s] INFO:colcon.colcon_core.shell:Creating environment hook '/home/kaisar/warehouse_robot/robot/install/stage_ros2/share/stage_ros2/hook/cmake_prefix_path.sh'
[37.815s] Level 1:colcon.colcon_core.environment:checking '/home/kaisar/warehouse_robot/robot/install/stage_ros2/lib'
[37.815s] Level 1:colcon.colcon_core.shell:create_environment_hook('stage_ros2', 'ld_library_path_lib')
[37.815s] INFO:colcon.colcon_core.shell:Creating environment hook '/home/kaisar/warehouse_robot/robot/install/stage_ros2/share/stage_ros2/hook/ld_library_path_lib.ps1'
[37.815s] INFO:colcon.colcon_core.shell:Creating environment descriptor '/home/kaisar/warehouse_robot/robot/install/stage_ros2/share/stage_ros2/hook/ld_library_path_lib.dsv'
[37.816s] INFO:colcon.colcon_core.shell:Creating environment hook '/home/kaisar/warehouse_robot/robot/install/stage_ros2/share/stage_ros2/hook/ld_library_path_lib.sh'
[37.816s] Level 1:colcon.colcon_core.environment:checking '/home/kaisar/warehouse_robot/robot/install/stage_ros2/bin'
[37.816s] Level 1:colcon.colcon_core.environment:checking '/home/kaisar/warehouse_robot/robot/install/stage_ros2/lib/pkgconfig/stage_ros2.pc'
[37.816s] Level 1:colcon.colcon_core.environment:checking '/home/kaisar/warehouse_robot/robot/install/stage_ros2/lib/python3.12/site-packages'
[37.816s] Level 1:colcon.colcon_core.environment:checking '/home/kaisar/warehouse_robot/robot/install/stage_ros2/bin'
[37.817s] INFO:colcon.colcon_core.shell:Creating package script '/home/kaisar/warehouse_robot/robot/install/stage_ros2/share/stage_ros2/package.ps1'
[37.817s] INFO:colcon.colcon_core.shell:Creating package descriptor '/home/kaisar/warehouse_robot/robot/install/stage_ros2/share/stage_ros2/package.dsv'
[37.818s] INFO:colcon.colcon_core.shell:Creating package script '/home/kaisar/warehouse_robot/robot/install/stage_ros2/share/stage_ros2/package.sh'
[37.818s] INFO:colcon.colcon_core.shell:Creating package script '/home/kaisar/warehouse_robot/robot/install/stage_ros2/share/stage_ros2/package.bash'
[37.818s] INFO:colcon.colcon_core.shell:Creating package script '/home/kaisar/warehouse_robot/robot/install/stage_ros2/share/stage_ros2/package.zsh'
[37.818s] Level 1:colcon.colcon_core.environment:create_file_with_runtime_dependencies(/home/kaisar/warehouse_robot/robot/install/stage_ros2/share/colcon-core/packages/stage_ros2)
[37.819s] Level 1:colcon.colcon_core.environment:create_environment_scripts_only(stage_ros2)
[37.819s] Level 1:colcon.colcon_core.environment:checking '/home/kaisar/warehouse_robot/robot/install/stage_ros2' for CMake module files
[37.819s] Level 1:colcon.colcon_core.environment:checking '/home/kaisar/warehouse_robot/robot/install/stage_ros2' for CMake config files
[37.820s] Level 1:colcon.colcon_core.shell:create_environment_hook('stage_ros2', 'cmake_prefix_path')
[37.820s] INFO:colcon.colcon_core.shell:Creating environment hook '/home/kaisar/warehouse_robot/robot/install/stage_ros2/share/stage_ros2/hook/cmake_prefix_path.ps1'
[37.820s] INFO:colcon.colcon_core.shell:Creating environment descriptor '/home/kaisar/warehouse_robot/robot/install/stage_ros2/share/stage_ros2/hook/cmake_prefix_path.dsv'
[37.821s] INFO:colcon.colcon_core.shell:Creating environment hook '/home/kaisar/warehouse_robot/robot/install/stage_ros2/share/stage_ros2/hook/cmake_prefix_path.sh'
[37.821s] Level 1:colcon.colcon_core.environment:checking '/home/kaisar/warehouse_robot/robot/install/stage_ros2/lib'
[37.821s] Level 1:colcon.colcon_core.shell:create_environment_hook('stage_ros2', 'ld_library_path_lib')
[37.821s] INFO:colcon.colcon_core.shell:Creating environment hook '/home/kaisar/warehouse_robot/robot/install/stage_ros2/share/stage_ros2/hook/ld_library_path_lib.ps1'
[37.822s] INFO:colcon.colcon_core.shell:Creating environment descriptor '/home/kaisar/warehouse_robot/robot/install/stage_ros2/share/stage_ros2/hook/ld_library_path_lib.dsv'
[37.822s] INFO:colcon.colcon_core.shell:Creating environment hook '/home/kaisar/warehouse_robot/robot/install/stage_ros2/share/stage_ros2/hook/ld_library_path_lib.sh'
[37.822s] Level 1:colcon.colcon_core.environment:checking '/home/kaisar/warehouse_robot/robot/install/stage_ros2/bin'
[37.822s] Level 1:colcon.colcon_core.environment:checking '/home/kaisar/warehouse_robot/robot/install/stage_ros2/lib/pkgconfig/stage_ros2.pc'
[37.822s] Level 1:colcon.colcon_core.environment:checking '/home/kaisar/warehouse_robot/robot/install/stage_ros2/lib/python3.12/site-packages'
[37.823s] Level 1:colcon.colcon_core.environment:checking '/home/kaisar/warehouse_robot/robot/install/stage_ros2/bin'
[37.823s] INFO:colcon.colcon_core.shell:Creating package script '/home/kaisar/warehouse_robot/robot/install/stage_ros2/share/stage_ros2/package.ps1'
[37.823s] INFO:colcon.colcon_core.shell:Creating package descriptor '/home/kaisar/warehouse_robot/robot/install/stage_ros2/share/stage_ros2/package.dsv'
[37.824s] INFO:colcon.colcon_core.shell:Creating package script '/home/kaisar/warehouse_robot/robot/install/stage_ros2/share/stage_ros2/package.sh'
[37.824s] INFO:colcon.colcon_core.shell:Creating package script '/home/kaisar/warehouse_robot/robot/install/stage_ros2/share/stage_ros2/package.bash'
[37.824s] INFO:colcon.colcon_core.shell:Creating package script '/home/kaisar/warehouse_robot/robot/install/stage_ros2/share/stage_ros2/package.zsh'
[37.825s] Level 1:colcon.colcon_core.environment:create_file_with_runtime_dependencies(/home/kaisar/warehouse_robot/robot/install/stage_ros2/share/colcon-core/packages/stage_ros2)
[37.825s] DEBUG:colcon.colcon_parallel_executor.executor.parallel:closing loop
[37.825s] DEBUG:colcon.colcon_parallel_executor.executor.parallel:loop closed
[37.825s] DEBUG:colcon.colcon_parallel_executor.executor.parallel:run_until_complete finished with '0'
[37.825s] DEBUG:colcon.colcon_core.event_reactor:joining thread
[37.831s] INFO:colcon.colcon_core.plugin_system:Skipping extension 'colcon_notification.desktop_notification.terminal_notifier': Not used on non-Darwin systems
[37.831s] INFO:colcon.colcon_core.plugin_system:Skipping extension 'colcon_notification.desktop_notification.win32': Not used on non-Windows systems
[37.831s] INFO:colcon.colcon_notification.desktop_notification:Sending desktop notification using 'notify2'
[37.845s] DEBUG:colcon.colcon_core.event_reactor:joined thread
[37.845s] INFO:colcon.colcon_core.shell:Creating prefix script '/home/kaisar/warehouse_robot/robot/install/local_setup.ps1'
[37.846s] INFO:colcon.colcon_core.shell:Creating prefix util module '/home/kaisar/warehouse_robot/robot/install/_local_setup_util_ps1.py'
[37.847s] INFO:colcon.colcon_core.shell:Creating prefix chain script '/home/kaisar/warehouse_robot/robot/install/setup.ps1'
[37.848s] INFO:colcon.colcon_core.shell:Creating prefix script '/home/kaisar/warehouse_robot/robot/install/local_setup.sh'
[37.849s] INFO:colcon.colcon_core.shell:Creating prefix util module '/home/kaisar/warehouse_robot/robot/install/_local_setup_util_sh.py'
[37.850s] INFO:colcon.colcon_core.shell:Creating prefix chain script '/home/kaisar/warehouse_robot/robot/install/setup.sh'
[37.851s] INFO:colcon.colcon_core.shell:Creating prefix script '/home/kaisar/warehouse_robot/robot/install/local_setup.bash'
[37.852s] INFO:colcon.colcon_core.shell:Creating prefix chain script '/home/kaisar/warehouse_robot/robot/install/setup.bash'
[37.853s] INFO:colcon.colcon_core.shell:Creating prefix script '/home/kaisar/warehouse_robot/robot/install/local_setup.zsh'
[37.854s] INFO:colcon.colcon_core.shell:Creating prefix chain script '/home/kaisar/warehouse_robot/robot/install/setup.zsh'
